dataset,ratio,method,component,nrmse,n_columns
exchange_rate,010,backward,trend,0.012230135281724536,1
exchange_rate,010,backward,seasonal,0.5412155773928864,1
exchange_rate,010,backward,freq,0.08320084388266272,1
exchange_rate,010,forward,trend,0.012041104989724665,1
exchange_rate,010,forward,seasonal,0.530732339291394,1
exchange_rate,010,forward,freq,0.10199175186465223,1
exchange_rate,010,gp_rbf,trend,0.0066559605675283896,1
exchange_rate,010,gp_rbf,seasonal,0.5224399113833925,1
exchange_rate,010,gp_rbf,freq,0.07495044379298589,1
exchange_rate,010,kalman_arima,trend,0.007762981778205269,1
exchange_rate,010,kalman_arima,seasonal,0.5334729582941954,1
exchange_rate,010,kalman_arima,freq,0.07107326407353647,1
exchange_rate,010,kalman_struct,trend,0.010321633322409245,1
exchange_rate,010,kalman_struct,seasonal,0.5334350461155939,1
exchange_rate,010,kalman_struct,freq,0.10672726366088413,1
exchange_rate,010,linear,trend,0.006939193001586913,1
exchange_rate,010,linear,seasonal,0.5356214126665942,1
exchange_rate,010,linear,freq,0.07886081452439057,1
exchange_rate,010,mean,trend,0.042683141657670925,1
exchange_rate,010,mean,seasonal,0.751198459576819,1
exchange_rate,010,mean,freq,0.28449171518933486,1
exchange_rate,010,saits,trend,0.00892133294068569,1
exchange_rate,010,saits,seasonal,0.4097713733243958,1
exchange_rate,010,saits,freq,0.17040765909298106,1
exchange_rate,010,tfclean_gp_rbf_chronos2_realw_full,trend,0.0066559605675283896,1
exchange_rate,010,tfclean_gp_rbf_chronos2_realw_full,seasonal,0.5224399113833925,1
exchange_rate,010,tfclean_gp_rbf_chronos2_realw_full,freq,0.07495044379298589,1
exchange_rate,010,tfclean_gp_rbf_chronos2_realw_full_freqonly,trend,0.05319282473035282,1
exchange_rate,010,tfclean_gp_rbf_chronos2_realw_full_freqonly,seasonal,1.3133568349985072,1
exchange_rate,010,tfclean_gp_rbf_chronos2_realw_full_freqonly,freq,0.47518085514221536,1
exchange_rate,010,tfclean_gp_rbf_chronos2_realw_full_seasonalonly,trend,0.0066559605675283896,1
exchange_rate,010,tfclean_gp_rbf_chronos2_realw_full_seasonalonly,seasonal,0.5224399113833925,1
exchange_rate,010,tfclean_gp_rbf_chronos2_realw_full_seasonalonly,freq,0.07495044379298589,1
exchange_rate,010,tfclean_gp_rbf_chronos2_realw_full_trendonly,trend,0.006368496747570587,1
exchange_rate,010,tfclean_gp_rbf_chronos2_realw_full_trendonly,seasonal,0.5162554356505962,1
exchange_rate,010,tfclean_gp_rbf_chronos2_realw_full_trendonly,freq,0.06840248523940363,1
exchange_rate,010,tfclean_gp_rbf_chronos2_realw_resid,trend,0.0066559605675283896,1
exchange_rate,010,tfclean_gp_rbf_chronos2_realw_resid,seasonal,0.5224399113833925,1
exchange_rate,010,tfclean_gp_rbf_chronos2_realw_resid,freq,0.07495044379298589,1
exchange_rate,010,tfclean_gp_rbf_chronos2_realw_resid_freqonly,trend,0.006667112731404332,1
exchange_rate,010,tfclean_gp_rbf_chronos2_realw_resid_freqonly,seasonal,0.5235938298601485,1
exchange_rate,010,tfclean_gp_rbf_chronos2_realw_resid_freqonly,freq,0.07689679078188788,1
exchange_rate,010,tfclean_gp_rbf_chronos2_realw_resid_seasonalonly,trend,0.0066559605675283896,1
exchange_rate,010,tfclean_gp_rbf_chronos2_realw_resid_seasonalonly,seasonal,0.5224399113833925,1
exchange_rate,010,tfclean_gp_rbf_chronos2_realw_resid_seasonalonly,freq,0.07495044379298589,1
exchange_rate,010,tfclean_gp_rbf_chronos2_realw_resid_trendonly,trend,0.006368496747570587,1
exchange_rate,010,tfclean_gp_rbf_chronos2_realw_resid_trendonly,seasonal,0.5162554356505962,1
exchange_rate,010,tfclean_gp_rbf_chronos2_realw_resid_trendonly,freq,0.06840248523940363,1
exchange_rate,010,tfclean_gp_rbf_kairos50m_realw_full,trend,0.006571498381624273,1
exchange_rate,010,tfclean_gp_rbf_kairos50m_realw_full,seasonal,0.5205727254285752,1
exchange_rate,010,tfclean_gp_rbf_kairos50m_realw_full,freq,0.0792678598001725,1
exchange_rate,010,tfclean_gp_rbf_kairos50m_realw_full_freqonly,trend,0.05319282473035282,1
exchange_rate,010,tfclean_gp_rbf_kairos50m_realw_full_freqonly,seasonal,1.3133568349985072,1
exchange_rate,010,tfclean_gp_rbf_kairos50m_realw_full_freqonly,freq,0.47518085514221536,1
exchange_rate,010,tfclean_gp_rbf_kairos50m_realw_full_seasonalonly,trend,0.0066559605675283896,1
exchange_rate,010,tfclean_gp_rbf_kairos50m_realw_full_seasonalonly,seasonal,0.5224399113833925,1
exchange_rate,010,tfclean_gp_rbf_kairos50m_realw_full_seasonalonly,freq,0.07495044379298589,1
exchange_rate,010,tfclean_gp_rbf_kairos50m_realw_full_trendonly,trend,0.006368496747570587,1
exchange_rate,010,tfclean_gp_rbf_kairos50m_realw_full_trendonly,seasonal,0.5162554356505962,1
exchange_rate,010,tfclean_gp_rbf_kairos50m_realw_full_trendonly,freq,0.06840248523940363,1
exchange_rate,010,tfclean_gp_rbf_kairos50m_realw_resid,trend,0.006544455865962764,1
exchange_rate,010,tfclean_gp_rbf_kairos50m_realw_resid,seasonal,0.5193935326877085,1
exchange_rate,010,tfclean_gp_rbf_kairos50m_realw_resid,freq,0.07830778109601239,1
exchange_rate,010,tfclean_gp_rbf_kairos50m_realw_resid_freqonly,trend,0.006667112731404332,1
exchange_rate,010,tfclean_gp_rbf_kairos50m_realw_resid_freqonly,seasonal,0.5235938298601485,1
exchange_rate,010,tfclean_gp_rbf_kairos50m_realw_resid_freqonly,freq,0.07689679078188788,1
exchange_rate,010,tfclean_gp_rbf_kairos50m_realw_resid_seasonalonly,trend,0.0066559605675283896,1
exchange_rate,010,tfclean_gp_rbf_kairos50m_realw_resid_seasonalonly,seasonal,0.5224399113833925,1
exchange_rate,010,tfclean_gp_rbf_kairos50m_realw_resid_seasonalonly,freq,0.07495044379298589,1
exchange_rate,010,tfclean_gp_rbf_kairos50m_realw_resid_trendonly,trend,0.006368496747570587,1
exchange_rate,010,tfclean_gp_rbf_kairos50m_realw_resid_trendonly,seasonal,0.5162554356505962,1
exchange_rate,010,tfclean_gp_rbf_kairos50m_realw_resid_trendonly,freq,0.06840248523940363,1
exchange_rate,010,tfclean_gp_rbf_timesfm2p5_realw_full,trend,0.006585000615049664,1
exchange_rate,010,tfclean_gp_rbf_timesfm2p5_realw_full,seasonal,0.5213260962506713,1
exchange_rate,010,tfclean_gp_rbf_timesfm2p5_realw_full,freq,0.07969612069720935,1
exchange_rate,010,tfclean_gp_rbf_timesfm2p5_realw_full_freqonly,trend,0.05319282473035282,1
exchange_rate,010,tfclean_gp_rbf_timesfm2p5_realw_full_freqonly,seasonal,1.3133568349985072,1
exchange_rate,010,tfclean_gp_rbf_timesfm2p5_realw_full_freqonly,freq,0.47518085514221536,1
exchange_rate,010,tfclean_gp_rbf_timesfm2p5_realw_full_seasonalonly,trend,0.0066559605675283896,1
exchange_rate,010,tfclean_gp_rbf_timesfm2p5_realw_full_seasonalonly,seasonal,0.5224399113833925,1
exchange_rate,010,tfclean_gp_rbf_timesfm2p5_realw_full_seasonalonly,freq,0.07495044379298589,1
exchange_rate,010,tfclean_gp_rbf_timesfm2p5_realw_full_trendonly,trend,0.006368496747570587,1
exchange_rate,010,tfclean_gp_rbf_timesfm2p5_realw_full_trendonly,seasonal,0.5162554356505962,1
exchange_rate,010,tfclean_gp_rbf_timesfm2p5_realw_full_trendonly,freq,0.06840248523940363,1
exchange_rate,010,tfclean_gp_rbf_timesfm2p5_realw_resid,trend,0.006607129320941336,1
exchange_rate,010,tfclean_gp_rbf_timesfm2p5_realw_resid,seasonal,0.5219342554572848,1
exchange_rate,010,tfclean_gp_rbf_timesfm2p5_realw_resid,freq,0.07856620659294683,1
exchange_rate,010,tfclean_gp_rbf_timesfm2p5_realw_resid_freqonly,trend,0.006667112731404332,1
exchange_rate,010,tfclean_gp_rbf_timesfm2p5_realw_resid_freqonly,seasonal,0.5235938298601485,1
exchange_rate,010,tfclean_gp_rbf_timesfm2p5_realw_resid_freqonly,freq,0.07689679078188788,1
exchange_rate,010,tfclean_gp_rbf_timesfm2p5_realw_resid_seasonalonly,trend,0.0066559605675283896,1
exchange_rate,010,tfclean_gp_rbf_timesfm2p5_realw_resid_seasonalonly,seasonal,0.5224399113833925,1
exchange_rate,010,tfclean_gp_rbf_timesfm2p5_realw_resid_seasonalonly,freq,0.07495044379298589,1
exchange_rate,010,tfclean_gp_rbf_timesfm2p5_realw_resid_trendonly,trend,0.006368496747570587,1
exchange_rate,010,tfclean_gp_rbf_timesfm2p5_realw_resid_trendonly,seasonal,0.5162554356505962,1
exchange_rate,010,tfclean_gp_rbf_timesfm2p5_realw_resid_trendonly,freq,0.06840248523940363,1
exchange_rate,010,tfclean_linear_chronos2_realw_full,trend,0.006939193001586913,1
exchange_rate,010,tfclean_linear_chronos2_realw_full,seasonal,0.5356214126665942,1
exchange_rate,010,tfclean_linear_chronos2_realw_full,freq,0.07886081452439057,1
exchange_rate,010,tfclean_linear_chronos2_realw_full_freqonly,trend,0.05332937892583396,1
exchange_rate,010,tfclean_linear_chronos2_realw_full_freqonly,seasonal,1.1799028220695351,1
exchange_rate,010,tfclean_linear_chronos2_realw_full_freqonly,freq,0.4706137856585706,1
exchange_rate,010,tfclean_linear_chronos2_realw_full_seasonalonly,trend,0.006939193001586913,1
exchange_rate,010,tfclean_linear_chronos2_realw_full_seasonalonly,seasonal,0.5356214126665942,1
exchange_rate,010,tfclean_linear_chronos2_realw_full_seasonalonly,freq,0.07886081452439057,1
exchange_rate,010,tfclean_linear_chronos2_realw_full_trendonly,trend,0.006458592016917861,1
exchange_rate,010,tfclean_linear_chronos2_realw_full_trendonly,seasonal,0.5277396108737558,1
exchange_rate,010,tfclean_linear_chronos2_realw_full_trendonly,freq,0.07147092622032593,1
exchange_rate,010,tfclean_linear_chronos2_realw_resid,trend,0.006939193001586913,1
exchange_rate,010,tfclean_linear_chronos2_realw_resid,seasonal,0.5356214126665942,1
exchange_rate,010,tfclean_linear_chronos2_realw_resid,freq,0.07886081452439057,1
exchange_rate,010,tfclean_linear_chronos2_realw_resid_freqonly,trend,0.0069312229609426465,1
exchange_rate,010,tfclean_linear_chronos2_realw_resid_freqonly,seasonal,0.5378275975980513,1
exchange_rate,010,tfclean_linear_chronos2_realw_resid_freqonly,freq,0.07421625167329585,1
exchange_rate,010,tfclean_linear_chronos2_realw_resid_seasonalonly,trend,0.006939193001586913,1
exchange_rate,010,tfclean_linear_chronos2_realw_resid_seasonalonly,seasonal,0.5356214126665942,1
exchange_rate,010,tfclean_linear_chronos2_realw_resid_seasonalonly,freq,0.07886081452439057,1
exchange_rate,010,tfclean_linear_chronos2_realw_resid_trendonly,trend,0.006458592016917861,1
exchange_rate,010,tfclean_linear_chronos2_realw_resid_trendonly,seasonal,0.5277396108737558,1
exchange_rate,010,tfclean_linear_chronos2_realw_resid_trendonly,freq,0.07147092622032593,1
exchange_rate,010,tfclean_linear_kairos50m_realw_full,trend,0.006797647935360807,1
exchange_rate,010,tfclean_linear_kairos50m_realw_full,seasonal,0.5331965003589434,1
exchange_rate,010,tfclean_linear_kairos50m_realw_full,freq,0.07786231922350877,1
exchange_rate,010,tfclean_linear_kairos50m_realw_full_freqonly,trend,0.05332937892583396,1
exchange_rate,010,tfclean_linear_kairos50m_realw_full_freqonly,seasonal,1.1799028220695351,1
exchange_rate,010,tfclean_linear_kairos50m_realw_full_freqonly,freq,0.4706137856585706,1
exchange_rate,010,tfclean_linear_kairos50m_realw_full_seasonalonly,trend,0.006939193001586913,1
exchange_rate,010,tfclean_linear_kairos50m_realw_full_seasonalonly,seasonal,0.5356214126665942,1
exchange_rate,010,tfclean_linear_kairos50m_realw_full_seasonalonly,freq,0.07886081452439057,1
exchange_rate,010,tfclean_linear_kairos50m_realw_full_trendonly,trend,0.006458592016917861,1
exchange_rate,010,tfclean_linear_kairos50m_realw_full_trendonly,seasonal,0.5277396108737558,1
exchange_rate,010,tfclean_linear_kairos50m_realw_full_trendonly,freq,0.07147092622032593,1
exchange_rate,010,tfclean_linear_kairos50m_realw_resid,trend,0.006757144859186319,1
exchange_rate,010,tfclean_linear_kairos50m_realw_resid,seasonal,0.532763505795724,1
exchange_rate,010,tfclean_linear_kairos50m_realw_resid,freq,0.07668654000614071,1
exchange_rate,010,tfclean_linear_kairos50m_realw_resid_freqonly,trend,0.0069312229609426465,1
exchange_rate,010,tfclean_linear_kairos50m_realw_resid_freqonly,seasonal,0.5378275975980513,1
exchange_rate,010,tfclean_linear_kairos50m_realw_resid_freqonly,freq,0.07421625167329585,1
exchange_rate,010,tfclean_linear_kairos50m_realw_resid_seasonalonly,trend,0.006939193001586913,1
exchange_rate,010,tfclean_linear_kairos50m_realw_resid_seasonalonly,seasonal,0.5356214126665942,1
exchange_rate,010,tfclean_linear_kairos50m_realw_resid_seasonalonly,freq,0.07886081452439057,1
exchange_rate,010,tfclean_linear_kairos50m_realw_resid_trendonly,trend,0.006458592016917861,1
exchange_rate,010,tfclean_linear_kairos50m_realw_resid_trendonly,seasonal,0.5277396108737558,1
exchange_rate,010,tfclean_linear_kairos50m_realw_resid_trendonly,freq,0.07147092622032593,1
exchange_rate,010,tfclean_linear_timesfm2p5_realw_full,trend,0.0068173605866675155,1
exchange_rate,010,tfclean_linear_timesfm2p5_realw_full,seasonal,0.5336327551063604,1
exchange_rate,010,tfclean_linear_timesfm2p5_realw_full,freq,0.07828374587675783,1
exchange_rate,010,tfclean_linear_timesfm2p5_realw_full_freqonly,trend,0.05332937892583396,1
exchange_rate,010,tfclean_linear_timesfm2p5_realw_full_freqonly,seasonal,1.1799028220695351,1
exchange_rate,010,tfclean_linear_timesfm2p5_realw_full_freqonly,freq,0.4706137856585706,1
exchange_rate,010,tfclean_linear_timesfm2p5_realw_full_seasonalonly,trend,0.006939193001586913,1
exchange_rate,010,tfclean_linear_timesfm2p5_realw_full_seasonalonly,seasonal,0.5356214126665942,1
exchange_rate,010,tfclean_linear_timesfm2p5_realw_full_seasonalonly,freq,0.07886081452439057,1
exchange_rate,010,tfclean_linear_timesfm2p5_realw_full_trendonly,trend,0.006458592016917861,1
exchange_rate,010,tfclean_linear_timesfm2p5_realw_full_trendonly,seasonal,0.5277396108737558,1
exchange_rate,010,tfclean_linear_timesfm2p5_realw_full_trendonly,freq,0.07147092622032593,1
exchange_rate,010,tfclean_linear_timesfm2p5_realw_resid,trend,0.006855986073953006,1
exchange_rate,010,tfclean_linear_timesfm2p5_realw_resid,seasonal,0.5339406767184487,1
exchange_rate,010,tfclean_linear_timesfm2p5_realw_resid,freq,0.07960614822280858,1
exchange_rate,010,tfclean_linear_timesfm2p5_realw_resid_freqonly,trend,0.0069312229609426465,1
exchange_rate,010,tfclean_linear_timesfm2p5_realw_resid_freqonly,seasonal,0.5378275975980513,1
exchange_rate,010,tfclean_linear_timesfm2p5_realw_resid_freqonly,freq,0.07421625167329585,1
exchange_rate,010,tfclean_linear_timesfm2p5_realw_resid_seasonalonly,trend,0.006939193001586913,1
exchange_rate,010,tfclean_linear_timesfm2p5_realw_resid_seasonalonly,seasonal,0.5356214126665942,1
exchange_rate,010,tfclean_linear_timesfm2p5_realw_resid_seasonalonly,freq,0.07886081452439057,1
exchange_rate,010,tfclean_linear_timesfm2p5_realw_resid_trendonly,trend,0.006458592016917861,1
exchange_rate,010,tfclean_linear_timesfm2p5_realw_resid_trendonly,seasonal,0.5277396108737558,1
exchange_rate,010,tfclean_linear_timesfm2p5_realw_resid_trendonly,freq,0.07147092622032593,1
exchange_rate,010,tfclean_saits_chronos2_realw_full,trend,0.00892133294068569,1
exchange_rate,010,tfclean_saits_chronos2_realw_full,seasonal,0.4097713733243958,1
exchange_rate,010,tfclean_saits_chronos2_realw_full,freq,0.17040765909298106,1
exchange_rate,010,tfclean_saits_chronos2_realw_full_freqonly,trend,0.053371314369288984,1
exchange_rate,010,tfclean_saits_chronos2_realw_full_freqonly,seasonal,1.2760177732315325,1
exchange_rate,010,tfclean_saits_chronos2_realw_full_freqonly,freq,0.49186448323897125,1
exchange_rate,010,tfclean_saits_chronos2_realw_full_seasonalonly,trend,0.00892133294068569,1
exchange_rate,010,tfclean_saits_chronos2_realw_full_seasonalonly,seasonal,0.4097713733243958,1
exchange_rate,010,tfclean_saits_chronos2_realw_full_seasonalonly,freq,0.17040765909298106,1
exchange_rate,010,tfclean_saits_chronos2_realw_full_trendonly,trend,0.007395686037325536,1
exchange_rate,010,tfclean_saits_chronos2_realw_full_trendonly,seasonal,0.4191599918097931,1
exchange_rate,010,tfclean_saits_chronos2_realw_full_trendonly,freq,0.16194638241025314,1
exchange_rate,010,tfclean_saits_chronos2_realw_resid,trend,0.00892133294068569,1
exchange_rate,010,tfclean_saits_chronos2_realw_resid,seasonal,0.4097713733243958,1
exchange_rate,010,tfclean_saits_chronos2_realw_resid,freq,0.17040765909298106,1
exchange_rate,010,tfclean_saits_chronos2_realw_resid_freqonly,trend,0.008938853370728576,1
exchange_rate,010,tfclean_saits_chronos2_realw_resid_freqonly,seasonal,0.41638707102250383,1
exchange_rate,010,tfclean_saits_chronos2_realw_resid_freqonly,freq,0.1583529898770543,1
exchange_rate,010,tfclean_saits_chronos2_realw_resid_seasonalonly,trend,0.00892133294068569,1
exchange_rate,010,tfclean_saits_chronos2_realw_resid_seasonalonly,seasonal,0.4097713733243958,1
exchange_rate,010,tfclean_saits_chronos2_realw_resid_seasonalonly,freq,0.17040765909298106,1
exchange_rate,010,tfclean_saits_chronos2_realw_resid_trendonly,trend,0.007395686037325536,1
exchange_rate,010,tfclean_saits_chronos2_realw_resid_trendonly,seasonal,0.4191599918097931,1
exchange_rate,010,tfclean_saits_chronos2_realw_resid_trendonly,freq,0.16194638241025314,1
exchange_rate,010,tfclean_saits_kairos50m_realw_full,trend,0.008334859656023225,1
exchange_rate,010,tfclean_saits_kairos50m_realw_full,seasonal,0.3734912454554051,1
exchange_rate,010,tfclean_saits_kairos50m_realw_full,freq,0.1697783191020556,1
exchange_rate,010,tfclean_saits_kairos50m_realw_full_freqonly,trend,0.053371314369288984,1
exchange_rate,010,tfclean_saits_kairos50m_realw_full_freqonly,seasonal,1.2760177732315325,1
exchange_rate,010,tfclean_saits_kairos50m_realw_full_freqonly,freq,0.49186448323897125,1
exchange_rate,010,tfclean_saits_kairos50m_realw_full_seasonalonly,trend,0.00892133294068569,1
exchange_rate,010,tfclean_saits_kairos50m_realw_full_seasonalonly,seasonal,0.4097713733243958,1
exchange_rate,010,tfclean_saits_kairos50m_realw_full_seasonalonly,freq,0.17040765909298106,1
exchange_rate,010,tfclean_saits_kairos50m_realw_full_trendonly,trend,0.007395686037325536,1
exchange_rate,010,tfclean_saits_kairos50m_realw_full_trendonly,seasonal,0.4191599918097931,1
exchange_rate,010,tfclean_saits_kairos50m_realw_full_trendonly,freq,0.16194638241025314,1
exchange_rate,010,tfclean_saits_kairos50m_realw_resid,trend,0.008187067889559207,1
exchange_rate,010,tfclean_saits_kairos50m_realw_resid,seasonal,0.3747093743162809,1
exchange_rate,010,tfclean_saits_kairos50m_realw_resid,freq,0.16894194677628005,1
exchange_rate,010,tfclean_saits_kairos50m_realw_resid_freqonly,trend,0.008938853370728576,1
exchange_rate,010,tfclean_saits_kairos50m_realw_resid_freqonly,seasonal,0.41638707102250383,1
exchange_rate,010,tfclean_saits_kairos50m_realw_resid_freqonly,freq,0.1583529898770543,1
exchange_rate,010,tfclean_saits_kairos50m_realw_resid_seasonalonly,trend,0.00892133294068569,1
exchange_rate,010,tfclean_saits_kairos50m_realw_resid_seasonalonly,seasonal,0.4097713733243958,1
exchange_rate,010,tfclean_saits_kairos50m_realw_resid_seasonalonly,freq,0.17040765909298106,1
exchange_rate,010,tfclean_saits_kairos50m_realw_resid_trendonly,trend,0.007395686037325536,1
exchange_rate,010,tfclean_saits_kairos50m_realw_resid_trendonly,seasonal,0.4191599918097931,1
exchange_rate,010,tfclean_saits_kairos50m_realw_resid_trendonly,freq,0.16194638241025314,1
exchange_rate,010,tfclean_saits_timesfm2p5_realw_full,trend,0.008407311026416517,1
exchange_rate,010,tfclean_saits_timesfm2p5_realw_full,seasonal,0.37337768371322344,1
exchange_rate,010,tfclean_saits_timesfm2p5_realw_full,freq,0.1706733484798445,1
exchange_rate,010,tfclean_saits_timesfm2p5_realw_full_freqonly,trend,0.053371314369288984,1
exchange_rate,010,tfclean_saits_timesfm2p5_realw_full_freqonly,seasonal,1.2760177732315325,1
exchange_rate,010,tfclean_saits_timesfm2p5_realw_full_freqonly,freq,0.49186448323897125,1
exchange_rate,010,tfclean_saits_timesfm2p5_realw_full_seasonalonly,trend,0.00892133294068569,1
exchange_rate,010,tfclean_saits_timesfm2p5_realw_full_seasonalonly,seasonal,0.4097713733243958,1
exchange_rate,010,tfclean_saits_timesfm2p5_realw_full_seasonalonly,freq,0.17040765909298106,1
exchange_rate,010,tfclean_saits_timesfm2p5_realw_full_trendonly,trend,0.007395686037325536,1
exchange_rate,010,tfclean_saits_timesfm2p5_realw_full_trendonly,seasonal,0.4191599918097931,1
exchange_rate,010,tfclean_saits_timesfm2p5_realw_full_trendonly,freq,0.16194638241025314,1
exchange_rate,010,tfclean_saits_timesfm2p5_realw_resid,trend,0.008549406605045265,1
exchange_rate,010,tfclean_saits_timesfm2p5_realw_resid,seasonal,0.3623190407627248,1
exchange_rate,010,tfclean_saits_timesfm2p5_realw_resid,freq,0.17038851420815782,1
exchange_rate,010,tfclean_saits_timesfm2p5_realw_resid_freqonly,trend,0.008938853370728576,1
exchange_rate,010,tfclean_saits_timesfm2p5_realw_resid_freqonly,seasonal,0.41638707102250383,1
exchange_rate,010,tfclean_saits_timesfm2p5_realw_resid_freqonly,freq,0.1583529898770543,1
exchange_rate,010,tfclean_saits_timesfm2p5_realw_resid_seasonalonly,trend,0.00892133294068569,1
exchange_rate,010,tfclean_saits_timesfm2p5_realw_resid_seasonalonly,seasonal,0.4097713733243958,1
exchange_rate,010,tfclean_saits_timesfm2p5_realw_resid_seasonalonly,freq,0.17040765909298106,1
exchange_rate,010,tfclean_saits_timesfm2p5_realw_resid_trendonly,trend,0.007395686037325536,1
exchange_rate,010,tfclean_saits_timesfm2p5_realw_resid_trendonly,seasonal,0.4191599918097931,1
exchange_rate,010,tfclean_saits_timesfm2p5_realw_resid_trendonly,freq,0.16194638241025314,1
exchange_rate,020,backward,trend,0.01461128501357334,1
exchange_rate,020,backward,seasonal,0.8208459158073874,1
exchange_rate,020,backward,freq,0.3128321746764572,1
exchange_rate,020,forward,trend,0.015896654395786528,1
exchange_rate,020,forward,seasonal,0.8165511051604678,1
exchange_rate,020,forward,freq,0.10515089297310459,1
exchange_rate,020,gp_rbf,trend,0.01105213733880685,1
exchange_rate,020,gp_rbf,seasonal,0.8112333331785243,1
exchange_rate,020,gp_rbf,freq,0.18317505409915882,1
exchange_rate,020,kalman_arima,trend,0.011656038511764383,1
exchange_rate,020,kalman_arima,seasonal,0.8138697699117842,1
exchange_rate,020,kalman_arima,freq,0.11341612871303645,1
exchange_rate,020,kalman_struct,trend,0.010372796150363659,1
exchange_rate,020,kalman_struct,seasonal,0.9635231621970078,1
exchange_rate,020,kalman_struct,freq,0.09450903681842199,1
exchange_rate,020,linear,trend,0.007963745643744502,1
exchange_rate,020,linear,seasonal,0.9270115452693919,1
exchange_rate,020,linear,freq,0.12355682420579858,1
exchange_rate,020,mean,trend,0.08244936372360578,1
exchange_rate,020,mean,seasonal,2.3733775499269836,1
exchange_rate,020,mean,freq,0.9552099067745972,1
exchange_rate,020,saits,trend,0.0150175371970117,1
exchange_rate,020,saits,seasonal,0.5951308115086347,1
exchange_rate,020,saits,freq,0.1707028293804858,1
exchange_rate,020,tfclean_gp_rbf_chronos2_realw_full,trend,0.01105213733880685,1
exchange_rate,020,tfclean_gp_rbf_chronos2_realw_full,seasonal,0.8112333331785243,1
exchange_rate,020,tfclean_gp_rbf_chronos2_realw_full,freq,0.18317505409915882,1
exchange_rate,020,tfclean_gp_rbf_chronos2_realw_full_freqonly,trend,0.059952613846757014,1
exchange_rate,020,tfclean_gp_rbf_chronos2_realw_full_freqonly,seasonal,2.1946808072678827,1
exchange_rate,020,tfclean_gp_rbf_chronos2_realw_full_freqonly,freq,0.6375311041410107,1
exchange_rate,020,tfclean_gp_rbf_chronos2_realw_full_seasonalonly,trend,0.01105213733880685,1
exchange_rate,020,tfclean_gp_rbf_chronos2_realw_full_seasonalonly,seasonal,0.8112333331785243,1
exchange_rate,020,tfclean_gp_rbf_chronos2_realw_full_seasonalonly,freq,0.18317505409915882,1
exchange_rate,020,tfclean_gp_rbf_chronos2_realw_full_trendonly,trend,0.010404287752684961,1
exchange_rate,020,tfclean_gp_rbf_chronos2_realw_full_trendonly,seasonal,0.8672303596377129,1
exchange_rate,020,tfclean_gp_rbf_chronos2_realw_full_trendonly,freq,0.23269063870312381,1
exchange_rate,020,tfclean_gp_rbf_chronos2_realw_resid,trend,0.01105213733880685,1
exchange_rate,020,tfclean_gp_rbf_chronos2_realw_resid,seasonal,0.8112333331785243,1
exchange_rate,020,tfclean_gp_rbf_chronos2_realw_resid,freq,0.18317505409915882,1
exchange_rate,020,tfclean_gp_rbf_chronos2_realw_resid_freqonly,trend,0.011110597032920649,1
exchange_rate,020,tfclean_gp_rbf_chronos2_realw_resid_freqonly,seasonal,0.808701934212531,1
exchange_rate,020,tfclean_gp_rbf_chronos2_realw_resid_freqonly,freq,0.18862219468081984,1
exchange_rate,020,tfclean_gp_rbf_chronos2_realw_resid_seasonalonly,trend,0.01105213733880685,1
exchange_rate,020,tfclean_gp_rbf_chronos2_realw_resid_seasonalonly,seasonal,0.8112333331785243,1
exchange_rate,020,tfclean_gp_rbf_chronos2_realw_resid_seasonalonly,freq,0.18317505409915882,1
exchange_rate,020,tfclean_gp_rbf_chronos2_realw_resid_trendonly,trend,0.010404287752684961,1
exchange_rate,020,tfclean_gp_rbf_chronos2_realw_resid_trendonly,seasonal,0.8672303596377129,1
exchange_rate,020,tfclean_gp_rbf_chronos2_realw_resid_trendonly,freq,0.23269063870312381,1
exchange_rate,020,tfclean_gp_rbf_kairos50m_realw_full,trend,0.010837353630324491,1
exchange_rate,020,tfclean_gp_rbf_kairos50m_realw_full,seasonal,0.7981042573480436,1
exchange_rate,020,tfclean_gp_rbf_kairos50m_realw_full,freq,0.18631851862019191,1
exchange_rate,020,tfclean_gp_rbf_kairos50m_realw_full_freqonly,trend,0.059952613846757014,1
exchange_rate,020,tfclean_gp_rbf_kairos50m_realw_full_freqonly,seasonal,2.1946808072678827,1
exchange_rate,020,tfclean_gp_rbf_kairos50m_realw_full_freqonly,freq,0.6375311041410107,1
exchange_rate,020,tfclean_gp_rbf_kairos50m_realw_full_seasonalonly,trend,0.01105213733880685,1
exchange_rate,020,tfclean_gp_rbf_kairos50m_realw_full_seasonalonly,seasonal,0.8112333331785243,1
exchange_rate,020,tfclean_gp_rbf_kairos50m_realw_full_seasonalonly,freq,0.18317505409915882,1
exchange_rate,020,tfclean_gp_rbf_kairos50m_realw_full_trendonly,trend,0.010404287752684961,1
exchange_rate,020,tfclean_gp_rbf_kairos50m_realw_full_trendonly,seasonal,0.8672303596377129,1
exchange_rate,020,tfclean_gp_rbf_kairos50m_realw_full_trendonly,freq,0.23269063870312381,1
exchange_rate,020,tfclean_gp_rbf_kairos50m_realw_resid,trend,0.010747026857741485,1
exchange_rate,020,tfclean_gp_rbf_kairos50m_realw_resid,seasonal,0.8142854243667115,1
exchange_rate,020,tfclean_gp_rbf_kairos50m_realw_resid,freq,0.16094945039843733,1
exchange_rate,020,tfclean_gp_rbf_kairos50m_realw_resid_freqonly,trend,0.011110597032920649,1
exchange_rate,020,tfclean_gp_rbf_kairos50m_realw_resid_freqonly,seasonal,0.808701934212531,1
exchange_rate,020,tfclean_gp_rbf_kairos50m_realw_resid_freqonly,freq,0.18862219468081984,1
exchange_rate,020,tfclean_gp_rbf_kairos50m_realw_resid_seasonalonly,trend,0.01105213733880685,1
exchange_rate,020,tfclean_gp_rbf_kairos50m_realw_resid_seasonalonly,seasonal,0.8112333331785243,1
exchange_rate,020,tfclean_gp_rbf_kairos50m_realw_resid_seasonalonly,freq,0.18317505409915882,1
exchange_rate,020,tfclean_gp_rbf_kairos50m_realw_resid_trendonly,trend,0.010404287752684961,1
exchange_rate,020,tfclean_gp_rbf_kairos50m_realw_resid_trendonly,seasonal,0.8672303596377129,1
exchange_rate,020,tfclean_gp_rbf_kairos50m_realw_resid_trendonly,freq,0.23269063870312381,1
exchange_rate,020,tfclean_gp_rbf_timesfm2p5_realw_full,trend,0.010863722319334251,1
exchange_rate,020,tfclean_gp_rbf_timesfm2p5_realw_full,seasonal,0.7981962192941789,1
exchange_rate,020,tfclean_gp_rbf_timesfm2p5_realw_full,freq,0.18408125475977044,1
exchange_rate,020,tfclean_gp_rbf_timesfm2p5_realw_full_freqonly,trend,0.059952613846757014,1
exchange_rate,020,tfclean_gp_rbf_timesfm2p5_realw_full_freqonly,seasonal,2.1946808072678827,1
exchange_rate,020,tfclean_gp_rbf_timesfm2p5_realw_full_freqonly,freq,0.6375311041410107,1
exchange_rate,020,tfclean_gp_rbf_timesfm2p5_realw_full_seasonalonly,trend,0.01105213733880685,1
exchange_rate,020,tfclean_gp_rbf_timesfm2p5_realw_full_seasonalonly,seasonal,0.8112333331785243,1
exchange_rate,020,tfclean_gp_rbf_timesfm2p5_realw_full_seasonalonly,freq,0.18317505409915882,1
exchange_rate,020,tfclean_gp_rbf_timesfm2p5_realw_full_trendonly,trend,0.010404287752684961,1
exchange_rate,020,tfclean_gp_rbf_timesfm2p5_realw_full_trendonly,seasonal,0.8672303596377129,1
exchange_rate,020,tfclean_gp_rbf_timesfm2p5_realw_full_trendonly,freq,0.23269063870312381,1
exchange_rate,020,tfclean_gp_rbf_timesfm2p5_realw_resid,trend,0.010910118799647144,1
exchange_rate,020,tfclean_gp_rbf_timesfm2p5_realw_resid,seasonal,0.8084453692785531,1
exchange_rate,020,tfclean_gp_rbf_timesfm2p5_realw_resid,freq,0.18677824497868087,1
exchange_rate,020,tfclean_gp_rbf_timesfm2p5_realw_resid_freqonly,trend,0.011110597032920649,1
exchange_rate,020,tfclean_gp_rbf_timesfm2p5_realw_resid_freqonly,seasonal,0.808701934212531,1
exchange_rate,020,tfclean_gp_rbf_timesfm2p5_realw_resid_freqonly,freq,0.18862219468081984,1
exchange_rate,020,tfclean_gp_rbf_timesfm2p5_realw_resid_seasonalonly,trend,0.01105213733880685,1
exchange_rate,020,tfclean_gp_rbf_timesfm2p5_realw_resid_seasonalonly,seasonal,0.8112333331785243,1
exchange_rate,020,tfclean_gp_rbf_timesfm2p5_realw_resid_seasonalonly,freq,0.18317505409915882,1
exchange_rate,020,tfclean_gp_rbf_timesfm2p5_realw_resid_trendonly,trend,0.010404287752684961,1
exchange_rate,020,tfclean_gp_rbf_timesfm2p5_realw_resid_trendonly,seasonal,0.8672303596377129,1
exchange_rate,020,tfclean_gp_rbf_timesfm2p5_realw_resid_trendonly,freq,0.23269063870312381,1
exchange_rate,020,tfclean_linear_chronos2_realw_full,trend,0.007963745643744502,1
exchange_rate,020,tfclean_linear_chronos2_realw_full,seasonal,0.9270115452693919,1
exchange_rate,020,tfclean_linear_chronos2_realw_full,freq,0.12355682420579858,1
exchange_rate,020,tfclean_linear_chronos2_realw_full_freqonly,trend,0.0598322505740407,1
exchange_rate,020,tfclean_linear_chronos2_realw_full_freqonly,seasonal,2.2245761155299517,1
exchange_rate,020,tfclean_linear_chronos2_realw_full_freqonly,freq,0.6067726565661006,1
exchange_rate,020,tfclean_linear_chronos2_realw_full_seasonalonly,trend,0.007963745643744502,1
exchange_rate,020,tfclean_linear_chronos2_realw_full_seasonalonly,seasonal,0.9270115452693919,1
exchange_rate,020,tfclean_linear_chronos2_realw_full_seasonalonly,freq,0.12355682420579858,1
exchange_rate,020,tfclean_linear_chronos2_realw_full_trendonly,trend,0.008022327128855523,1
exchange_rate,020,tfclean_linear_chronos2_realw_full_trendonly,seasonal,0.9170003709300826,1
exchange_rate,020,tfclean_linear_chronos2_realw_full_trendonly,freq,0.126414440452782,1
exchange_rate,020,tfclean_linear_chronos2_realw_resid,trend,0.007963745643744502,1
exchange_rate,020,tfclean_linear_chronos2_realw_resid,seasonal,0.9270115452693919,1
exchange_rate,020,tfclean_linear_chronos2_realw_resid,freq,0.12355682420579858,1
exchange_rate,020,tfclean_linear_chronos2_realw_resid_freqonly,trend,0.007976643275664632,1
exchange_rate,020,tfclean_linear_chronos2_realw_resid_freqonly,seasonal,0.9074094570370262,1
exchange_rate,020,tfclean_linear_chronos2_realw_resid_freqonly,freq,0.10749180708217151,1
exchange_rate,020,tfclean_linear_chronos2_realw_resid_seasonalonly,trend,0.007963745643744502,1
exchange_rate,020,tfclean_linear_chronos2_realw_resid_seasonalonly,seasonal,0.9270115452693919,1
exchange_rate,020,tfclean_linear_chronos2_realw_resid_seasonalonly,freq,0.12355682420579858,1
exchange_rate,020,tfclean_linear_chronos2_realw_resid_trendonly,trend,0.008022327128855523,1
exchange_rate,020,tfclean_linear_chronos2_realw_resid_trendonly,seasonal,0.9170003709300826,1
exchange_rate,020,tfclean_linear_chronos2_realw_resid_trendonly,freq,0.126414440452782,1
exchange_rate,020,tfclean_linear_kairos50m_realw_full,trend,0.00794069462754198,1
exchange_rate,020,tfclean_linear_kairos50m_realw_full,seasonal,0.8866552430487885,1
exchange_rate,020,tfclean_linear_kairos50m_realw_full,freq,0.08323720293330734,1
exchange_rate,020,tfclean_linear_kairos50m_realw_full_freqonly,trend,0.0598322505740407,1
exchange_rate,020,tfclean_linear_kairos50m_realw_full_freqonly,seasonal,2.2245761155299517,1
exchange_rate,020,tfclean_linear_kairos50m_realw_full_freqonly,freq,0.6067726565661006,1
exchange_rate,020,tfclean_linear_kairos50m_realw_full_seasonalonly,trend,0.007963745643744502,1
exchange_rate,020,tfclean_linear_kairos50m_realw_full_seasonalonly,seasonal,0.9270115452693919,1
exchange_rate,020,tfclean_linear_kairos50m_realw_full_seasonalonly,freq,0.12355682420579858,1
exchange_rate,020,tfclean_linear_kairos50m_realw_full_trendonly,trend,0.008022327128855523,1
exchange_rate,020,tfclean_linear_kairos50m_realw_full_trendonly,seasonal,0.9170003709300826,1
exchange_rate,020,tfclean_linear_kairos50m_realw_full_trendonly,freq,0.126414440452782,1
exchange_rate,020,tfclean_linear_kairos50m_realw_resid,trend,0.007993338524033052,1
exchange_rate,020,tfclean_linear_kairos50m_realw_resid,seasonal,0.8852720304132761,1
exchange_rate,020,tfclean_linear_kairos50m_realw_resid,freq,0.11782212705979914,1
exchange_rate,020,tfclean_linear_kairos50m_realw_resid_freqonly,trend,0.007976643275664632,1
exchange_rate,020,tfclean_linear_kairos50m_realw_resid_freqonly,seasonal,0.9074094570370262,1
exchange_rate,020,tfclean_linear_kairos50m_realw_resid_freqonly,freq,0.10749180708217151,1
exchange_rate,020,tfclean_linear_kairos50m_realw_resid_seasonalonly,trend,0.007963745643744502,1
exchange_rate,020,tfclean_linear_kairos50m_realw_resid_seasonalonly,seasonal,0.9270115452693919,1
exchange_rate,020,tfclean_linear_kairos50m_realw_resid_seasonalonly,freq,0.12355682420579858,1
exchange_rate,020,tfclean_linear_kairos50m_realw_resid_trendonly,trend,0.008022327128855523,1
exchange_rate,020,tfclean_linear_kairos50m_realw_resid_trendonly,seasonal,0.9170003709300826,1
exchange_rate,020,tfclean_linear_kairos50m_realw_resid_trendonly,freq,0.126414440452782,1
exchange_rate,020,tfclean_linear_timesfm2p5_realw_full,trend,0.00793125061570773,1
exchange_rate,020,tfclean_linear_timesfm2p5_realw_full,seasonal,0.889286004306407,1
exchange_rate,020,tfclean_linear_timesfm2p5_realw_full,freq,0.10004375789929693,1
exchange_rate,020,tfclean_linear_timesfm2p5_realw_full_freqonly,trend,0.0598322505740407,1
exchange_rate,020,tfclean_linear_timesfm2p5_realw_full_freqonly,seasonal,2.2245761155299517,1
exchange_rate,020,tfclean_linear_timesfm2p5_realw_full_freqonly,freq,0.6067726565661006,1
exchange_rate,020,tfclean_linear_timesfm2p5_realw_full_seasonalonly,trend,0.007963745643744502,1
exchange_rate,020,tfclean_linear_timesfm2p5_realw_full_seasonalonly,seasonal,0.9270115452693919,1
exchange_rate,020,tfclean_linear_timesfm2p5_realw_full_seasonalonly,freq,0.12355682420579858,1
exchange_rate,020,tfclean_linear_timesfm2p5_realw_full_trendonly,trend,0.008022327128855523,1
exchange_rate,020,tfclean_linear_timesfm2p5_realw_full_trendonly,seasonal,0.9170003709300826,1
exchange_rate,020,tfclean_linear_timesfm2p5_realw_full_trendonly,freq,0.126414440452782,1
exchange_rate,020,tfclean_linear_timesfm2p5_realw_resid,trend,0.007968401598081931,1
exchange_rate,020,tfclean_linear_timesfm2p5_realw_resid,seasonal,0.9140927538016163,1
exchange_rate,020,tfclean_linear_timesfm2p5_realw_resid,freq,0.1220840265370159,1
exchange_rate,020,tfclean_linear_timesfm2p5_realw_resid_freqonly,trend,0.007976643275664632,1
exchange_rate,020,tfclean_linear_timesfm2p5_realw_resid_freqonly,seasonal,0.9074094570370262,1
exchange_rate,020,tfclean_linear_timesfm2p5_realw_resid_freqonly,freq,0.10749180708217151,1
exchange_rate,020,tfclean_linear_timesfm2p5_realw_resid_seasonalonly,trend,0.007963745643744502,1
exchange_rate,020,tfclean_linear_timesfm2p5_realw_resid_seasonalonly,seasonal,0.9270115452693919,1
exchange_rate,020,tfclean_linear_timesfm2p5_realw_resid_seasonalonly,freq,0.12355682420579858,1
exchange_rate,020,tfclean_linear_timesfm2p5_realw_resid_trendonly,trend,0.008022327128855523,1
exchange_rate,020,tfclean_linear_timesfm2p5_realw_resid_trendonly,seasonal,0.9170003709300826,1
exchange_rate,020,tfclean_linear_timesfm2p5_realw_resid_trendonly,freq,0.126414440452782,1
exchange_rate,020,tfclean_saits_chronos2_realw_full,trend,0.0150175371970117,1
exchange_rate,020,tfclean_saits_chronos2_realw_full,seasonal,0.5951308115086347,1
exchange_rate,020,tfclean_saits_chronos2_realw_full,freq,0.1707028293804858,1
exchange_rate,020,tfclean_saits_chronos2_realw_full_freqonly,trend,0.060002939634297654,1
exchange_rate,020,tfclean_saits_chronos2_realw_full_freqonly,seasonal,2.155780023884739,1
exchange_rate,020,tfclean_saits_chronos2_realw_full_freqonly,freq,0.6238969051633516,1
exchange_rate,020,tfclean_saits_chronos2_realw_full_seasonalonly,trend,0.015017537197011752,1
exchange_rate,020,tfclean_saits_chronos2_realw_full_seasonalonly,seasonal,0.5951308115086156,1
exchange_rate,020,tfclean_saits_chronos2_realw_full_seasonalonly,freq,0.17070282938050685,1
exchange_rate,020,tfclean_saits_chronos2_realw_full_trendonly,trend,0.011513828279943905,1
exchange_rate,020,tfclean_saits_chronos2_realw_full_trendonly,seasonal,0.6461288724966989,1
exchange_rate,020,tfclean_saits_chronos2_realw_full_trendonly,freq,0.1619832354366443,1
exchange_rate,020,tfclean_saits_chronos2_realw_resid,trend,0.015017537197011752,1
exchange_rate,020,tfclean_saits_chronos2_realw_resid,seasonal,0.5951308115086156,1
exchange_rate,020,tfclean_saits_chronos2_realw_resid,freq,0.17070282938050685,1
exchange_rate,020,tfclean_saits_chronos2_realw_resid_freqonly,trend,0.01517121319106675,1
exchange_rate,020,tfclean_saits_chronos2_realw_resid_freqonly,seasonal,0.6296300872991585,1
exchange_rate,020,tfclean_saits_chronos2_realw_resid_freqonly,freq,0.20620445980959565,1
exchange_rate,020,tfclean_saits_chronos2_realw_resid_seasonalonly,trend,0.015017537197011752,1
exchange_rate,020,tfclean_saits_chronos2_realw_resid_seasonalonly,seasonal,0.5951308115086156,1
exchange_rate,020,tfclean_saits_chronos2_realw_resid_seasonalonly,freq,0.17070282938050685,1
exchange_rate,020,tfclean_saits_chronos2_realw_resid_trendonly,trend,0.011513828279943905,1
exchange_rate,020,tfclean_saits_chronos2_realw_resid_trendonly,seasonal,0.6461288724966989,1
exchange_rate,020,tfclean_saits_chronos2_realw_resid_trendonly,freq,0.1619832354366443,1
exchange_rate,020,tfclean_saits_kairos50m_realw_full,trend,0.013759529449501415,1
exchange_rate,020,tfclean_saits_kairos50m_realw_full,seasonal,0.6155292190409414,1
exchange_rate,020,tfclean_saits_kairos50m_realw_full,freq,0.16850894095257984,1
exchange_rate,020,tfclean_saits_kairos50m_realw_full_freqonly,trend,0.060002939634297654,1
exchange_rate,020,tfclean_saits_kairos50m_realw_full_freqonly,seasonal,2.155780023884739,1
exchange_rate,020,tfclean_saits_kairos50m_realw_full_freqonly,freq,0.6238969051633516,1
exchange_rate,020,tfclean_saits_kairos50m_realw_full_seasonalonly,trend,0.015017537197011752,1
exchange_rate,020,tfclean_saits_kairos50m_realw_full_seasonalonly,seasonal,0.5951308115086156,1
exchange_rate,020,tfclean_saits_kairos50m_realw_full_seasonalonly,freq,0.17070282938050685,1
exchange_rate,020,tfclean_saits_kairos50m_realw_full_trendonly,trend,0.011513828279943905,1
exchange_rate,020,tfclean_saits_kairos50m_realw_full_trendonly,seasonal,0.6461288724966989,1
exchange_rate,020,tfclean_saits_kairos50m_realw_full_trendonly,freq,0.1619832354366443,1
exchange_rate,020,tfclean_saits_kairos50m_realw_resid,trend,0.01343626575614058,1
exchange_rate,020,tfclean_saits_kairos50m_realw_resid,seasonal,0.6201290504580629,1
exchange_rate,020,tfclean_saits_kairos50m_realw_resid,freq,0.16571616774403186,1
exchange_rate,020,tfclean_saits_kairos50m_realw_resid_freqonly,trend,0.01517121319106675,1
exchange_rate,020,tfclean_saits_kairos50m_realw_resid_freqonly,seasonal,0.6296300872991585,1
exchange_rate,020,tfclean_saits_kairos50m_realw_resid_freqonly,freq,0.20620445980959565,1
exchange_rate,020,tfclean_saits_kairos50m_realw_resid_seasonalonly,trend,0.015017537197011752,1
exchange_rate,020,tfclean_saits_kairos50m_realw_resid_seasonalonly,seasonal,0.5951308115086156,1
exchange_rate,020,tfclean_saits_kairos50m_realw_resid_seasonalonly,freq,0.17070282938050685,1
exchange_rate,020,tfclean_saits_kairos50m_realw_resid_trendonly,trend,0.011513828279943905,1
exchange_rate,020,tfclean_saits_kairos50m_realw_resid_trendonly,seasonal,0.6461288724966989,1
exchange_rate,020,tfclean_saits_kairos50m_realw_resid_trendonly,freq,0.1619832354366443,1
exchange_rate,020,tfclean_saits_timesfm2p5_realw_full,trend,0.013921919032678694,1
exchange_rate,020,tfclean_saits_timesfm2p5_realw_full,seasonal,0.6142902967739519,1
exchange_rate,020,tfclean_saits_timesfm2p5_realw_full,freq,0.16863862846228608,1
exchange_rate,020,tfclean_saits_timesfm2p5_realw_full_freqonly,trend,0.060002939634297654,1
exchange_rate,020,tfclean_saits_timesfm2p5_realw_full_freqonly,seasonal,2.155780023884739,1
exchange_rate,020,tfclean_saits_timesfm2p5_realw_full_freqonly,freq,0.6238969051633516,1
exchange_rate,020,tfclean_saits_timesfm2p5_realw_full_seasonalonly,trend,0.015017537197011752,1
exchange_rate,020,tfclean_saits_timesfm2p5_realw_full_seasonalonly,seasonal,0.5951308115086156,1
exchange_rate,020,tfclean_saits_timesfm2p5_realw_full_seasonalonly,freq,0.17070282938050685,1
exchange_rate,020,tfclean_saits_timesfm2p5_realw_full_trendonly,trend,0.011513828279943905,1
exchange_rate,020,tfclean_saits_timesfm2p5_realw_full_trendonly,seasonal,0.6461288724966989,1
exchange_rate,020,tfclean_saits_timesfm2p5_realw_full_trendonly,freq,0.1619832354366443,1
exchange_rate,020,tfclean_saits_timesfm2p5_realw_resid,trend,0.014239622957663296,1
exchange_rate,020,tfclean_saits_timesfm2p5_realw_resid,seasonal,0.6050086849296454,1
exchange_rate,020,tfclean_saits_timesfm2p5_realw_resid,freq,0.17063205394547787,1
exchange_rate,020,tfclean_saits_timesfm2p5_realw_resid_freqonly,trend,0.01517121319106675,1
exchange_rate,020,tfclean_saits_timesfm2p5_realw_resid_freqonly,seasonal,0.6296300872991585,1
exchange_rate,020,tfclean_saits_timesfm2p5_realw_resid_freqonly,freq,0.20620445980959565,1
exchange_rate,020,tfclean_saits_timesfm2p5_realw_resid_seasonalonly,trend,0.015017537197011752,1
exchange_rate,020,tfclean_saits_timesfm2p5_realw_resid_seasonalonly,seasonal,0.5951308115086156,1
exchange_rate,020,tfclean_saits_timesfm2p5_realw_resid_seasonalonly,freq,0.17070282938050685,1
exchange_rate,020,tfclean_saits_timesfm2p5_realw_resid_trendonly,trend,0.011513828279943905,1
exchange_rate,020,tfclean_saits_timesfm2p5_realw_resid_trendonly,seasonal,0.6461288724966989,1
exchange_rate,020,tfclean_saits_timesfm2p5_realw_resid_trendonly,freq,0.1619832354366443,1
exchange_rate,030,backward,trend,0.018173639367451897,1
exchange_rate,030,backward,seasonal,0.9466273090307006,1
exchange_rate,030,backward,freq,0.18906074038733472,1
exchange_rate,030,forward,trend,0.016129993545228278,1
exchange_rate,030,forward,seasonal,0.936525981305634,1
exchange_rate,030,forward,freq,0.06678789201472642,1
exchange_rate,030,gp_rbf,trend,0.011027141129786497,1
exchange_rate,030,gp_rbf,seasonal,0.9294452294592942,1
exchange_rate,030,gp_rbf,freq,0.20264421052324988,1
exchange_rate,030,kalman_arima,trend,0.012536524380708392,1
exchange_rate,030,kalman_arima,seasonal,0.9398791383527709,1
exchange_rate,030,kalman_arima,freq,0.1056145805592761,1
exchange_rate,030,kalman_struct,trend,0.013358618387033392,1
exchange_rate,030,kalman_struct,seasonal,0.9531026810651819,1
exchange_rate,030,kalman_struct,freq,0.15246859478240624,1
exchange_rate,030,linear,trend,0.008896945993788452,1
exchange_rate,030,linear,seasonal,0.9481030581057371,1
exchange_rate,030,linear,freq,0.10964612798672917,1
exchange_rate,030,mean,trend,0.10020838945273754,1
exchange_rate,030,mean,seasonal,3.164780483386816,1
exchange_rate,030,mean,freq,0.3091751657029666,1
exchange_rate,030,saits,trend,0.017553853672589343,1
exchange_rate,030,saits,seasonal,0.746979816356934,1
exchange_rate,030,saits,freq,0.29224393446035296,1
exchange_rate,030,tfclean_gp_rbf_chronos2_realw_full,trend,0.011027141129786497,1
exchange_rate,030,tfclean_gp_rbf_chronos2_realw_full,seasonal,0.9294452294592942,1
exchange_rate,030,tfclean_gp_rbf_chronos2_realw_full,freq,0.20264421052324988,1
exchange_rate,030,tfclean_gp_rbf_chronos2_realw_full_freqonly,trend,0.0839552265768822,1
exchange_rate,030,tfclean_gp_rbf_chronos2_realw_full_freqonly,seasonal,2.3212648138748286,1
exchange_rate,030,tfclean_gp_rbf_chronos2_realw_full_freqonly,freq,0.7415805079932023,1
exchange_rate,030,tfclean_gp_rbf_chronos2_realw_full_seasonalonly,trend,0.011027141129788514,1
exchange_rate,030,tfclean_gp_rbf_chronos2_realw_full_seasonalonly,seasonal,0.9294452294594542,1
exchange_rate,030,tfclean_gp_rbf_chronos2_realw_full_seasonalonly,freq,0.20264421052298479,1
exchange_rate,030,tfclean_gp_rbf_chronos2_realw_full_trendonly,trend,0.010056807789521826,1
exchange_rate,030,tfclean_gp_rbf_chronos2_realw_full_trendonly,seasonal,0.9353501915199031,1
exchange_rate,030,tfclean_gp_rbf_chronos2_realw_full_trendonly,freq,0.17683955668105641,1
exchange_rate,030,tfclean_gp_rbf_chronos2_realw_resid,trend,0.011027141129788514,1
exchange_rate,030,tfclean_gp_rbf_chronos2_realw_resid,seasonal,0.9294452294594542,1
exchange_rate,030,tfclean_gp_rbf_chronos2_realw_resid,freq,0.20264421052298479,1
exchange_rate,030,tfclean_gp_rbf_chronos2_realw_resid_freqonly,trend,0.011191643600993624,1
exchange_rate,030,tfclean_gp_rbf_chronos2_realw_resid_freqonly,seasonal,0.9313043211304525,1
exchange_rate,030,tfclean_gp_rbf_chronos2_realw_resid_freqonly,freq,0.17496697234145311,1
exchange_rate,030,tfclean_gp_rbf_chronos2_realw_resid_seasonalonly,trend,0.011027141129788514,1
exchange_rate,030,tfclean_gp_rbf_chronos2_realw_resid_seasonalonly,seasonal,0.9294452294594542,1
exchange_rate,030,tfclean_gp_rbf_chronos2_realw_resid_seasonalonly,freq,0.20264421052298479,1
exchange_rate,030,tfclean_gp_rbf_chronos2_realw_resid_trendonly,trend,0.010056807789521826,1
exchange_rate,030,tfclean_gp_rbf_chronos2_realw_resid_trendonly,seasonal,0.9353501915199031,1
exchange_rate,030,tfclean_gp_rbf_chronos2_realw_resid_trendonly,freq,0.17683955668105641,1
exchange_rate,030,tfclean_gp_rbf_kairos50m_realw_full,trend,0.01075442623077338,1
exchange_rate,030,tfclean_gp_rbf_kairos50m_realw_full,seasonal,0.9262338090400793,1
exchange_rate,030,tfclean_gp_rbf_kairos50m_realw_full,freq,0.19622765187315305,1
exchange_rate,030,tfclean_gp_rbf_kairos50m_realw_full_freqonly,trend,0.0839552265768822,1
exchange_rate,030,tfclean_gp_rbf_kairos50m_realw_full_freqonly,seasonal,2.3212648138748286,1
exchange_rate,030,tfclean_gp_rbf_kairos50m_realw_full_freqonly,freq,0.7415805079932023,1
exchange_rate,030,tfclean_gp_rbf_kairos50m_realw_full_seasonalonly,trend,0.011027141129788514,1
exchange_rate,030,tfclean_gp_rbf_kairos50m_realw_full_seasonalonly,seasonal,0.9294452294594542,1
exchange_rate,030,tfclean_gp_rbf_kairos50m_realw_full_seasonalonly,freq,0.20264421052298479,1
exchange_rate,030,tfclean_gp_rbf_kairos50m_realw_full_trendonly,trend,0.010056807789521826,1
exchange_rate,030,tfclean_gp_rbf_kairos50m_realw_full_trendonly,seasonal,0.9353501915199031,1
exchange_rate,030,tfclean_gp_rbf_kairos50m_realw_full_trendonly,freq,0.17683955668105641,1
exchange_rate,030,tfclean_gp_rbf_kairos50m_realw_resid,trend,0.010625480754501917,1
exchange_rate,030,tfclean_gp_rbf_kairos50m_realw_resid,seasonal,0.9256237839696286,1
exchange_rate,030,tfclean_gp_rbf_kairos50m_realw_resid,freq,0.18572083338312112,1
exchange_rate,030,tfclean_gp_rbf_kairos50m_realw_resid_freqonly,trend,0.011191643600993624,1
exchange_rate,030,tfclean_gp_rbf_kairos50m_realw_resid_freqonly,seasonal,0.9313043211304525,1
exchange_rate,030,tfclean_gp_rbf_kairos50m_realw_resid_freqonly,freq,0.17496697234145311,1
exchange_rate,030,tfclean_gp_rbf_kairos50m_realw_resid_seasonalonly,trend,0.011027141129788514,1
exchange_rate,030,tfclean_gp_rbf_kairos50m_realw_resid_seasonalonly,seasonal,0.9294452294594542,1
exchange_rate,030,tfclean_gp_rbf_kairos50m_realw_resid_seasonalonly,freq,0.20264421052298479,1
exchange_rate,030,tfclean_gp_rbf_kairos50m_realw_resid_trendonly,trend,0.010056807789521826,1
exchange_rate,030,tfclean_gp_rbf_kairos50m_realw_resid_trendonly,seasonal,0.9353501915199031,1
exchange_rate,030,tfclean_gp_rbf_kairos50m_realw_resid_trendonly,freq,0.17683955668105641,1
exchange_rate,030,tfclean_gp_rbf_timesfm2p5_realw_full,trend,0.010757814416333342,1
exchange_rate,030,tfclean_gp_rbf_timesfm2p5_realw_full,seasonal,0.9293348912283501,1
exchange_rate,030,tfclean_gp_rbf_timesfm2p5_realw_full,freq,0.18435808119443717,1
exchange_rate,030,tfclean_gp_rbf_timesfm2p5_realw_full_freqonly,trend,0.0839552265768822,1
exchange_rate,030,tfclean_gp_rbf_timesfm2p5_realw_full_freqonly,seasonal,2.3212648138748286,1
exchange_rate,030,tfclean_gp_rbf_timesfm2p5_realw_full_freqonly,freq,0.7415805079932023,1
exchange_rate,030,tfclean_gp_rbf_timesfm2p5_realw_full_seasonalonly,trend,0.011027141129788514,1
exchange_rate,030,tfclean_gp_rbf_timesfm2p5_realw_full_seasonalonly,seasonal,0.9294452294594542,1
exchange_rate,030,tfclean_gp_rbf_timesfm2p5_realw_full_seasonalonly,freq,0.20264421052298479,1
exchange_rate,030,tfclean_gp_rbf_timesfm2p5_realw_full_trendonly,trend,0.010056807789521826,1
exchange_rate,030,tfclean_gp_rbf_timesfm2p5_realw_full_trendonly,seasonal,0.9353501915199031,1
exchange_rate,030,tfclean_gp_rbf_timesfm2p5_realw_full_trendonly,freq,0.17683955668105641,1
exchange_rate,030,tfclean_gp_rbf_timesfm2p5_realw_resid,trend,0.010810533391695135,1
exchange_rate,030,tfclean_gp_rbf_timesfm2p5_realw_resid,seasonal,0.9279878328615154,1
exchange_rate,030,tfclean_gp_rbf_timesfm2p5_realw_resid,freq,0.20236126461543363,1
exchange_rate,030,tfclean_gp_rbf_timesfm2p5_realw_resid_freqonly,trend,0.011191643600993624,1
exchange_rate,030,tfclean_gp_rbf_timesfm2p5_realw_resid_freqonly,seasonal,0.9313043211304525,1
exchange_rate,030,tfclean_gp_rbf_timesfm2p5_realw_resid_freqonly,freq,0.17496697234145311,1
exchange_rate,030,tfclean_gp_rbf_timesfm2p5_realw_resid_seasonalonly,trend,0.011027141129788514,1
exchange_rate,030,tfclean_gp_rbf_timesfm2p5_realw_resid_seasonalonly,seasonal,0.9294452294594542,1
exchange_rate,030,tfclean_gp_rbf_timesfm2p5_realw_resid_seasonalonly,freq,0.20264421052298479,1
exchange_rate,030,tfclean_gp_rbf_timesfm2p5_realw_resid_trendonly,trend,0.010056807789521826,1
exchange_rate,030,tfclean_gp_rbf_timesfm2p5_realw_resid_trendonly,seasonal,0.9353501915199031,1
exchange_rate,030,tfclean_gp_rbf_timesfm2p5_realw_resid_trendonly,freq,0.17683955668105641,1
exchange_rate,030,tfclean_linear_chronos2_realw_full,trend,0.008896945993788452,1
exchange_rate,030,tfclean_linear_chronos2_realw_full,seasonal,0.9481030581057371,1
exchange_rate,030,tfclean_linear_chronos2_realw_full,freq,0.10964612798672917,1
exchange_rate,030,tfclean_linear_chronos2_realw_full_freqonly,trend,0.08376979760130508,1
exchange_rate,030,tfclean_linear_chronos2_realw_full_freqonly,seasonal,2.2922994241323034,1
exchange_rate,030,tfclean_linear_chronos2_realw_full_freqonly,freq,0.7784142444879718,1
exchange_rate,030,tfclean_linear_chronos2_realw_full_seasonalonly,trend,0.008896945993788452,1
exchange_rate,030,tfclean_linear_chronos2_realw_full_seasonalonly,seasonal,0.9481030581057371,1
exchange_rate,030,tfclean_linear_chronos2_realw_full_seasonalonly,freq,0.10964612798672917,1
exchange_rate,030,tfclean_linear_chronos2_realw_full_trendonly,trend,0.008856983252424455,1
exchange_rate,030,tfclean_linear_chronos2_realw_full_trendonly,seasonal,0.9491308217216171,1
exchange_rate,030,tfclean_linear_chronos2_realw_full_trendonly,freq,0.12045462969496834,1
exchange_rate,030,tfclean_linear_chronos2_realw_resid,trend,0.008896945993788452,1
exchange_rate,030,tfclean_linear_chronos2_realw_resid,seasonal,0.9481030581057371,1
exchange_rate,030,tfclean_linear_chronos2_realw_resid,freq,0.10964612798672917,1
exchange_rate,030,tfclean_linear_chronos2_realw_resid_freqonly,trend,0.008940413469545622,1
exchange_rate,030,tfclean_linear_chronos2_realw_resid_freqonly,seasonal,0.954397934810349,1
exchange_rate,030,tfclean_linear_chronos2_realw_resid_freqonly,freq,0.12823674561525739,1
exchange_rate,030,tfclean_linear_chronos2_realw_resid_seasonalonly,trend,0.008896945993788452,1
exchange_rate,030,tfclean_linear_chronos2_realw_resid_seasonalonly,seasonal,0.9481030581057371,1
exchange_rate,030,tfclean_linear_chronos2_realw_resid_seasonalonly,freq,0.10964612798672917,1
exchange_rate,030,tfclean_linear_chronos2_realw_resid_trendonly,trend,0.008856983252424455,1
exchange_rate,030,tfclean_linear_chronos2_realw_resid_trendonly,seasonal,0.9491308217216171,1
exchange_rate,030,tfclean_linear_chronos2_realw_resid_trendonly,freq,0.12045462969496834,1
exchange_rate,030,tfclean_linear_kairos50m_realw_full,trend,0.00889998422986847,1
exchange_rate,030,tfclean_linear_kairos50m_realw_full,seasonal,0.9523217860050321,1
exchange_rate,030,tfclean_linear_kairos50m_realw_full,freq,0.12029222046870948,1
exchange_rate,030,tfclean_linear_kairos50m_realw_full_freqonly,trend,0.08376979760130508,1
exchange_rate,030,tfclean_linear_kairos50m_realw_full_freqonly,seasonal,2.2922994241323034,1
exchange_rate,030,tfclean_linear_kairos50m_realw_full_freqonly,freq,0.7784142444879718,1
exchange_rate,030,tfclean_linear_kairos50m_realw_full_seasonalonly,trend,0.008896945993788452,1
exchange_rate,030,tfclean_linear_kairos50m_realw_full_seasonalonly,seasonal,0.9481030581057371,1
exchange_rate,030,tfclean_linear_kairos50m_realw_full_seasonalonly,freq,0.10964612798672917,1
exchange_rate,030,tfclean_linear_kairos50m_realw_full_trendonly,trend,0.008856983252424455,1
exchange_rate,030,tfclean_linear_kairos50m_realw_full_trendonly,seasonal,0.9491308217216171,1
exchange_rate,030,tfclean_linear_kairos50m_realw_full_trendonly,freq,0.12045462969496834,1
exchange_rate,030,tfclean_linear_kairos50m_realw_resid,trend,0.008882855039883647,1
exchange_rate,030,tfclean_linear_kairos50m_realw_resid,seasonal,0.9436649108869944,1
exchange_rate,030,tfclean_linear_kairos50m_realw_resid,freq,0.10786764383084034,1
exchange_rate,030,tfclean_linear_kairos50m_realw_resid_freqonly,trend,0.008940413469545622,1
exchange_rate,030,tfclean_linear_kairos50m_realw_resid_freqonly,seasonal,0.954397934810349,1
exchange_rate,030,tfclean_linear_kairos50m_realw_resid_freqonly,freq,0.12823674561525739,1
exchange_rate,030,tfclean_linear_kairos50m_realw_resid_seasonalonly,trend,0.008896945993788452,1
exchange_rate,030,tfclean_linear_kairos50m_realw_resid_seasonalonly,seasonal,0.9481030581057371,1
exchange_rate,030,tfclean_linear_kairos50m_realw_resid_seasonalonly,freq,0.10964612798672917,1
exchange_rate,030,tfclean_linear_kairos50m_realw_resid_trendonly,trend,0.008856983252424455,1
exchange_rate,030,tfclean_linear_kairos50m_realw_resid_trendonly,seasonal,0.9491308217216171,1
exchange_rate,030,tfclean_linear_kairos50m_realw_resid_trendonly,freq,0.12045462969496834,1
exchange_rate,030,tfclean_linear_timesfm2p5_realw_full,trend,0.008833696396529929,1
exchange_rate,030,tfclean_linear_timesfm2p5_realw_full,seasonal,0.9511889174480063,1
exchange_rate,030,tfclean_linear_timesfm2p5_realw_full,freq,0.11807476478332446,1
exchange_rate,030,tfclean_linear_timesfm2p5_realw_full_freqonly,trend,0.08376979760130508,1
exchange_rate,030,tfclean_linear_timesfm2p5_realw_full_freqonly,seasonal,2.2922994241323034,1
exchange_rate,030,tfclean_linear_timesfm2p5_realw_full_freqonly,freq,0.7784142444879718,1
exchange_rate,030,tfclean_linear_timesfm2p5_realw_full_seasonalonly,trend,0.008896945993788452,1
exchange_rate,030,tfclean_linear_timesfm2p5_realw_full_seasonalonly,seasonal,0.9481030581057371,1
exchange_rate,030,tfclean_linear_timesfm2p5_realw_full_seasonalonly,freq,0.10964612798672917,1
exchange_rate,030,tfclean_linear_timesfm2p5_realw_full_trendonly,trend,0.008856983252424455,1
exchange_rate,030,tfclean_linear_timesfm2p5_realw_full_trendonly,seasonal,0.9491308217216171,1
exchange_rate,030,tfclean_linear_timesfm2p5_realw_full_trendonly,freq,0.12045462969496834,1
exchange_rate,030,tfclean_linear_timesfm2p5_realw_resid,trend,0.008912161590364558,1
exchange_rate,030,tfclean_linear_timesfm2p5_realw_resid,seasonal,0.9509669988433266,1
exchange_rate,030,tfclean_linear_timesfm2p5_realw_resid,freq,0.12819182447813368,1
exchange_rate,030,tfclean_linear_timesfm2p5_realw_resid_freqonly,trend,0.008940413469545622,1
exchange_rate,030,tfclean_linear_timesfm2p5_realw_resid_freqonly,seasonal,0.954397934810349,1
exchange_rate,030,tfclean_linear_timesfm2p5_realw_resid_freqonly,freq,0.12823674561525739,1
exchange_rate,030,tfclean_linear_timesfm2p5_realw_resid_seasonalonly,trend,0.008896945993788452,1
exchange_rate,030,tfclean_linear_timesfm2p5_realw_resid_seasonalonly,seasonal,0.9481030581057371,1
exchange_rate,030,tfclean_linear_timesfm2p5_realw_resid_seasonalonly,freq,0.10964612798672917,1
exchange_rate,030,tfclean_linear_timesfm2p5_realw_resid_trendonly,trend,0.008856983252424455,1
exchange_rate,030,tfclean_linear_timesfm2p5_realw_resid_trendonly,seasonal,0.9491308217216171,1
exchange_rate,030,tfclean_linear_timesfm2p5_realw_resid_trendonly,freq,0.12045462969496834,1
exchange_rate,030,tfclean_saits_chronos2_realw_full,trend,0.017553853672589343,1
exchange_rate,030,tfclean_saits_chronos2_realw_full,seasonal,0.746979816356934,1
exchange_rate,030,tfclean_saits_chronos2_realw_full,freq,0.29224393446035296,1
exchange_rate,030,tfclean_saits_chronos2_realw_full_freqonly,trend,0.08343698752334129,1
exchange_rate,030,tfclean_saits_chronos2_realw_full_freqonly,seasonal,2.2671037898963853,1
exchange_rate,030,tfclean_saits_chronos2_realw_full_freqonly,freq,0.7860252320115036,1
exchange_rate,030,tfclean_saits_chronos2_realw_full_seasonalonly,trend,0.01755385367258934,1
exchange_rate,030,tfclean_saits_chronos2_realw_full_seasonalonly,seasonal,0.7469798163569346,1
exchange_rate,030,tfclean_saits_chronos2_realw_full_seasonalonly,freq,0.2922439344603561,1
exchange_rate,030,tfclean_saits_chronos2_realw_full_trendonly,trend,0.013430139649664418,1
exchange_rate,030,tfclean_saits_chronos2_realw_full_trendonly,seasonal,0.7628164060132794,1
exchange_rate,030,tfclean_saits_chronos2_realw_full_trendonly,freq,0.24428052562973548,1
exchange_rate,030,tfclean_saits_chronos2_realw_resid,trend,0.01755385367258934,1
exchange_rate,030,tfclean_saits_chronos2_realw_resid,seasonal,0.7469798163569346,1
exchange_rate,030,tfclean_saits_chronos2_realw_resid,freq,0.2922439344603561,1
exchange_rate,030,tfclean_saits_chronos2_realw_resid_freqonly,trend,0.01691196511212475,1
exchange_rate,030,tfclean_saits_chronos2_realw_resid_freqonly,seasonal,0.764126596002283,1
exchange_rate,030,tfclean_saits_chronos2_realw_resid_freqonly,freq,0.34036743649808704,1
exchange_rate,030,tfclean_saits_chronos2_realw_resid_seasonalonly,trend,0.01755385367258934,1
exchange_rate,030,tfclean_saits_chronos2_realw_resid_seasonalonly,seasonal,0.7469798163569346,1
exchange_rate,030,tfclean_saits_chronos2_realw_resid_seasonalonly,freq,0.2922439344603561,1
exchange_rate,030,tfclean_saits_chronos2_realw_resid_trendonly,trend,0.013430139649664418,1
exchange_rate,030,tfclean_saits_chronos2_realw_resid_trendonly,seasonal,0.7628164060132794,1
exchange_rate,030,tfclean_saits_chronos2_realw_resid_trendonly,freq,0.24428052562973548,1
exchange_rate,030,tfclean_saits_kairos50m_realw_full,trend,0.015827204931352586,1
exchange_rate,030,tfclean_saits_kairos50m_realw_full,seasonal,0.7655874401147725,1
exchange_rate,030,tfclean_saits_kairos50m_realw_full,freq,0.26509399620364726,1
exchange_rate,030,tfclean_saits_kairos50m_realw_full_freqonly,trend,0.08343698752334129,1
exchange_rate,030,tfclean_saits_kairos50m_realw_full_freqonly,seasonal,2.2671037898963853,1
exchange_rate,030,tfclean_saits_kairos50m_realw_full_freqonly,freq,0.7860252320115036,1
exchange_rate,030,tfclean_saits_kairos50m_realw_full_seasonalonly,trend,0.01755385367258934,1
exchange_rate,030,tfclean_saits_kairos50m_realw_full_seasonalonly,seasonal,0.7469798163569346,1
exchange_rate,030,tfclean_saits_kairos50m_realw_full_seasonalonly,freq,0.2922439344603561,1
exchange_rate,030,tfclean_saits_kairos50m_realw_full_trendonly,trend,0.013430139649664418,1
exchange_rate,030,tfclean_saits_kairos50m_realw_full_trendonly,seasonal,0.7628164060132794,1
exchange_rate,030,tfclean_saits_kairos50m_realw_full_trendonly,freq,0.24428052562973548,1
exchange_rate,030,tfclean_saits_kairos50m_realw_resid,trend,0.015408998738708584,1
exchange_rate,030,tfclean_saits_kairos50m_realw_resid,seasonal,0.7661159157242896,1
exchange_rate,030,tfclean_saits_kairos50m_realw_resid,freq,0.2568384950251883,1
exchange_rate,030,tfclean_saits_kairos50m_realw_resid_freqonly,trend,0.01691196511212475,1
exchange_rate,030,tfclean_saits_kairos50m_realw_resid_freqonly,seasonal,0.764126596002283,1
exchange_rate,030,tfclean_saits_kairos50m_realw_resid_freqonly,freq,0.34036743649808704,1
exchange_rate,030,tfclean_saits_kairos50m_realw_resid_seasonalonly,trend,0.01755385367258934,1
exchange_rate,030,tfclean_saits_kairos50m_realw_resid_seasonalonly,seasonal,0.7469798163569346,1
exchange_rate,030,tfclean_saits_kairos50m_realw_resid_seasonalonly,freq,0.2922439344603561,1
exchange_rate,030,tfclean_saits_kairos50m_realw_resid_trendonly,trend,0.013430139649664418,1
exchange_rate,030,tfclean_saits_kairos50m_realw_resid_trendonly,seasonal,0.7628164060132794,1
exchange_rate,030,tfclean_saits_kairos50m_realw_resid_trendonly,freq,0.24428052562973548,1
exchange_rate,030,tfclean_saits_timesfm2p5_realw_full,trend,0.016035815759020394,1
exchange_rate,030,tfclean_saits_timesfm2p5_realw_full,seasonal,0.7636159588405725,1
exchange_rate,030,tfclean_saits_timesfm2p5_realw_full,freq,0.26860092900493854,1
exchange_rate,030,tfclean_saits_timesfm2p5_realw_full_freqonly,trend,0.08343698752334129,1
exchange_rate,030,tfclean_saits_timesfm2p5_realw_full_freqonly,seasonal,2.2671037898963853,1
exchange_rate,030,tfclean_saits_timesfm2p5_realw_full_freqonly,freq,0.7860252320115036,1
exchange_rate,030,tfclean_saits_timesfm2p5_realw_full_seasonalonly,trend,0.01755385367258934,1
exchange_rate,030,tfclean_saits_timesfm2p5_realw_full_seasonalonly,seasonal,0.7469798163569346,1
exchange_rate,030,tfclean_saits_timesfm2p5_realw_full_seasonalonly,freq,0.2922439344603561,1
exchange_rate,030,tfclean_saits_timesfm2p5_realw_full_trendonly,trend,0.013430139649664418,1
exchange_rate,030,tfclean_saits_timesfm2p5_realw_full_trendonly,seasonal,0.7628164060132794,1
exchange_rate,030,tfclean_saits_timesfm2p5_realw_full_trendonly,freq,0.24428052562973548,1
exchange_rate,030,tfclean_saits_timesfm2p5_realw_resid,trend,0.016470592171436923,1
exchange_rate,030,tfclean_saits_timesfm2p5_realw_resid,seasonal,0.7605312444877498,1
exchange_rate,030,tfclean_saits_timesfm2p5_realw_resid,freq,0.28174371956464467,1
exchange_rate,030,tfclean_saits_timesfm2p5_realw_resid_freqonly,trend,0.01691196511212475,1
exchange_rate,030,tfclean_saits_timesfm2p5_realw_resid_freqonly,seasonal,0.764126596002283,1
exchange_rate,030,tfclean_saits_timesfm2p5_realw_resid_freqonly,freq,0.34036743649808704,1
exchange_rate,030,tfclean_saits_timesfm2p5_realw_resid_seasonalonly,trend,0.01755385367258934,1
exchange_rate,030,tfclean_saits_timesfm2p5_realw_resid_seasonalonly,seasonal,0.7469798163569346,1
exchange_rate,030,tfclean_saits_timesfm2p5_realw_resid_seasonalonly,freq,0.2922439344603561,1
exchange_rate,030,tfclean_saits_timesfm2p5_realw_resid_trendonly,trend,0.013430139649664418,1
exchange_rate,030,tfclean_saits_timesfm2p5_realw_resid_trendonly,seasonal,0.7628164060132794,1
exchange_rate,030,tfclean_saits_timesfm2p5_realw_resid_trendonly,freq,0.24428052562973548,1
ETTh2,010,backward,trend,0.04243075981249054,1
ETTh2,010,backward,seasonal,0.34015527100930726,1
ETTh2,010,backward,freq,0.3553725767526796,1
ETTh2,010,forward,trend,0.04860220621733598,1
ETTh2,010,forward,seasonal,0.3413167187997363,1
ETTh2,010,forward,freq,0.3189474226898678,1
ETTh2,010,gp_rbf,trend,0.033122999567640254,1
ETTh2,010,gp_rbf,seasonal,0.34391255863965586,1
ETTh2,010,gp_rbf,freq,0.32943532047004276,1
ETTh2,010,kalman_arima,trend,0.12277339702796942,1
ETTh2,010,kalman_arima,seasonal,0.35368267096749867,1
ETTh2,010,kalman_arima,freq,0.43327799976776993,1
ETTh2,010,kalman_struct,trend,0.08028093525044822,1
ETTh2,010,kalman_struct,seasonal,0.3423957101074378,1
ETTh2,010,kalman_struct,freq,0.23748314022599087,1
ETTh2,010,linear,trend,0.037836434982259234,1
ETTh2,010,linear,seasonal,0.3398376046734066,1
ETTh2,010,linear,freq,0.27498694919021893,1
ETTh2,010,mean,trend,0.12343666348430493,1
ETTh2,010,mean,seasonal,0.35684984393096336,1
ETTh2,010,mean,freq,0.3822700655804152,1
ETTh2,010,saits,trend,0.03569731809370787,1
ETTh2,010,saits,seasonal,0.19021905246569917,1
ETTh2,010,saits,freq,0.08402430572841052,1
ETTh2,010,tfclean_gp_rbf_chronos2_realw_full,trend,0.039186998287239566,1
ETTh2,010,tfclean_gp_rbf_chronos2_realw_full,seasonal,0.34776416434521523,1
ETTh2,010,tfclean_gp_rbf_chronos2_realw_full,freq,0.33391804155415616,1
ETTh2,010,tfclean_gp_rbf_chronos2_realw_full_freqonly,trend,0.12903402575096062,1
ETTh2,010,tfclean_gp_rbf_chronos2_realw_full_freqonly,seasonal,0.36270608551741795,1
ETTh2,010,tfclean_gp_rbf_chronos2_realw_full_freqonly,freq,0.47758182568784036,1
ETTh2,010,tfclean_gp_rbf_chronos2_realw_full_seasonalonly,trend,0.032972991097143196,1
ETTh2,010,tfclean_gp_rbf_chronos2_realw_full_seasonalonly,seasonal,0.3426849741642034,1
ETTh2,010,tfclean_gp_rbf_chronos2_realw_full_seasonalonly,freq,0.32394473810594204,1
ETTh2,010,tfclean_gp_rbf_chronos2_realw_full_trendonly,trend,0.03489469254513763,1
ETTh2,010,tfclean_gp_rbf_chronos2_realw_full_trendonly,seasonal,0.3432017304935135,1
ETTh2,010,tfclean_gp_rbf_chronos2_realw_full_trendonly,freq,0.3278404752272549,1
ETTh2,010,tfclean_gp_rbf_chronos2_realw_resid,trend,0.033785394052907085,1
ETTh2,010,tfclean_gp_rbf_chronos2_realw_resid,seasonal,0.3439402233682937,1
ETTh2,010,tfclean_gp_rbf_chronos2_realw_resid,freq,0.33203250954685054,1
ETTh2,010,tfclean_gp_rbf_chronos2_realw_resid_freqonly,trend,0.03306460977829257,1
ETTh2,010,tfclean_gp_rbf_chronos2_realw_resid_freqonly,seasonal,0.34519170410397154,1
ETTh2,010,tfclean_gp_rbf_chronos2_realw_resid_freqonly,freq,0.355630722453852,1
ETTh2,010,tfclean_gp_rbf_chronos2_realw_resid_seasonalonly,trend,0.032972991097143196,1
ETTh2,010,tfclean_gp_rbf_chronos2_realw_resid_seasonalonly,seasonal,0.3426849741642034,1
ETTh2,010,tfclean_gp_rbf_chronos2_realw_resid_seasonalonly,freq,0.32394473810594204,1
ETTh2,010,tfclean_gp_rbf_chronos2_realw_resid_trendonly,trend,0.03489469254513763,1
ETTh2,010,tfclean_gp_rbf_chronos2_realw_resid_trendonly,seasonal,0.3432017304935135,1
ETTh2,010,tfclean_gp_rbf_chronos2_realw_resid_trendonly,freq,0.3278404752272549,1
ETTh2,010,tfclean_gp_rbf_kairos50m_realw_full,trend,0.08078768525265441,1
ETTh2,010,tfclean_gp_rbf_kairos50m_realw_full,seasonal,0.3538158305260929,1
ETTh2,010,tfclean_gp_rbf_kairos50m_realw_full,freq,0.4301038560799286,1
ETTh2,010,tfclean_gp_rbf_kairos50m_realw_full_freqonly,trend,0.12903402575096062,1
ETTh2,010,tfclean_gp_rbf_kairos50m_realw_full_freqonly,seasonal,0.36270608551741795,1
ETTh2,010,tfclean_gp_rbf_kairos50m_realw_full_freqonly,freq,0.47758182568784036,1
ETTh2,010,tfclean_gp_rbf_kairos50m_realw_full_seasonalonly,trend,0.032972991097143196,1
ETTh2,010,tfclean_gp_rbf_kairos50m_realw_full_seasonalonly,seasonal,0.3426849741642034,1
ETTh2,010,tfclean_gp_rbf_kairos50m_realw_full_seasonalonly,freq,0.32394473810594204,1
ETTh2,010,tfclean_gp_rbf_kairos50m_realw_full_trendonly,trend,0.03489469254513763,1
ETTh2,010,tfclean_gp_rbf_kairos50m_realw_full_trendonly,seasonal,0.3432017304935135,1
ETTh2,010,tfclean_gp_rbf_kairos50m_realw_full_trendonly,freq,0.3278404752272549,1
ETTh2,010,tfclean_gp_rbf_kairos50m_realw_resid,trend,0.03318488791451101,1
ETTh2,010,tfclean_gp_rbf_kairos50m_realw_resid,seasonal,0.3437351887038875,1
ETTh2,010,tfclean_gp_rbf_kairos50m_realw_resid,freq,0.3318459588430758,1
ETTh2,010,tfclean_gp_rbf_kairos50m_realw_resid_freqonly,trend,0.03306460977829257,1
ETTh2,010,tfclean_gp_rbf_kairos50m_realw_resid_freqonly,seasonal,0.34519170410397154,1
ETTh2,010,tfclean_gp_rbf_kairos50m_realw_resid_freqonly,freq,0.355630722453852,1
ETTh2,010,tfclean_gp_rbf_kairos50m_realw_resid_seasonalonly,trend,0.032972991097143196,1
ETTh2,010,tfclean_gp_rbf_kairos50m_realw_resid_seasonalonly,seasonal,0.3426849741642034,1
ETTh2,010,tfclean_gp_rbf_kairos50m_realw_resid_seasonalonly,freq,0.32394473810594204,1
ETTh2,010,tfclean_gp_rbf_kairos50m_realw_resid_trendonly,trend,0.03489469254513763,1
ETTh2,010,tfclean_gp_rbf_kairos50m_realw_resid_trendonly,seasonal,0.3432017304935135,1
ETTh2,010,tfclean_gp_rbf_kairos50m_realw_resid_trendonly,freq,0.3278404752272549,1
ETTh2,010,tfclean_gp_rbf_timesfm2p5_realw_full,trend,0.047940229184307764,1
ETTh2,010,tfclean_gp_rbf_timesfm2p5_realw_full,seasonal,0.3512294218724151,1
ETTh2,010,tfclean_gp_rbf_timesfm2p5_realw_full,freq,0.34348425367979724,1
ETTh2,010,tfclean_gp_rbf_timesfm2p5_realw_full_freqonly,trend,0.12903402575096062,1
ETTh2,010,tfclean_gp_rbf_timesfm2p5_realw_full_freqonly,seasonal,0.36270608551741795,1
ETTh2,010,tfclean_gp_rbf_timesfm2p5_realw_full_freqonly,freq,0.47758182568784036,1
ETTh2,010,tfclean_gp_rbf_timesfm2p5_realw_full_seasonalonly,trend,0.032972991097143196,1
ETTh2,010,tfclean_gp_rbf_timesfm2p5_realw_full_seasonalonly,seasonal,0.3426849741642034,1
ETTh2,010,tfclean_gp_rbf_timesfm2p5_realw_full_seasonalonly,freq,0.32394473810594204,1
ETTh2,010,tfclean_gp_rbf_timesfm2p5_realw_full_trendonly,trend,0.03489469254513763,1
ETTh2,010,tfclean_gp_rbf_timesfm2p5_realw_full_trendonly,seasonal,0.3432017304935135,1
ETTh2,010,tfclean_gp_rbf_timesfm2p5_realw_full_trendonly,freq,0.3278404752272549,1
ETTh2,010,tfclean_gp_rbf_timesfm2p5_realw_resid,trend,0.03304810387897242,1
ETTh2,010,tfclean_gp_rbf_timesfm2p5_realw_resid,seasonal,0.34183775147654616,1
ETTh2,010,tfclean_gp_rbf_timesfm2p5_realw_resid,freq,0.3261881718479776,1
ETTh2,010,tfclean_gp_rbf_timesfm2p5_realw_resid_freqonly,trend,0.03306460977829257,1
ETTh2,010,tfclean_gp_rbf_timesfm2p5_realw_resid_freqonly,seasonal,0.34519170410397154,1
ETTh2,010,tfclean_gp_rbf_timesfm2p5_realw_resid_freqonly,freq,0.355630722453852,1
ETTh2,010,tfclean_gp_rbf_timesfm2p5_realw_resid_seasonalonly,trend,0.032972991097143196,1
ETTh2,010,tfclean_gp_rbf_timesfm2p5_realw_resid_seasonalonly,seasonal,0.3426849741642034,1
ETTh2,010,tfclean_gp_rbf_timesfm2p5_realw_resid_seasonalonly,freq,0.32394473810594204,1
ETTh2,010,tfclean_gp_rbf_timesfm2p5_realw_resid_trendonly,trend,0.03489469254513763,1
ETTh2,010,tfclean_gp_rbf_timesfm2p5_realw_resid_trendonly,seasonal,0.3432017304935135,1
ETTh2,010,tfclean_gp_rbf_timesfm2p5_realw_resid_trendonly,freq,0.3278404752272549,1
ETTh2,010,tfclean_linear_chronos2_realw_full,trend,0.04191043354300269,1
ETTh2,010,tfclean_linear_chronos2_realw_full,seasonal,0.34093412738342505,1
ETTh2,010,tfclean_linear_chronos2_realw_full,freq,0.29693308480027053,1
ETTh2,010,tfclean_linear_chronos2_realw_full_freqonly,trend,0.1258808676819291,1
ETTh2,010,tfclean_linear_chronos2_realw_full_freqonly,seasonal,0.3639956162623461,1
ETTh2,010,tfclean_linear_chronos2_realw_full_freqonly,freq,0.5065237400522258,1
ETTh2,010,tfclean_linear_chronos2_realw_full_seasonalonly,trend,0.037781648663166814,1
ETTh2,010,tfclean_linear_chronos2_realw_full_seasonalonly,seasonal,0.3374248518187554,1
ETTh2,010,tfclean_linear_chronos2_realw_full_seasonalonly,freq,0.26777781755362356,1
ETTh2,010,tfclean_linear_chronos2_realw_full_trendonly,trend,0.03835311600778302,1
ETTh2,010,tfclean_linear_chronos2_realw_full_trendonly,seasonal,0.3386930157016383,1
ETTh2,010,tfclean_linear_chronos2_realw_full_trendonly,freq,0.2731262928843188,1
ETTh2,010,tfclean_linear_chronos2_realw_resid,trend,0.03774514627273137,1
ETTh2,010,tfclean_linear_chronos2_realw_resid,seasonal,0.33821342687205985,1
ETTh2,010,tfclean_linear_chronos2_realw_resid,freq,0.27968659608114643,1
ETTh2,010,tfclean_linear_chronos2_realw_resid_freqonly,trend,0.039178233334139945,1
ETTh2,010,tfclean_linear_chronos2_realw_resid_freqonly,seasonal,0.34741066808778953,1
ETTh2,010,tfclean_linear_chronos2_realw_resid_freqonly,freq,0.3520499201958304,1
ETTh2,010,tfclean_linear_chronos2_realw_resid_seasonalonly,trend,0.037781648663166814,1
ETTh2,010,tfclean_linear_chronos2_realw_resid_seasonalonly,seasonal,0.3374248518187554,1
ETTh2,010,tfclean_linear_chronos2_realw_resid_seasonalonly,freq,0.26777781755362356,1
ETTh2,010,tfclean_linear_chronos2_realw_resid_trendonly,trend,0.03835311600778302,1
ETTh2,010,tfclean_linear_chronos2_realw_resid_trendonly,seasonal,0.3386930157016383,1
ETTh2,010,tfclean_linear_chronos2_realw_resid_trendonly,freq,0.2731262928843188,1
ETTh2,010,tfclean_linear_kairos50m_realw_full,trend,0.07768515665385423,1
ETTh2,010,tfclean_linear_kairos50m_realw_full,seasonal,0.344770853240283,1
ETTh2,010,tfclean_linear_kairos50m_realw_full,freq,0.34973686139572663,1
ETTh2,010,tfclean_linear_kairos50m_realw_full_freqonly,trend,0.1258808676819291,1
ETTh2,010,tfclean_linear_kairos50m_realw_full_freqonly,seasonal,0.3639956162623461,1
ETTh2,010,tfclean_linear_kairos50m_realw_full_freqonly,freq,0.5065237400522258,1
ETTh2,010,tfclean_linear_kairos50m_realw_full_seasonalonly,trend,0.037781648663166814,1
ETTh2,010,tfclean_linear_kairos50m_realw_full_seasonalonly,seasonal,0.3374248518187554,1
ETTh2,010,tfclean_linear_kairos50m_realw_full_seasonalonly,freq,0.26777781755362356,1
ETTh2,010,tfclean_linear_kairos50m_realw_full_trendonly,trend,0.03835311600778302,1
ETTh2,010,tfclean_linear_kairos50m_realw_full_trendonly,seasonal,0.3386930157016383,1
ETTh2,010,tfclean_linear_kairos50m_realw_full_trendonly,freq,0.2731262928843188,1
ETTh2,010,tfclean_linear_kairos50m_realw_resid,trend,0.03812679214138439,1
ETTh2,010,tfclean_linear_kairos50m_realw_resid,seasonal,0.340277345436266,1
ETTh2,010,tfclean_linear_kairos50m_realw_resid,freq,0.28507451999557915,1
ETTh2,010,tfclean_linear_kairos50m_realw_resid_freqonly,trend,0.039178233334139945,1
ETTh2,010,tfclean_linear_kairos50m_realw_resid_freqonly,seasonal,0.34741066808778953,1
ETTh2,010,tfclean_linear_kairos50m_realw_resid_freqonly,freq,0.3520499201958304,1
ETTh2,010,tfclean_linear_kairos50m_realw_resid_seasonalonly,trend,0.037781648663166814,1
ETTh2,010,tfclean_linear_kairos50m_realw_resid_seasonalonly,seasonal,0.3374248518187554,1
ETTh2,010,tfclean_linear_kairos50m_realw_resid_seasonalonly,freq,0.26777781755362356,1
ETTh2,010,tfclean_linear_kairos50m_realw_resid_trendonly,trend,0.03835311600778302,1
ETTh2,010,tfclean_linear_kairos50m_realw_resid_trendonly,seasonal,0.3386930157016383,1
ETTh2,010,tfclean_linear_kairos50m_realw_resid_trendonly,freq,0.2731262928843188,1
ETTh2,010,tfclean_linear_timesfm2p5_realw_full,trend,0.048337477670550105,1
ETTh2,010,tfclean_linear_timesfm2p5_realw_full,seasonal,0.3429510711369818,1
ETTh2,010,tfclean_linear_timesfm2p5_realw_full,freq,0.32015583510412865,1
ETTh2,010,tfclean_linear_timesfm2p5_realw_full_freqonly,trend,0.1258808676819291,1
ETTh2,010,tfclean_linear_timesfm2p5_realw_full_freqonly,seasonal,0.3639956162623461,1
ETTh2,010,tfclean_linear_timesfm2p5_realw_full_freqonly,freq,0.5065237400522258,1
ETTh2,010,tfclean_linear_timesfm2p5_realw_full_seasonalonly,trend,0.037781648663166814,1
ETTh2,010,tfclean_linear_timesfm2p5_realw_full_seasonalonly,seasonal,0.3374248518187554,1
ETTh2,010,tfclean_linear_timesfm2p5_realw_full_seasonalonly,freq,0.26777781755362356,1
ETTh2,010,tfclean_linear_timesfm2p5_realw_full_trendonly,trend,0.03835311600778302,1
ETTh2,010,tfclean_linear_timesfm2p5_realw_full_trendonly,seasonal,0.3386930157016383,1
ETTh2,010,tfclean_linear_timesfm2p5_realw_full_trendonly,freq,0.2731262928843188,1
ETTh2,010,tfclean_linear_timesfm2p5_realw_resid,trend,0.037835870000408084,1
ETTh2,010,tfclean_linear_timesfm2p5_realw_resid,seasonal,0.33885111908957116,1
ETTh2,010,tfclean_linear_timesfm2p5_realw_resid,freq,0.27570559511384424,1
ETTh2,010,tfclean_linear_timesfm2p5_realw_resid_freqonly,trend,0.039178233334139945,1
ETTh2,010,tfclean_linear_timesfm2p5_realw_resid_freqonly,seasonal,0.34741066808778953,1
ETTh2,010,tfclean_linear_timesfm2p5_realw_resid_freqonly,freq,0.3520499201958304,1
ETTh2,010,tfclean_linear_timesfm2p5_realw_resid_seasonalonly,trend,0.037781648663166814,1
ETTh2,010,tfclean_linear_timesfm2p5_realw_resid_seasonalonly,seasonal,0.3374248518187554,1
ETTh2,010,tfclean_linear_timesfm2p5_realw_resid_seasonalonly,freq,0.26777781755362356,1
ETTh2,010,tfclean_linear_timesfm2p5_realw_resid_trendonly,trend,0.03835311600778302,1
ETTh2,010,tfclean_linear_timesfm2p5_realw_resid_trendonly,seasonal,0.3386930157016383,1
ETTh2,010,tfclean_linear_timesfm2p5_realw_resid_trendonly,freq,0.2731262928843188,1
ETTh2,010,tfclean_saits_chronos2_realw_full,trend,0.04164014721959366,1
ETTh2,010,tfclean_saits_chronos2_realw_full,seasonal,0.19285214211013427,1
ETTh2,010,tfclean_saits_chronos2_realw_full,freq,0.09444373561247288,1
ETTh2,010,tfclean_saits_chronos2_realw_full_freqonly,trend,0.13755498340416475,1
ETTh2,010,tfclean_saits_chronos2_realw_full_freqonly,seasonal,0.3092943894084712,1
ETTh2,010,tfclean_saits_chronos2_realw_full_freqonly,freq,0.4549123207026434,1
ETTh2,010,tfclean_saits_chronos2_realw_full_seasonalonly,trend,0.035697318093706354,1
ETTh2,010,tfclean_saits_chronos2_realw_full_seasonalonly,seasonal,0.19021905246569648,1
ETTh2,010,tfclean_saits_chronos2_realw_full_seasonalonly,freq,0.0840243057284136,1
ETTh2,010,tfclean_saits_chronos2_realw_full_trendonly,trend,0.03369319656894969,1
ETTh2,010,tfclean_saits_chronos2_realw_full_trendonly,seasonal,0.18980987721808906,1
ETTh2,010,tfclean_saits_chronos2_realw_full_trendonly,freq,0.07215779554142664,1
ETTh2,010,tfclean_saits_chronos2_realw_resid,trend,0.034382258013670494,1
ETTh2,010,tfclean_saits_chronos2_realw_resid,seasonal,0.18901570519476454,1
ETTh2,010,tfclean_saits_chronos2_realw_resid,freq,0.07832225865256068,1
ETTh2,010,tfclean_saits_chronos2_realw_resid_freqonly,trend,0.03553191627864505,1
ETTh2,010,tfclean_saits_chronos2_realw_resid_freqonly,seasonal,0.18795425375815025,1
ETTh2,010,tfclean_saits_chronos2_realw_resid_freqonly,freq,0.09151268598708506,1
ETTh2,010,tfclean_saits_chronos2_realw_resid_seasonalonly,trend,0.035697318093706354,1
ETTh2,010,tfclean_saits_chronos2_realw_resid_seasonalonly,seasonal,0.19021905246569648,1
ETTh2,010,tfclean_saits_chronos2_realw_resid_seasonalonly,freq,0.0840243057284136,1
ETTh2,010,tfclean_saits_chronos2_realw_resid_trendonly,trend,0.03369319656894969,1
ETTh2,010,tfclean_saits_chronos2_realw_resid_trendonly,seasonal,0.18980987721808906,1
ETTh2,010,tfclean_saits_chronos2_realw_resid_trendonly,freq,0.07215779554142664,1
ETTh2,010,tfclean_saits_kairos50m_realw_full,trend,0.09293935503820876,1
ETTh2,010,tfclean_saits_kairos50m_realw_full,seasonal,0.25246321449435016,1
ETTh2,010,tfclean_saits_kairos50m_realw_full,freq,0.23372438015222638,1
ETTh2,010,tfclean_saits_kairos50m_realw_full_freqonly,trend,0.13755498340416475,1
ETTh2,010,tfclean_saits_kairos50m_realw_full_freqonly,seasonal,0.3092943894084712,1
ETTh2,010,tfclean_saits_kairos50m_realw_full_freqonly,freq,0.4549123207026434,1
ETTh2,010,tfclean_saits_kairos50m_realw_full_seasonalonly,trend,0.035697318093706354,1
ETTh2,010,tfclean_saits_kairos50m_realw_full_seasonalonly,seasonal,0.19021905246569648,1
ETTh2,010,tfclean_saits_kairos50m_realw_full_seasonalonly,freq,0.0840243057284136,1
ETTh2,010,tfclean_saits_kairos50m_realw_full_trendonly,trend,0.03369319656894969,1
ETTh2,010,tfclean_saits_kairos50m_realw_full_trendonly,seasonal,0.18980987721808906,1
ETTh2,010,tfclean_saits_kairos50m_realw_full_trendonly,freq,0.07215779554142664,1
ETTh2,010,tfclean_saits_kairos50m_realw_resid,trend,0.0355674284370494,1
ETTh2,010,tfclean_saits_kairos50m_realw_resid,seasonal,0.19073114397426064,1
ETTh2,010,tfclean_saits_kairos50m_realw_resid,freq,0.08551061990705924,1
ETTh2,010,tfclean_saits_kairos50m_realw_resid_freqonly,trend,0.03553191627864505,1
ETTh2,010,tfclean_saits_kairos50m_realw_resid_freqonly,seasonal,0.18795425375815025,1
ETTh2,010,tfclean_saits_kairos50m_realw_resid_freqonly,freq,0.09151268598708506,1
ETTh2,010,tfclean_saits_kairos50m_realw_resid_seasonalonly,trend,0.035697318093706354,1
ETTh2,010,tfclean_saits_kairos50m_realw_resid_seasonalonly,seasonal,0.19021905246569648,1
ETTh2,010,tfclean_saits_kairos50m_realw_resid_seasonalonly,freq,0.0840243057284136,1
ETTh2,010,tfclean_saits_kairos50m_realw_resid_trendonly,trend,0.03369319656894969,1
ETTh2,010,tfclean_saits_kairos50m_realw_resid_trendonly,seasonal,0.18980987721808906,1
ETTh2,010,tfclean_saits_kairos50m_realw_resid_trendonly,freq,0.07215779554142664,1
ETTh2,010,tfclean_saits_timesfm2p5_realw_full,trend,0.054162123333609334,1
ETTh2,010,tfclean_saits_timesfm2p5_realw_full,seasonal,0.21232993375926648,1
ETTh2,010,tfclean_saits_timesfm2p5_realw_full,freq,0.12030848753672778,1
ETTh2,010,tfclean_saits_timesfm2p5_realw_full_freqonly,trend,0.13755498340416475,1
ETTh2,010,tfclean_saits_timesfm2p5_realw_full_freqonly,seasonal,0.3092943894084712,1
ETTh2,010,tfclean_saits_timesfm2p5_realw_full_freqonly,freq,0.4549123207026434,1
ETTh2,010,tfclean_saits_timesfm2p5_realw_full_seasonalonly,trend,0.035697318093706354,1
ETTh2,010,tfclean_saits_timesfm2p5_realw_full_seasonalonly,seasonal,0.19021905246569648,1
ETTh2,010,tfclean_saits_timesfm2p5_realw_full_seasonalonly,freq,0.0840243057284136,1
ETTh2,010,tfclean_saits_timesfm2p5_realw_full_trendonly,trend,0.03369319656894969,1
ETTh2,010,tfclean_saits_timesfm2p5_realw_full_trendonly,seasonal,0.18980987721808906,1
ETTh2,010,tfclean_saits_timesfm2p5_realw_full_trendonly,freq,0.07215779554142664,1
ETTh2,010,tfclean_saits_timesfm2p5_realw_resid,trend,0.035266462546963764,1
ETTh2,010,tfclean_saits_timesfm2p5_realw_resid,seasonal,0.18989199699601506,1
ETTh2,010,tfclean_saits_timesfm2p5_realw_resid,freq,0.08310613779380153,1
ETTh2,010,tfclean_saits_timesfm2p5_realw_resid_freqonly,trend,0.03553191627864505,1
ETTh2,010,tfclean_saits_timesfm2p5_realw_resid_freqonly,seasonal,0.18795425375815025,1
ETTh2,010,tfclean_saits_timesfm2p5_realw_resid_freqonly,freq,0.09151268598708506,1
ETTh2,010,tfclean_saits_timesfm2p5_realw_resid_seasonalonly,trend,0.035697318093706354,1
ETTh2,010,tfclean_saits_timesfm2p5_realw_resid_seasonalonly,seasonal,0.19021905246569648,1
ETTh2,010,tfclean_saits_timesfm2p5_realw_resid_seasonalonly,freq,0.0840243057284136,1
ETTh2,010,tfclean_saits_timesfm2p5_realw_resid_trendonly,trend,0.03369319656894969,1
ETTh2,010,tfclean_saits_timesfm2p5_realw_resid_trendonly,seasonal,0.18980987721808906,1
ETTh2,010,tfclean_saits_timesfm2p5_realw_resid_trendonly,freq,0.07215779554142664,1
ETTh2,020,backward,trend,0.07447600575840384,1
ETTh2,020,backward,seasonal,0.46526246645742214,1
ETTh2,020,backward,freq,0.2912686157563091,1
ETTh2,020,forward,trend,0.08121705772821823,1
ETTh2,020,forward,seasonal,0.4583534315788913,1
ETTh2,020,forward,freq,0.3906110863689385,1
ETTh2,020,gp_rbf,trend,0.05254303516956857,1
ETTh2,020,gp_rbf,seasonal,0.4496719522469685,1
ETTh2,020,gp_rbf,freq,0.41518411155029256,1
ETTh2,020,kalman_arima,trend,0.15125005875008965,1
ETTh2,020,kalman_arima,seasonal,0.46630150121918185,1
ETTh2,020,kalman_arima,freq,0.47192782682617623,1
ETTh2,020,kalman_struct,trend,0.11499453044751709,1
ETTh2,020,kalman_struct,seasonal,0.41635570529883464,1
ETTh2,020,kalman_struct,freq,0.4498505684118126,1
ETTh2,020,linear,trend,0.06131448168720323,1
ETTh2,020,linear,seasonal,0.45052655111431894,1
ETTh2,020,linear,freq,0.40662642943272154,1
ETTh2,020,mean,trend,0.1525897590952939,1
ETTh2,020,mean,seasonal,0.4781065323825088,1
ETTh2,020,mean,freq,0.4221517635763218,1
ETTh2,020,saits,trend,0.046565296031190855,1
ETTh2,020,saits,seasonal,0.2560232250654177,1
ETTh2,020,saits,freq,0.2818375408266985,1
ETTh2,020,tfclean_gp_rbf_chronos2_realw_full,trend,0.04951576697078532,1
ETTh2,020,tfclean_gp_rbf_chronos2_realw_full,seasonal,0.4531404068797016,1
ETTh2,020,tfclean_gp_rbf_chronos2_realw_full,freq,0.4118691375732235,1
ETTh2,020,tfclean_gp_rbf_chronos2_realw_full_freqonly,trend,0.15414912003218637,1
ETTh2,020,tfclean_gp_rbf_chronos2_realw_full_freqonly,seasonal,0.47873237420051884,1
ETTh2,020,tfclean_gp_rbf_chronos2_realw_full_freqonly,freq,0.4306569478221911,1
ETTh2,020,tfclean_gp_rbf_chronos2_realw_full_seasonalonly,trend,0.052530913696535564,1
ETTh2,020,tfclean_gp_rbf_chronos2_realw_full_seasonalonly,seasonal,0.4495837879020429,1
ETTh2,020,tfclean_gp_rbf_chronos2_realw_full_seasonalonly,freq,0.4156494886776779,1
ETTh2,020,tfclean_gp_rbf_chronos2_realw_full_trendonly,trend,0.048086546404782354,1
ETTh2,020,tfclean_gp_rbf_chronos2_realw_full_trendonly,seasonal,0.4457779653811901,1
ETTh2,020,tfclean_gp_rbf_chronos2_realw_full_trendonly,freq,0.4360700421150945,1
ETTh2,020,tfclean_gp_rbf_chronos2_realw_resid,trend,0.05000313837499077,1
ETTh2,020,tfclean_gp_rbf_chronos2_realw_resid,seasonal,0.44704723741617264,1
ETTh2,020,tfclean_gp_rbf_chronos2_realw_resid,freq,0.42017644705212837,1
ETTh2,020,tfclean_gp_rbf_chronos2_realw_resid_freqonly,trend,0.05388282441615176,1
ETTh2,020,tfclean_gp_rbf_chronos2_realw_resid_freqonly,seasonal,0.45283962482453083,1
ETTh2,020,tfclean_gp_rbf_chronos2_realw_resid_freqonly,freq,0.2871377837829247,1
ETTh2,020,tfclean_gp_rbf_chronos2_realw_resid_seasonalonly,trend,0.052530913696535564,1
ETTh2,020,tfclean_gp_rbf_chronos2_realw_resid_seasonalonly,seasonal,0.4495837879020429,1
ETTh2,020,tfclean_gp_rbf_chronos2_realw_resid_seasonalonly,freq,0.4156494886776779,1
ETTh2,020,tfclean_gp_rbf_chronos2_realw_resid_trendonly,trend,0.048086546404782354,1
ETTh2,020,tfclean_gp_rbf_chronos2_realw_resid_trendonly,seasonal,0.4457779653811901,1
ETTh2,020,tfclean_gp_rbf_chronos2_realw_resid_trendonly,freq,0.4360700421150945,1
ETTh2,020,tfclean_gp_rbf_kairos50m_realw_full,trend,0.0955736439926466,1
ETTh2,020,tfclean_gp_rbf_kairos50m_realw_full,seasonal,0.4766374093692117,1
ETTh2,020,tfclean_gp_rbf_kairos50m_realw_full,freq,0.4014248670687806,1
ETTh2,020,tfclean_gp_rbf_kairos50m_realw_full_freqonly,trend,0.15414912003218637,1
ETTh2,020,tfclean_gp_rbf_kairos50m_realw_full_freqonly,seasonal,0.47873237420051884,1
ETTh2,020,tfclean_gp_rbf_kairos50m_realw_full_freqonly,freq,0.4306569478221911,1
ETTh2,020,tfclean_gp_rbf_kairos50m_realw_full_seasonalonly,trend,0.052530913696535564,1
ETTh2,020,tfclean_gp_rbf_kairos50m_realw_full_seasonalonly,seasonal,0.4495837879020429,1
ETTh2,020,tfclean_gp_rbf_kairos50m_realw_full_seasonalonly,freq,0.4156494886776779,1
ETTh2,020,tfclean_gp_rbf_kairos50m_realw_full_trendonly,trend,0.048086546404782354,1
ETTh2,020,tfclean_gp_rbf_kairos50m_realw_full_trendonly,seasonal,0.4457779653811901,1
ETTh2,020,tfclean_gp_rbf_kairos50m_realw_full_trendonly,freq,0.4360700421150945,1
ETTh2,020,tfclean_gp_rbf_kairos50m_realw_resid,trend,0.05342740875446965,1
ETTh2,020,tfclean_gp_rbf_kairos50m_realw_resid,seasonal,0.45004185991594375,1
ETTh2,020,tfclean_gp_rbf_kairos50m_realw_resid,freq,0.38833809319615936,1
ETTh2,020,tfclean_gp_rbf_kairos50m_realw_resid_freqonly,trend,0.05388282441615176,1
ETTh2,020,tfclean_gp_rbf_kairos50m_realw_resid_freqonly,seasonal,0.45283962482453083,1
ETTh2,020,tfclean_gp_rbf_kairos50m_realw_resid_freqonly,freq,0.2871377837829247,1
ETTh2,020,tfclean_gp_rbf_kairos50m_realw_resid_seasonalonly,trend,0.052530913696535564,1
ETTh2,020,tfclean_gp_rbf_kairos50m_realw_resid_seasonalonly,seasonal,0.4495837879020429,1
ETTh2,020,tfclean_gp_rbf_kairos50m_realw_resid_seasonalonly,freq,0.4156494886776779,1
ETTh2,020,tfclean_gp_rbf_kairos50m_realw_resid_trendonly,trend,0.048086546404782354,1
ETTh2,020,tfclean_gp_rbf_kairos50m_realw_resid_trendonly,seasonal,0.4457779653811901,1
ETTh2,020,tfclean_gp_rbf_kairos50m_realw_resid_trendonly,freq,0.4360700421150945,1
ETTh2,020,tfclean_gp_rbf_timesfm2p5_realw_full,trend,0.056927368952007194,1
ETTh2,020,tfclean_gp_rbf_timesfm2p5_realw_full,seasonal,0.46007864498071194,1
ETTh2,020,tfclean_gp_rbf_timesfm2p5_realw_full,freq,0.36464734462376525,1
ETTh2,020,tfclean_gp_rbf_timesfm2p5_realw_full_freqonly,trend,0.15414912003218637,1
ETTh2,020,tfclean_gp_rbf_timesfm2p5_realw_full_freqonly,seasonal,0.47873237420051884,1
ETTh2,020,tfclean_gp_rbf_timesfm2p5_realw_full_freqonly,freq,0.4306569478221911,1
ETTh2,020,tfclean_gp_rbf_timesfm2p5_realw_full_seasonalonly,trend,0.052530913696535564,1
ETTh2,020,tfclean_gp_rbf_timesfm2p5_realw_full_seasonalonly,seasonal,0.4495837879020429,1
ETTh2,020,tfclean_gp_rbf_timesfm2p5_realw_full_seasonalonly,freq,0.4156494886776779,1
ETTh2,020,tfclean_gp_rbf_timesfm2p5_realw_full_trendonly,trend,0.048086546404782354,1
ETTh2,020,tfclean_gp_rbf_timesfm2p5_realw_full_trendonly,seasonal,0.4457779653811901,1
ETTh2,020,tfclean_gp_rbf_timesfm2p5_realw_full_trendonly,freq,0.4360700421150945,1
ETTh2,020,tfclean_gp_rbf_timesfm2p5_realw_resid,trend,0.05177752903322441,1
ETTh2,020,tfclean_gp_rbf_timesfm2p5_realw_resid,seasonal,0.44970637008376235,1
ETTh2,020,tfclean_gp_rbf_timesfm2p5_realw_resid,freq,0.4174468805692585,1
ETTh2,020,tfclean_gp_rbf_timesfm2p5_realw_resid_freqonly,trend,0.05388282441615176,1
ETTh2,020,tfclean_gp_rbf_timesfm2p5_realw_resid_freqonly,seasonal,0.45283962482453083,1
ETTh2,020,tfclean_gp_rbf_timesfm2p5_realw_resid_freqonly,freq,0.2871377837829247,1
ETTh2,020,tfclean_gp_rbf_timesfm2p5_realw_resid_seasonalonly,trend,0.052530913696535564,1
ETTh2,020,tfclean_gp_rbf_timesfm2p5_realw_resid_seasonalonly,seasonal,0.4495837879020429,1
ETTh2,020,tfclean_gp_rbf_timesfm2p5_realw_resid_seasonalonly,freq,0.4156494886776779,1
ETTh2,020,tfclean_gp_rbf_timesfm2p5_realw_resid_trendonly,trend,0.048086546404782354,1
ETTh2,020,tfclean_gp_rbf_timesfm2p5_realw_resid_trendonly,seasonal,0.4457779653811901,1
ETTh2,020,tfclean_gp_rbf_timesfm2p5_realw_resid_trendonly,freq,0.4360700421150945,1
ETTh2,020,tfclean_linear_chronos2_realw_full,trend,0.05815453488952777,1
ETTh2,020,tfclean_linear_chronos2_realw_full,seasonal,0.4621877830965797,1
ETTh2,020,tfclean_linear_chronos2_realw_full,freq,0.39256273892298865,1
ETTh2,020,tfclean_linear_chronos2_realw_full_freqonly,trend,0.15312252698637988,1
ETTh2,020,tfclean_linear_chronos2_realw_full_freqonly,seasonal,0.4819196065152161,1
ETTh2,020,tfclean_linear_chronos2_realw_full_freqonly,freq,0.45185986189803673,1
ETTh2,020,tfclean_linear_chronos2_realw_full_seasonalonly,trend,0.061272176206255254,1
ETTh2,020,tfclean_linear_chronos2_realw_full_seasonalonly,seasonal,0.45023156333622516,1
ETTh2,020,tfclean_linear_chronos2_realw_full_seasonalonly,freq,0.407978643022686,1
ETTh2,020,tfclean_linear_chronos2_realw_full_trendonly,trend,0.05669899987115586,1
ETTh2,020,tfclean_linear_chronos2_realw_full_trendonly,seasonal,0.44639777889856275,1
ETTh2,020,tfclean_linear_chronos2_realw_full_trendonly,freq,0.39547356474170897,1
ETTh2,020,tfclean_linear_chronos2_realw_resid,trend,0.059043192826324566,1
ETTh2,020,tfclean_linear_chronos2_realw_resid,seasonal,0.4543698987431701,1
ETTh2,020,tfclean_linear_chronos2_realw_resid,freq,0.40272996809545153,1
ETTh2,020,tfclean_linear_chronos2_realw_resid_freqonly,trend,0.06351936584992426,1
ETTh2,020,tfclean_linear_chronos2_realw_resid_freqonly,seasonal,0.4643340930569214,1
ETTh2,020,tfclean_linear_chronos2_realw_resid_freqonly,freq,0.28608907533517125,1
ETTh2,020,tfclean_linear_chronos2_realw_resid_seasonalonly,trend,0.061272176206255254,1
ETTh2,020,tfclean_linear_chronos2_realw_resid_seasonalonly,seasonal,0.45023156333622516,1
ETTh2,020,tfclean_linear_chronos2_realw_resid_seasonalonly,freq,0.407978643022686,1
ETTh2,020,tfclean_linear_chronos2_realw_resid_trendonly,trend,0.05669899987115586,1
ETTh2,020,tfclean_linear_chronos2_realw_resid_trendonly,seasonal,0.44639777889856275,1
ETTh2,020,tfclean_linear_chronos2_realw_resid_trendonly,freq,0.39547356474170897,1
ETTh2,020,tfclean_linear_kairos50m_realw_full,trend,0.09680043078782316,1
ETTh2,020,tfclean_linear_kairos50m_realw_full,seasonal,0.4660239434458946,1
ETTh2,020,tfclean_linear_kairos50m_realw_full,freq,0.4418387242405472,1
ETTh2,020,tfclean_linear_kairos50m_realw_full_freqonly,trend,0.15312252698637988,1
ETTh2,020,tfclean_linear_kairos50m_realw_full_freqonly,seasonal,0.4819196065152161,1
ETTh2,020,tfclean_linear_kairos50m_realw_full_freqonly,freq,0.45185986189803673,1
ETTh2,020,tfclean_linear_kairos50m_realw_full_seasonalonly,trend,0.061272176206255254,1
ETTh2,020,tfclean_linear_kairos50m_realw_full_seasonalonly,seasonal,0.45023156333622516,1
ETTh2,020,tfclean_linear_kairos50m_realw_full_seasonalonly,freq,0.407978643022686,1
ETTh2,020,tfclean_linear_kairos50m_realw_full_trendonly,trend,0.05669899987115586,1
ETTh2,020,tfclean_linear_kairos50m_realw_full_trendonly,seasonal,0.44639777889856275,1
ETTh2,020,tfclean_linear_kairos50m_realw_full_trendonly,freq,0.39547356474170897,1
ETTh2,020,tfclean_linear_kairos50m_realw_resid,trend,0.06164134248442814,1
ETTh2,020,tfclean_linear_kairos50m_realw_resid,seasonal,0.4538038607381228,1
ETTh2,020,tfclean_linear_kairos50m_realw_resid,freq,0.3976428617415886,1
ETTh2,020,tfclean_linear_kairos50m_realw_resid_freqonly,trend,0.06351936584992426,1
ETTh2,020,tfclean_linear_kairos50m_realw_resid_freqonly,seasonal,0.4643340930569214,1
ETTh2,020,tfclean_linear_kairos50m_realw_resid_freqonly,freq,0.28608907533517125,1
ETTh2,020,tfclean_linear_kairos50m_realw_resid_seasonalonly,trend,0.061272176206255254,1
ETTh2,020,tfclean_linear_kairos50m_realw_resid_seasonalonly,seasonal,0.45023156333622516,1
ETTh2,020,tfclean_linear_kairos50m_realw_resid_seasonalonly,freq,0.407978643022686,1
ETTh2,020,tfclean_linear_kairos50m_realw_resid_trendonly,trend,0.05669899987115586,1
ETTh2,020,tfclean_linear_kairos50m_realw_resid_trendonly,seasonal,0.44639777889856275,1
ETTh2,020,tfclean_linear_kairos50m_realw_resid_trendonly,freq,0.39547356474170897,1
ETTh2,020,tfclean_linear_timesfm2p5_realw_full,trend,0.06373310707527166,1
ETTh2,020,tfclean_linear_timesfm2p5_realw_full,seasonal,0.46825251603988516,1
ETTh2,020,tfclean_linear_timesfm2p5_realw_full,freq,0.3795779611497467,1
ETTh2,020,tfclean_linear_timesfm2p5_realw_full_freqonly,trend,0.15312252698637988,1
ETTh2,020,tfclean_linear_timesfm2p5_realw_full_freqonly,seasonal,0.4819196065152161,1
ETTh2,020,tfclean_linear_timesfm2p5_realw_full_freqonly,freq,0.45185986189803673,1
ETTh2,020,tfclean_linear_timesfm2p5_realw_full_seasonalonly,trend,0.061272176206255254,1
ETTh2,020,tfclean_linear_timesfm2p5_realw_full_seasonalonly,seasonal,0.45023156333622516,1
ETTh2,020,tfclean_linear_timesfm2p5_realw_full_seasonalonly,freq,0.407978643022686,1
ETTh2,020,tfclean_linear_timesfm2p5_realw_full_trendonly,trend,0.05669899987115586,1
ETTh2,020,tfclean_linear_timesfm2p5_realw_full_trendonly,seasonal,0.44639777889856275,1
ETTh2,020,tfclean_linear_timesfm2p5_realw_full_trendonly,freq,0.39547356474170897,1
ETTh2,020,tfclean_linear_timesfm2p5_realw_resid,trend,0.06092297618669725,1
ETTh2,020,tfclean_linear_timesfm2p5_realw_resid,seasonal,0.4551873089270254,1
ETTh2,020,tfclean_linear_timesfm2p5_realw_resid,freq,0.4046938669271747,1
ETTh2,020,tfclean_linear_timesfm2p5_realw_resid_freqonly,trend,0.06351936584992426,1
ETTh2,020,tfclean_linear_timesfm2p5_realw_resid_freqonly,seasonal,0.4643340930569214,1
ETTh2,020,tfclean_linear_timesfm2p5_realw_resid_freqonly,freq,0.28608907533517125,1
ETTh2,020,tfclean_linear_timesfm2p5_realw_resid_seasonalonly,trend,0.061272176206255254,1
ETTh2,020,tfclean_linear_timesfm2p5_realw_resid_seasonalonly,seasonal,0.45023156333622516,1
ETTh2,020,tfclean_linear_timesfm2p5_realw_resid_seasonalonly,freq,0.407978643022686,1
ETTh2,020,tfclean_linear_timesfm2p5_realw_resid_trendonly,trend,0.05669899987115586,1
ETTh2,020,tfclean_linear_timesfm2p5_realw_resid_trendonly,seasonal,0.44639777889856275,1
ETTh2,020,tfclean_linear_timesfm2p5_realw_resid_trendonly,freq,0.39547356474170897,1
ETTh2,020,tfclean_saits_chronos2_realw_full,trend,0.0482830342305712,1
ETTh2,020,tfclean_saits_chronos2_realw_full,seasonal,0.2658891036109629,1
ETTh2,020,tfclean_saits_chronos2_realw_full,freq,0.25943116710101427,1
ETTh2,020,tfclean_saits_chronos2_realw_full_freqonly,trend,0.16452151072308946,1
ETTh2,020,tfclean_saits_chronos2_realw_full_freqonly,seasonal,0.4331306645298915,1
ETTh2,020,tfclean_saits_chronos2_realw_full_freqonly,freq,0.48202034495795326,1
ETTh2,020,tfclean_saits_chronos2_realw_full_seasonalonly,trend,0.046565296031191285,1
ETTh2,020,tfclean_saits_chronos2_realw_full_seasonalonly,seasonal,0.2560232250654244,1
ETTh2,020,tfclean_saits_chronos2_realw_full_seasonalonly,freq,0.2818375408266951,1
ETTh2,020,tfclean_saits_chronos2_realw_full_trendonly,trend,0.04061459846539954,1
ETTh2,020,tfclean_saits_chronos2_realw_full_trendonly,seasonal,0.26220478778093687,1
ETTh2,020,tfclean_saits_chronos2_realw_full_trendonly,freq,0.26915114325114314,1
ETTh2,020,tfclean_saits_chronos2_realw_resid,trend,0.04319387471131032,1
ETTh2,020,tfclean_saits_chronos2_realw_resid,seasonal,0.25939854995800943,1
ETTh2,020,tfclean_saits_chronos2_realw_resid,freq,0.27478287954255987,1
ETTh2,020,tfclean_saits_chronos2_realw_resid_freqonly,trend,0.04677059211735936,1
ETTh2,020,tfclean_saits_chronos2_realw_resid_freqonly,seasonal,0.25633241102700527,1
ETTh2,020,tfclean_saits_chronos2_realw_resid_freqonly,freq,0.2822763948143297,1
ETTh2,020,tfclean_saits_chronos2_realw_resid_seasonalonly,trend,0.046565296031191285,1
ETTh2,020,tfclean_saits_chronos2_realw_resid_seasonalonly,seasonal,0.2560232250654244,1
ETTh2,020,tfclean_saits_chronos2_realw_resid_seasonalonly,freq,0.2818375408266951,1
ETTh2,020,tfclean_saits_chronos2_realw_resid_trendonly,trend,0.04061459846539954,1
ETTh2,020,tfclean_saits_chronos2_realw_resid_trendonly,seasonal,0.26220478778093687,1
ETTh2,020,tfclean_saits_chronos2_realw_resid_trendonly,freq,0.26915114325114314,1
ETTh2,020,tfclean_saits_kairos50m_realw_full,trend,0.10814246126931297,1
ETTh2,020,tfclean_saits_kairos50m_realw_full,seasonal,0.3402787277693874,1
ETTh2,020,tfclean_saits_kairos50m_realw_full,freq,0.4729681336135031,1
ETTh2,020,tfclean_saits_kairos50m_realw_full_freqonly,trend,0.16452151072308946,1
ETTh2,020,tfclean_saits_kairos50m_realw_full_freqonly,seasonal,0.4331306645298915,1
ETTh2,020,tfclean_saits_kairos50m_realw_full_freqonly,freq,0.48202034495795326,1
ETTh2,020,tfclean_saits_kairos50m_realw_full_seasonalonly,trend,0.046565296031191285,1
ETTh2,020,tfclean_saits_kairos50m_realw_full_seasonalonly,seasonal,0.2560232250654244,1
ETTh2,020,tfclean_saits_kairos50m_realw_full_seasonalonly,freq,0.2818375408266951,1
ETTh2,020,tfclean_saits_kairos50m_realw_full_trendonly,trend,0.04061459846539954,1
ETTh2,020,tfclean_saits_kairos50m_realw_full_trendonly,seasonal,0.26220478778093687,1
ETTh2,020,tfclean_saits_kairos50m_realw_full_trendonly,freq,0.26915114325114314,1
ETTh2,020,tfclean_saits_kairos50m_realw_resid,trend,0.04659770976092155,1
ETTh2,020,tfclean_saits_kairos50m_realw_resid,seasonal,0.25602393588477396,1
ETTh2,020,tfclean_saits_kairos50m_realw_resid,freq,0.28193343305009416,1
ETTh2,020,tfclean_saits_kairos50m_realw_resid_freqonly,trend,0.04677059211735936,1
ETTh2,020,tfclean_saits_kairos50m_realw_resid_freqonly,seasonal,0.25633241102700527,1
ETTh2,020,tfclean_saits_kairos50m_realw_resid_freqonly,freq,0.2822763948143297,1
ETTh2,020,tfclean_saits_kairos50m_realw_resid_seasonalonly,trend,0.046565296031191285,1
ETTh2,020,tfclean_saits_kairos50m_realw_resid_seasonalonly,seasonal,0.2560232250654244,1
ETTh2,020,tfclean_saits_kairos50m_realw_resid_seasonalonly,freq,0.2818375408266951,1
ETTh2,020,tfclean_saits_kairos50m_realw_resid_trendonly,trend,0.04061459846539954,1
ETTh2,020,tfclean_saits_kairos50m_realw_resid_trendonly,seasonal,0.26220478778093687,1
ETTh2,020,tfclean_saits_kairos50m_realw_resid_trendonly,freq,0.26915114325114314,1
ETTh2,020,tfclean_saits_timesfm2p5_realw_full,trend,0.06276852500650318,1
ETTh2,020,tfclean_saits_timesfm2p5_realw_full,seasonal,0.2844288979075377,1
ETTh2,020,tfclean_saits_timesfm2p5_realw_full,freq,0.3083890928155017,1
ETTh2,020,tfclean_saits_timesfm2p5_realw_full_freqonly,trend,0.16452151072308946,1
ETTh2,020,tfclean_saits_timesfm2p5_realw_full_freqonly,seasonal,0.4331306645298915,1
ETTh2,020,tfclean_saits_timesfm2p5_realw_full_freqonly,freq,0.48202034495795326,1
ETTh2,020,tfclean_saits_timesfm2p5_realw_full_seasonalonly,trend,0.046565296031191285,1
ETTh2,020,tfclean_saits_timesfm2p5_realw_full_seasonalonly,seasonal,0.2560232250654244,1
ETTh2,020,tfclean_saits_timesfm2p5_realw_full_seasonalonly,freq,0.2818375408266951,1
ETTh2,020,tfclean_saits_timesfm2p5_realw_full_trendonly,trend,0.04061459846539954,1
ETTh2,020,tfclean_saits_timesfm2p5_realw_full_trendonly,seasonal,0.26220478778093687,1
ETTh2,020,tfclean_saits_timesfm2p5_realw_full_trendonly,freq,0.26915114325114314,1
ETTh2,020,tfclean_saits_timesfm2p5_realw_resid,trend,0.04560356048452664,1
ETTh2,020,tfclean_saits_timesfm2p5_realw_resid,seasonal,0.25640060312770563,1
ETTh2,020,tfclean_saits_timesfm2p5_realw_resid,freq,0.2810106005445897,1
ETTh2,020,tfclean_saits_timesfm2p5_realw_resid_freqonly,trend,0.04677059211735936,1
ETTh2,020,tfclean_saits_timesfm2p5_realw_resid_freqonly,seasonal,0.25633241102700527,1
ETTh2,020,tfclean_saits_timesfm2p5_realw_resid_freqonly,freq,0.2822763948143297,1
ETTh2,020,tfclean_saits_timesfm2p5_realw_resid_seasonalonly,trend,0.046565296031191285,1
ETTh2,020,tfclean_saits_timesfm2p5_realw_resid_seasonalonly,seasonal,0.2560232250654244,1
ETTh2,020,tfclean_saits_timesfm2p5_realw_resid_seasonalonly,freq,0.2818375408266951,1
ETTh2,020,tfclean_saits_timesfm2p5_realw_resid_trendonly,trend,0.04061459846539954,1
ETTh2,020,tfclean_saits_timesfm2p5_realw_resid_trendonly,seasonal,0.26220478778093687,1
ETTh2,020,tfclean_saits_timesfm2p5_realw_resid_trendonly,freq,0.26915114325114314,1
ETTh2,030,backward,trend,0.09540276408229344,1
ETTh2,030,backward,seasonal,0.6333468968067598,1
ETTh2,030,backward,freq,0.5628162591898456,1
ETTh2,030,forward,trend,0.1054068033979115,1
ETTh2,030,forward,seasonal,0.6382814798219664,1
ETTh2,030,forward,freq,0.6247880206114641,1
ETTh2,030,gp_rbf,trend,0.07000209495935773,1
ETTh2,030,gp_rbf,seasonal,0.6306188817553784,1
ETTh2,030,gp_rbf,freq,0.5020772085859901,1
ETTh2,030,kalman_arima,trend,0.21208073890303863,1
ETTh2,030,kalman_arima,seasonal,0.6439646784517061,1
ETTh2,030,kalman_arima,freq,0.45188131928921266,1
ETTh2,030,kalman_struct,trend,0.15493920646655476,1
ETTh2,030,kalman_struct,seasonal,0.595983886892795,1
ETTh2,030,kalman_struct,freq,0.4148156294758698,1
ETTh2,030,linear,trend,0.07549222413271035,1
ETTh2,030,linear,seasonal,0.6186511957386011,1
ETTh2,030,linear,freq,0.3758723757906704,1
ETTh2,030,mean,trend,0.21405640975402532,1
ETTh2,030,mean,seasonal,0.6559935059502986,1
ETTh2,030,mean,freq,0.5103994071289448,1
ETTh2,030,saits,trend,0.054758539867779614,1
ETTh2,030,saits,seasonal,0.33982690286434436,1
ETTh2,030,saits,freq,0.419018560251095,1
ETTh2,030,tfclean_gp_rbf_chronos2_realw_full,trend,0.07249609351645067,1
ETTh2,030,tfclean_gp_rbf_chronos2_realw_full,seasonal,0.6353315599608342,1
ETTh2,030,tfclean_gp_rbf_chronos2_realw_full,freq,0.5080231331868043,1
ETTh2,030,tfclean_gp_rbf_chronos2_realw_full_freqonly,trend,0.22404964578428185,1
ETTh2,030,tfclean_gp_rbf_chronos2_realw_full_freqonly,seasonal,0.6562740941366475,1
ETTh2,030,tfclean_gp_rbf_chronos2_realw_full_freqonly,freq,0.5528986546464412,1
ETTh2,030,tfclean_gp_rbf_chronos2_realw_full_seasonalonly,trend,0.06989640280141259,1
ETTh2,030,tfclean_gp_rbf_chronos2_realw_full_seasonalonly,seasonal,0.6297467490166281,1
ETTh2,030,tfclean_gp_rbf_chronos2_realw_full_seasonalonly,freq,0.49866158763377055,1
ETTh2,030,tfclean_gp_rbf_chronos2_realw_full_trendonly,trend,0.06760850751168693,1
ETTh2,030,tfclean_gp_rbf_chronos2_realw_full_trendonly,seasonal,0.6300077628578092,1
ETTh2,030,tfclean_gp_rbf_chronos2_realw_full_trendonly,freq,0.48937367013872923,1
ETTh2,030,tfclean_gp_rbf_chronos2_realw_resid,trend,0.06913918618781816,1
ETTh2,030,tfclean_gp_rbf_chronos2_realw_resid,seasonal,0.6368606689562823,1
ETTh2,030,tfclean_gp_rbf_chronos2_realw_resid,freq,0.5406423049088371,1
ETTh2,030,tfclean_gp_rbf_chronos2_realw_resid_freqonly,trend,0.07040206478244926,1
ETTh2,030,tfclean_gp_rbf_chronos2_realw_resid_freqonly,seasonal,0.6419628222654197,1
ETTh2,030,tfclean_gp_rbf_chronos2_realw_resid_freqonly,freq,0.8106055312884547,1
ETTh2,030,tfclean_gp_rbf_chronos2_realw_resid_seasonalonly,trend,0.06989640280141259,1
ETTh2,030,tfclean_gp_rbf_chronos2_realw_resid_seasonalonly,seasonal,0.6297467490166281,1
ETTh2,030,tfclean_gp_rbf_chronos2_realw_resid_seasonalonly,freq,0.49866158763377055,1
ETTh2,030,tfclean_gp_rbf_chronos2_realw_resid_trendonly,trend,0.06760850751168693,1
ETTh2,030,tfclean_gp_rbf_chronos2_realw_resid_trendonly,seasonal,0.6300077628578092,1
ETTh2,030,tfclean_gp_rbf_chronos2_realw_resid_trendonly,freq,0.48937367013872923,1
ETTh2,030,tfclean_gp_rbf_kairos50m_realw_full,trend,0.14322028653031663,1
ETTh2,030,tfclean_gp_rbf_kairos50m_realw_full,seasonal,0.6532333397684051,1
ETTh2,030,tfclean_gp_rbf_kairos50m_realw_full,freq,0.569261491789788,1
ETTh2,030,tfclean_gp_rbf_kairos50m_realw_full_freqonly,trend,0.22404964578428185,1
ETTh2,030,tfclean_gp_rbf_kairos50m_realw_full_freqonly,seasonal,0.6562740941366475,1
ETTh2,030,tfclean_gp_rbf_kairos50m_realw_full_freqonly,freq,0.5528986546464412,1
ETTh2,030,tfclean_gp_rbf_kairos50m_realw_full_seasonalonly,trend,0.06989640280141259,1
ETTh2,030,tfclean_gp_rbf_kairos50m_realw_full_seasonalonly,seasonal,0.6297467490166281,1
ETTh2,030,tfclean_gp_rbf_kairos50m_realw_full_seasonalonly,freq,0.49866158763377055,1
ETTh2,030,tfclean_gp_rbf_kairos50m_realw_full_trendonly,trend,0.06760850751168693,1
ETTh2,030,tfclean_gp_rbf_kairos50m_realw_full_trendonly,seasonal,0.6300077628578092,1
ETTh2,030,tfclean_gp_rbf_kairos50m_realw_full_trendonly,freq,0.48937367013872923,1
ETTh2,030,tfclean_gp_rbf_kairos50m_realw_resid,trend,0.07015087981900534,1
ETTh2,030,tfclean_gp_rbf_kairos50m_realw_resid,seasonal,0.6445918758438114,1
ETTh2,030,tfclean_gp_rbf_kairos50m_realw_resid,freq,0.6411656474197359,1
ETTh2,030,tfclean_gp_rbf_kairos50m_realw_resid_freqonly,trend,0.07040206478244926,1
ETTh2,030,tfclean_gp_rbf_kairos50m_realw_resid_freqonly,seasonal,0.6419628222654197,1
ETTh2,030,tfclean_gp_rbf_kairos50m_realw_resid_freqonly,freq,0.8106055312884547,1
ETTh2,030,tfclean_gp_rbf_kairos50m_realw_resid_seasonalonly,trend,0.06989640280141259,1
ETTh2,030,tfclean_gp_rbf_kairos50m_realw_resid_seasonalonly,seasonal,0.6297467490166281,1
ETTh2,030,tfclean_gp_rbf_kairos50m_realw_resid_seasonalonly,freq,0.49866158763377055,1
ETTh2,030,tfclean_gp_rbf_kairos50m_realw_resid_trendonly,trend,0.06760850751168693,1
ETTh2,030,tfclean_gp_rbf_kairos50m_realw_resid_trendonly,seasonal,0.6300077628578092,1
ETTh2,030,tfclean_gp_rbf_kairos50m_realw_resid_trendonly,freq,0.48937367013872923,1
ETTh2,030,tfclean_gp_rbf_timesfm2p5_realw_full,trend,0.08718748751735705,1
ETTh2,030,tfclean_gp_rbf_timesfm2p5_realw_full,seasonal,0.6368659019269298,1
ETTh2,030,tfclean_gp_rbf_timesfm2p5_realw_full,freq,0.5573262644277397,1
ETTh2,030,tfclean_gp_rbf_timesfm2p5_realw_full_freqonly,trend,0.22404964578428185,1
ETTh2,030,tfclean_gp_rbf_timesfm2p5_realw_full_freqonly,seasonal,0.6562740941366475,1
ETTh2,030,tfclean_gp_rbf_timesfm2p5_realw_full_freqonly,freq,0.5528986546464412,1
ETTh2,030,tfclean_gp_rbf_timesfm2p5_realw_full_seasonalonly,trend,0.06989640280141259,1
ETTh2,030,tfclean_gp_rbf_timesfm2p5_realw_full_seasonalonly,seasonal,0.6297467490166281,1
ETTh2,030,tfclean_gp_rbf_timesfm2p5_realw_full_seasonalonly,freq,0.49866158763377055,1
ETTh2,030,tfclean_gp_rbf_timesfm2p5_realw_full_trendonly,trend,0.06760850751168693,1
ETTh2,030,tfclean_gp_rbf_timesfm2p5_realw_full_trendonly,seasonal,0.6300077628578092,1
ETTh2,030,tfclean_gp_rbf_timesfm2p5_realw_full_trendonly,freq,0.48937367013872923,1
ETTh2,030,tfclean_gp_rbf_timesfm2p5_realw_resid,trend,0.06954802094601976,1
ETTh2,030,tfclean_gp_rbf_timesfm2p5_realw_resid,seasonal,0.6292209347674695,1
ETTh2,030,tfclean_gp_rbf_timesfm2p5_realw_resid,freq,0.4973198776509676,1
ETTh2,030,tfclean_gp_rbf_timesfm2p5_realw_resid_freqonly,trend,0.07040206478244926,1
ETTh2,030,tfclean_gp_rbf_timesfm2p5_realw_resid_freqonly,seasonal,0.6419628222654197,1
ETTh2,030,tfclean_gp_rbf_timesfm2p5_realw_resid_freqonly,freq,0.8106055312884547,1
ETTh2,030,tfclean_gp_rbf_timesfm2p5_realw_resid_seasonalonly,trend,0.06989640280141259,1
ETTh2,030,tfclean_gp_rbf_timesfm2p5_realw_resid_seasonalonly,seasonal,0.6297467490166281,1
ETTh2,030,tfclean_gp_rbf_timesfm2p5_realw_resid_seasonalonly,freq,0.49866158763377055,1
ETTh2,030,tfclean_gp_rbf_timesfm2p5_realw_resid_trendonly,trend,0.06760850751168693,1
ETTh2,030,tfclean_gp_rbf_timesfm2p5_realw_resid_trendonly,seasonal,0.6300077628578092,1
ETTh2,030,tfclean_gp_rbf_timesfm2p5_realw_resid_trendonly,freq,0.48937367013872923,1
ETTh2,030,tfclean_linear_chronos2_realw_full,trend,0.07468360247803174,1
ETTh2,030,tfclean_linear_chronos2_realw_full,seasonal,0.6166129665698733,1
ETTh2,030,tfclean_linear_chronos2_realw_full,freq,0.36466533298578374,1
ETTh2,030,tfclean_linear_chronos2_realw_full_freqonly,trend,0.21814314925964104,1
ETTh2,030,tfclean_linear_chronos2_realw_full_freqonly,seasonal,0.6554732932574286,1
ETTh2,030,tfclean_linear_chronos2_realw_full_freqonly,freq,0.4265868042983299,1
ETTh2,030,tfclean_linear_chronos2_realw_full_seasonalonly,trend,0.0753567010245216,1
ETTh2,030,tfclean_linear_chronos2_realw_full_seasonalonly,seasonal,0.6161900608210104,1
ETTh2,030,tfclean_linear_chronos2_realw_full_seasonalonly,freq,0.37434473678714597,1
ETTh2,030,tfclean_linear_chronos2_realw_full_trendonly,trend,0.07067701850989722,1
ETTh2,030,tfclean_linear_chronos2_realw_full_trendonly,seasonal,0.6116676461482586,1
ETTh2,030,tfclean_linear_chronos2_realw_full_trendonly,freq,0.3498352621614558,1
ETTh2,030,tfclean_linear_chronos2_realw_resid,trend,0.073048472558323,1
ETTh2,030,tfclean_linear_chronos2_realw_resid,seasonal,0.6193573288925965,1
ETTh2,030,tfclean_linear_chronos2_realw_resid,freq,0.3860851326800783,1
ETTh2,030,tfclean_linear_chronos2_realw_resid_freqonly,trend,0.07971394823865063,1
ETTh2,030,tfclean_linear_chronos2_realw_resid_freqonly,seasonal,0.6425709484242805,1
ETTh2,030,tfclean_linear_chronos2_realw_resid_freqonly,freq,0.7393464724045006,1
ETTh2,030,tfclean_linear_chronos2_realw_resid_seasonalonly,trend,0.0753567010245216,1
ETTh2,030,tfclean_linear_chronos2_realw_resid_seasonalonly,seasonal,0.6161900608210104,1
ETTh2,030,tfclean_linear_chronos2_realw_resid_seasonalonly,freq,0.37434473678714597,1
ETTh2,030,tfclean_linear_chronos2_realw_resid_trendonly,trend,0.07067701850989722,1
ETTh2,030,tfclean_linear_chronos2_realw_resid_trendonly,seasonal,0.6116676461482586,1
ETTh2,030,tfclean_linear_chronos2_realw_resid_trendonly,freq,0.3498352621614558,1
ETTh2,030,tfclean_linear_kairos50m_realw_full,trend,0.1385265435674514,1
ETTh2,030,tfclean_linear_kairos50m_realw_full,seasonal,0.6424196065517253,1
ETTh2,030,tfclean_linear_kairos50m_realw_full,freq,0.44989935447573914,1
ETTh2,030,tfclean_linear_kairos50m_realw_full_freqonly,trend,0.21814314925964104,1
ETTh2,030,tfclean_linear_kairos50m_realw_full_freqonly,seasonal,0.6554732932574286,1
ETTh2,030,tfclean_linear_kairos50m_realw_full_freqonly,freq,0.4265868042983299,1
ETTh2,030,tfclean_linear_kairos50m_realw_full_seasonalonly,trend,0.0753567010245216,1
ETTh2,030,tfclean_linear_kairos50m_realw_full_seasonalonly,seasonal,0.6161900608210104,1
ETTh2,030,tfclean_linear_kairos50m_realw_full_seasonalonly,freq,0.37434473678714597,1
ETTh2,030,tfclean_linear_kairos50m_realw_full_trendonly,trend,0.07067701850989722,1
ETTh2,030,tfclean_linear_kairos50m_realw_full_trendonly,seasonal,0.6116676461482586,1
ETTh2,030,tfclean_linear_kairos50m_realw_full_trendonly,freq,0.3498352621614558,1
ETTh2,030,tfclean_linear_kairos50m_realw_resid,trend,0.0779489226866159,1
ETTh2,030,tfclean_linear_kairos50m_realw_resid,seasonal,0.6307154464561514,1
ETTh2,030,tfclean_linear_kairos50m_realw_resid,freq,0.46938466891437103,1
ETTh2,030,tfclean_linear_kairos50m_realw_resid_freqonly,trend,0.07971394823865063,1
ETTh2,030,tfclean_linear_kairos50m_realw_resid_freqonly,seasonal,0.6425709484242805,1
ETTh2,030,tfclean_linear_kairos50m_realw_resid_freqonly,freq,0.7393464724045006,1
ETTh2,030,tfclean_linear_kairos50m_realw_resid_seasonalonly,trend,0.0753567010245216,1
ETTh2,030,tfclean_linear_kairos50m_realw_resid_seasonalonly,seasonal,0.6161900608210104,1
ETTh2,030,tfclean_linear_kairos50m_realw_resid_seasonalonly,freq,0.37434473678714597,1
ETTh2,030,tfclean_linear_kairos50m_realw_resid_trendonly,trend,0.07067701850989722,1
ETTh2,030,tfclean_linear_kairos50m_realw_resid_trendonly,seasonal,0.6116676461482586,1
ETTh2,030,tfclean_linear_kairos50m_realw_resid_trendonly,freq,0.3498352621614558,1
ETTh2,030,tfclean_linear_timesfm2p5_realw_full,trend,0.08707943143712644,1
ETTh2,030,tfclean_linear_timesfm2p5_realw_full,seasonal,0.6259429499159074,1
ETTh2,030,tfclean_linear_timesfm2p5_realw_full,freq,0.42624462582134726,1
ETTh2,030,tfclean_linear_timesfm2p5_realw_full_freqonly,trend,0.21814314925964104,1
ETTh2,030,tfclean_linear_timesfm2p5_realw_full_freqonly,seasonal,0.6554732932574286,1
ETTh2,030,tfclean_linear_timesfm2p5_realw_full_freqonly,freq,0.4265868042983299,1
ETTh2,030,tfclean_linear_timesfm2p5_realw_full_seasonalonly,trend,0.0753567010245216,1
ETTh2,030,tfclean_linear_timesfm2p5_realw_full_seasonalonly,seasonal,0.6161900608210104,1
ETTh2,030,tfclean_linear_timesfm2p5_realw_full_seasonalonly,freq,0.37434473678714597,1
ETTh2,030,tfclean_linear_timesfm2p5_realw_full_trendonly,trend,0.07067701850989722,1
ETTh2,030,tfclean_linear_timesfm2p5_realw_full_trendonly,seasonal,0.6116676461482586,1
ETTh2,030,tfclean_linear_timesfm2p5_realw_full_trendonly,freq,0.3498352621614558,1
ETTh2,030,tfclean_linear_timesfm2p5_realw_resid,trend,0.07506854083052117,1
ETTh2,030,tfclean_linear_timesfm2p5_realw_resid,seasonal,0.6220416942996324,1
ETTh2,030,tfclean_linear_timesfm2p5_realw_resid,freq,0.37769120160403646,1
ETTh2,030,tfclean_linear_timesfm2p5_realw_resid_freqonly,trend,0.07971394823865063,1
ETTh2,030,tfclean_linear_timesfm2p5_realw_resid_freqonly,seasonal,0.6425709484242805,1
ETTh2,030,tfclean_linear_timesfm2p5_realw_resid_freqonly,freq,0.7393464724045006,1
ETTh2,030,tfclean_linear_timesfm2p5_realw_resid_seasonalonly,trend,0.0753567010245216,1
ETTh2,030,tfclean_linear_timesfm2p5_realw_resid_seasonalonly,seasonal,0.6161900608210104,1
ETTh2,030,tfclean_linear_timesfm2p5_realw_resid_seasonalonly,freq,0.37434473678714597,1
ETTh2,030,tfclean_linear_timesfm2p5_realw_resid_trendonly,trend,0.07067701850989722,1
ETTh2,030,tfclean_linear_timesfm2p5_realw_resid_trendonly,seasonal,0.6116676461482586,1
ETTh2,030,tfclean_linear_timesfm2p5_realw_resid_trendonly,freq,0.3498352621614558,1
ETTh2,030,tfclean_saits_chronos2_realw_full,trend,0.06061378391045294,1
ETTh2,030,tfclean_saits_chronos2_realw_full,seasonal,0.3509332246823263,1
ETTh2,030,tfclean_saits_chronos2_realw_full,freq,0.5256144161422323,1
ETTh2,030,tfclean_saits_chronos2_realw_full_freqonly,trend,0.23044840025446353,1
ETTh2,030,tfclean_saits_chronos2_realw_full_freqonly,seasonal,0.5756687403859201,1
ETTh2,030,tfclean_saits_chronos2_realw_full_freqonly,freq,0.6490267574630335,1
ETTh2,030,tfclean_saits_chronos2_realw_full_seasonalonly,trend,0.05473952978713549,1
ETTh2,030,tfclean_saits_chronos2_realw_full_seasonalonly,seasonal,0.3402165313963388,1
ETTh2,030,tfclean_saits_chronos2_realw_full_seasonalonly,freq,0.42668779823654657,1
ETTh2,030,tfclean_saits_chronos2_realw_full_trendonly,trend,0.05375413200553619,1
ETTh2,030,tfclean_saits_chronos2_realw_full_trendonly,seasonal,0.34385316179166603,1
ETTh2,030,tfclean_saits_chronos2_realw_full_trendonly,freq,0.43770725891477413,1
ETTh2,030,tfclean_saits_chronos2_realw_resid,trend,0.05396401092407404,1
ETTh2,030,tfclean_saits_chronos2_realw_resid,seasonal,0.34139035625209113,1
ETTh2,030,tfclean_saits_chronos2_realw_resid,freq,0.4148044073713154,1
ETTh2,030,tfclean_saits_chronos2_realw_resid_freqonly,trend,0.054613898372406676,1
ETTh2,030,tfclean_saits_chronos2_realw_resid_freqonly,seasonal,0.33809039802663077,1
ETTh2,030,tfclean_saits_chronos2_realw_resid_freqonly,freq,0.434514890384107,1
ETTh2,030,tfclean_saits_chronos2_realw_resid_seasonalonly,trend,0.05473952978713549,1
ETTh2,030,tfclean_saits_chronos2_realw_resid_seasonalonly,seasonal,0.3402165313963388,1
ETTh2,030,tfclean_saits_chronos2_realw_resid_seasonalonly,freq,0.42668779823654657,1
ETTh2,030,tfclean_saits_chronos2_realw_resid_trendonly,trend,0.05375413200553619,1
ETTh2,030,tfclean_saits_chronos2_realw_resid_trendonly,seasonal,0.34385316179166603,1
ETTh2,030,tfclean_saits_chronos2_realw_resid_trendonly,freq,0.43770725891477413,1
ETTh2,030,tfclean_saits_kairos50m_realw_full,trend,0.14291412699292008,1
ETTh2,030,tfclean_saits_kairos50m_realw_full,seasonal,0.451131280905981,1
ETTh2,030,tfclean_saits_kairos50m_realw_full,freq,0.3043070007058874,1
ETTh2,030,tfclean_saits_kairos50m_realw_full_freqonly,trend,0.23044840025446353,1
ETTh2,030,tfclean_saits_kairos50m_realw_full_freqonly,seasonal,0.5756687403859201,1
ETTh2,030,tfclean_saits_kairos50m_realw_full_freqonly,freq,0.6490267574630335,1
ETTh2,030,tfclean_saits_kairos50m_realw_full_seasonalonly,trend,0.05473952978713549,1
ETTh2,030,tfclean_saits_kairos50m_realw_full_seasonalonly,seasonal,0.3402165313963388,1
ETTh2,030,tfclean_saits_kairos50m_realw_full_seasonalonly,freq,0.42668779823654657,1
ETTh2,030,tfclean_saits_kairos50m_realw_full_trendonly,trend,0.05375413200553619,1
ETTh2,030,tfclean_saits_kairos50m_realw_full_trendonly,seasonal,0.34385316179166603,1
ETTh2,030,tfclean_saits_kairos50m_realw_full_trendonly,freq,0.43770725891477413,1
ETTh2,030,tfclean_saits_kairos50m_realw_resid,trend,0.0546904676578776,1
ETTh2,030,tfclean_saits_kairos50m_realw_resid,seasonal,0.3390014216977107,1
ETTh2,030,tfclean_saits_kairos50m_realw_resid,freq,0.42374269168641915,1
ETTh2,030,tfclean_saits_kairos50m_realw_resid_freqonly,trend,0.054613898372406676,1
ETTh2,030,tfclean_saits_kairos50m_realw_resid_freqonly,seasonal,0.33809039802663077,1
ETTh2,030,tfclean_saits_kairos50m_realw_resid_freqonly,freq,0.434514890384107,1
ETTh2,030,tfclean_saits_kairos50m_realw_resid_seasonalonly,trend,0.05473952978713549,1
ETTh2,030,tfclean_saits_kairos50m_realw_resid_seasonalonly,seasonal,0.3402165313963388,1
ETTh2,030,tfclean_saits_kairos50m_realw_resid_seasonalonly,freq,0.42668779823654657,1
ETTh2,030,tfclean_saits_kairos50m_realw_resid_trendonly,trend,0.05375413200553619,1
ETTh2,030,tfclean_saits_kairos50m_realw_resid_trendonly,seasonal,0.34385316179166603,1
ETTh2,030,tfclean_saits_kairos50m_realw_resid_trendonly,freq,0.43770725891477413,1
ETTh2,030,tfclean_saits_timesfm2p5_realw_full,trend,0.07917604668638341,1
ETTh2,030,tfclean_saits_timesfm2p5_realw_full,seasonal,0.3732107533609438,1
ETTh2,030,tfclean_saits_timesfm2p5_realw_full,freq,0.4500368952977126,1
ETTh2,030,tfclean_saits_timesfm2p5_realw_full_freqonly,trend,0.23044840025446353,1
ETTh2,030,tfclean_saits_timesfm2p5_realw_full_freqonly,seasonal,0.5756687403859201,1
ETTh2,030,tfclean_saits_timesfm2p5_realw_full_freqonly,freq,0.6490267574630335,1
ETTh2,030,tfclean_saits_timesfm2p5_realw_full_seasonalonly,trend,0.05473952978713549,1
ETTh2,030,tfclean_saits_timesfm2p5_realw_full_seasonalonly,seasonal,0.3402165313963388,1
ETTh2,030,tfclean_saits_timesfm2p5_realw_full_seasonalonly,freq,0.42668779823654657,1
ETTh2,030,tfclean_saits_timesfm2p5_realw_full_trendonly,trend,0.05375413200553619,1
ETTh2,030,tfclean_saits_timesfm2p5_realw_full_trendonly,seasonal,0.34385316179166603,1
ETTh2,030,tfclean_saits_timesfm2p5_realw_full_trendonly,freq,0.43770725891477413,1
ETTh2,030,tfclean_saits_timesfm2p5_realw_resid,trend,0.054449242827676006,1
ETTh2,030,tfclean_saits_timesfm2p5_realw_resid,seasonal,0.34067619663638754,1
ETTh2,030,tfclean_saits_timesfm2p5_realw_resid,freq,0.42021027624175006,1
ETTh2,030,tfclean_saits_timesfm2p5_realw_resid_freqonly,trend,0.054613898372406676,1
ETTh2,030,tfclean_saits_timesfm2p5_realw_resid_freqonly,seasonal,0.33809039802663077,1
ETTh2,030,tfclean_saits_timesfm2p5_realw_resid_freqonly,freq,0.434514890384107,1
ETTh2,030,tfclean_saits_timesfm2p5_realw_resid_seasonalonly,trend,0.05473952978713549,1
ETTh2,030,tfclean_saits_timesfm2p5_realw_resid_seasonalonly,seasonal,0.3402165313963388,1
ETTh2,030,tfclean_saits_timesfm2p5_realw_resid_seasonalonly,freq,0.42668779823654657,1
ETTh2,030,tfclean_saits_timesfm2p5_realw_resid_trendonly,trend,0.05375413200553619,1
ETTh2,030,tfclean_saits_timesfm2p5_realw_resid_trendonly,seasonal,0.34385316179166603,1
ETTh2,030,tfclean_saits_timesfm2p5_realw_resid_trendonly,freq,0.43770725891477413,1
current_velocity_5T,010,backward,trend,0.00023589095780349788,1
current_velocity_5T,010,backward,seasonal,0.09876025971306465,1
current_velocity_5T,010,backward,freq,0.23278232218420153,1
current_velocity_5T,010,forward,trend,0.00018206427829139634,1
current_velocity_5T,010,forward,seasonal,0.10714843309204043,1
current_velocity_5T,010,forward,freq,0.24183983047289062,1
current_velocity_5T,010,gp_rbf,trend,0.000200924035589346,1
current_velocity_5T,010,gp_rbf,seasonal,0.1554484065007845,1
current_velocity_5T,010,gp_rbf,freq,0.3322931472289623,1
current_velocity_5T,010,kalman_arima,trend,0.00017929657070410579,1
current_velocity_5T,010,kalman_arima,seasonal,0.14064771171116197,1
current_velocity_5T,010,kalman_arima,freq,0.4391794815622796,1
current_velocity_5T,010,kalman_struct,trend,6.178431784136863e-05,1
current_velocity_5T,010,kalman_struct,seasonal,0.03258317316325781,1
current_velocity_5T,010,kalman_struct,freq,0.011089196630000813,1
current_velocity_5T,010,linear,trend,0.00024036587324571771,1
current_velocity_5T,010,linear,seasonal,0.12268606801205705,1
current_velocity_5T,010,linear,freq,0.14507063298934564,1
current_velocity_5T,010,mean,trend,0.0001762056785079612,1
current_velocity_5T,010,mean,seasonal,0.1415053337280517,1
current_velocity_5T,010,mean,freq,0.45659841512836635,1
current_velocity_5T,010,saits,trend,0.00023281174024334585,1
current_velocity_5T,010,saits,seasonal,0.12927342935759353,1
current_velocity_5T,010,saits,freq,0.13517166899090366,1
current_velocity_5T,010,tfclean_gp_rbf_chronos2_realw_full,trend,0.00016947135617123165,1
current_velocity_5T,010,tfclean_gp_rbf_chronos2_realw_full,seasonal,0.16887687066985213,1
current_velocity_5T,010,tfclean_gp_rbf_chronos2_realw_full,freq,5.845679323698155,1
current_velocity_5T,010,tfclean_gp_rbf_chronos2_realw_full_freqonly,trend,0.007869164331860568,1
current_velocity_5T,010,tfclean_gp_rbf_chronos2_realw_full_freqonly,seasonal,1.1002532670456535,1
current_velocity_5T,010,tfclean_gp_rbf_chronos2_realw_full_freqonly,freq,18.40550805628216,1
current_velocity_5T,010,tfclean_gp_rbf_chronos2_realw_full_seasonalonly,trend,0.00020211705465039887,1
current_velocity_5T,010,tfclean_gp_rbf_chronos2_realw_full_seasonalonly,seasonal,0.1556955626932675,1
current_velocity_5T,010,tfclean_gp_rbf_chronos2_realw_full_seasonalonly,freq,0.3316365772031896,1
current_velocity_5T,010,tfclean_gp_rbf_chronos2_realw_full_trendonly,trend,0.00020067220420909892,1
current_velocity_5T,010,tfclean_gp_rbf_chronos2_realw_full_trendonly,seasonal,0.15533867980762775,1
current_velocity_5T,010,tfclean_gp_rbf_chronos2_realw_full_trendonly,freq,0.3332412787687204,1
current_velocity_5T,010,tfclean_gp_rbf_chronos2_realw_resid,trend,0.0002524985363062394,1
current_velocity_5T,010,tfclean_gp_rbf_chronos2_realw_resid,seasonal,0.17922809785255195,1
current_velocity_5T,010,tfclean_gp_rbf_chronos2_realw_resid,freq,0.15734612003486687,1
current_velocity_5T,010,tfclean_gp_rbf_chronos2_realw_resid_freqonly,trend,0.0003098934380301384,1
current_velocity_5T,010,tfclean_gp_rbf_chronos2_realw_resid_freqonly,seasonal,0.17521346742915003,1
current_velocity_5T,010,tfclean_gp_rbf_chronos2_realw_resid_freqonly,freq,0.2597394612127036,1
current_velocity_5T,010,tfclean_gp_rbf_chronos2_realw_resid_seasonalonly,trend,0.00020211705465039887,1
current_velocity_5T,010,tfclean_gp_rbf_chronos2_realw_resid_seasonalonly,seasonal,0.1556955626932675,1
current_velocity_5T,010,tfclean_gp_rbf_chronos2_realw_resid_seasonalonly,freq,0.3316365772031896,1
current_velocity_5T,010,tfclean_gp_rbf_chronos2_realw_resid_trendonly,trend,0.00020067220420909892,1
current_velocity_5T,010,tfclean_gp_rbf_chronos2_realw_resid_trendonly,seasonal,0.15533867980762775,1
current_velocity_5T,010,tfclean_gp_rbf_chronos2_realw_resid_trendonly,freq,0.3332412787687204,1
current_velocity_5T,010,tfclean_gp_rbf_kairos50m_realw_full,trend,0.0005816702358229561,1
current_velocity_5T,010,tfclean_gp_rbf_kairos50m_realw_full,seasonal,0.5222387962742545,1
current_velocity_5T,010,tfclean_gp_rbf_kairos50m_realw_full,freq,11.746097676471647,1
current_velocity_5T,010,tfclean_gp_rbf_kairos50m_realw_full_freqonly,trend,0.007869164331860568,1
current_velocity_5T,010,tfclean_gp_rbf_kairos50m_realw_full_freqonly,seasonal,1.1002532670456535,1
current_velocity_5T,010,tfclean_gp_rbf_kairos50m_realw_full_freqonly,freq,18.40550805628216,1
current_velocity_5T,010,tfclean_gp_rbf_kairos50m_realw_full_seasonalonly,trend,0.00020211705465039887,1
current_velocity_5T,010,tfclean_gp_rbf_kairos50m_realw_full_seasonalonly,seasonal,0.1556955626932675,1
current_velocity_5T,010,tfclean_gp_rbf_kairos50m_realw_full_seasonalonly,freq,0.3316365772031896,1
current_velocity_5T,010,tfclean_gp_rbf_kairos50m_realw_full_trendonly,trend,0.00020067220420909892,1
current_velocity_5T,010,tfclean_gp_rbf_kairos50m_realw_full_trendonly,seasonal,0.15533867980762775,1
current_velocity_5T,010,tfclean_gp_rbf_kairos50m_realw_full_trendonly,freq,0.3332412787687204,1
current_velocity_5T,010,tfclean_gp_rbf_kairos50m_realw_resid,trend,0.00029750491357701274,1
current_velocity_5T,010,tfclean_gp_rbf_kairos50m_realw_resid,seasonal,0.19071428341613172,1
current_velocity_5T,010,tfclean_gp_rbf_kairos50m_realw_resid,freq,0.14328089896238727,1
current_velocity_5T,010,tfclean_gp_rbf_kairos50m_realw_resid_freqonly,trend,0.0003098934380301384,1
current_velocity_5T,010,tfclean_gp_rbf_kairos50m_realw_resid_freqonly,seasonal,0.17521346742915003,1
current_velocity_5T,010,tfclean_gp_rbf_kairos50m_realw_resid_freqonly,freq,0.2597394612127036,1
current_velocity_5T,010,tfclean_gp_rbf_kairos50m_realw_resid_seasonalonly,trend,0.00020211705465039887,1
current_velocity_5T,010,tfclean_gp_rbf_kairos50m_realw_resid_seasonalonly,seasonal,0.1556955626932675,1
current_velocity_5T,010,tfclean_gp_rbf_kairos50m_realw_resid_seasonalonly,freq,0.3316365772031896,1
current_velocity_5T,010,tfclean_gp_rbf_kairos50m_realw_resid_trendonly,trend,0.00020067220420909892,1
current_velocity_5T,010,tfclean_gp_rbf_kairos50m_realw_resid_trendonly,seasonal,0.15533867980762775,1
current_velocity_5T,010,tfclean_gp_rbf_kairos50m_realw_resid_trendonly,freq,0.3332412787687204,1
current_velocity_5T,010,tfclean_gp_rbf_timesfm2p5_realw_full,trend,0.00017373716422231455,1
current_velocity_5T,010,tfclean_gp_rbf_timesfm2p5_realw_full,seasonal,0.17527932963836787,1
current_velocity_5T,010,tfclean_gp_rbf_timesfm2p5_realw_full,freq,4.323862287368704,1
current_velocity_5T,010,tfclean_gp_rbf_timesfm2p5_realw_full_freqonly,trend,0.007869164331860568,1
current_velocity_5T,010,tfclean_gp_rbf_timesfm2p5_realw_full_freqonly,seasonal,1.1002532670456535,1
current_velocity_5T,010,tfclean_gp_rbf_timesfm2p5_realw_full_freqonly,freq,18.40550805628216,1
current_velocity_5T,010,tfclean_gp_rbf_timesfm2p5_realw_full_seasonalonly,trend,0.00020211705465039887,1
current_velocity_5T,010,tfclean_gp_rbf_timesfm2p5_realw_full_seasonalonly,seasonal,0.1556955626932675,1
current_velocity_5T,010,tfclean_gp_rbf_timesfm2p5_realw_full_seasonalonly,freq,0.3316365772031896,1
current_velocity_5T,010,tfclean_gp_rbf_timesfm2p5_realw_full_trendonly,trend,0.00020067220420909892,1
current_velocity_5T,010,tfclean_gp_rbf_timesfm2p5_realw_full_trendonly,seasonal,0.15533867980762775,1
current_velocity_5T,010,tfclean_gp_rbf_timesfm2p5_realw_full_trendonly,freq,0.3332412787687204,1
current_velocity_5T,010,tfclean_gp_rbf_timesfm2p5_realw_resid,trend,0.00022490061777927854,1
current_velocity_5T,010,tfclean_gp_rbf_timesfm2p5_realw_resid,seasonal,0.1691585824516468,1
current_velocity_5T,010,tfclean_gp_rbf_timesfm2p5_realw_resid,freq,0.23535335413994551,1
current_velocity_5T,010,tfclean_gp_rbf_timesfm2p5_realw_resid_freqonly,trend,0.0003098934380301384,1
current_velocity_5T,010,tfclean_gp_rbf_timesfm2p5_realw_resid_freqonly,seasonal,0.17521346742915003,1
current_velocity_5T,010,tfclean_gp_rbf_timesfm2p5_realw_resid_freqonly,freq,0.2597394612127036,1
current_velocity_5T,010,tfclean_gp_rbf_timesfm2p5_realw_resid_seasonalonly,trend,0.00020211705465039887,1
current_velocity_5T,010,tfclean_gp_rbf_timesfm2p5_realw_resid_seasonalonly,seasonal,0.1556955626932675,1
current_velocity_5T,010,tfclean_gp_rbf_timesfm2p5_realw_resid_seasonalonly,freq,0.3316365772031896,1
current_velocity_5T,010,tfclean_gp_rbf_timesfm2p5_realw_resid_trendonly,trend,0.00020067220420909892,1
current_velocity_5T,010,tfclean_gp_rbf_timesfm2p5_realw_resid_trendonly,seasonal,0.15533867980762775,1
current_velocity_5T,010,tfclean_gp_rbf_timesfm2p5_realw_resid_trendonly,freq,0.3332412787687204,1
current_velocity_5T,010,tfclean_linear_chronos2_realw_full,trend,0.0002223964834850669,1
current_velocity_5T,010,tfclean_linear_chronos2_realw_full,seasonal,0.14476942627521286,1
current_velocity_5T,010,tfclean_linear_chronos2_realw_full,freq,5.0001311197042595,1
current_velocity_5T,010,tfclean_linear_chronos2_realw_full_freqonly,trend,0.0005105033568649812,1
current_velocity_5T,010,tfclean_linear_chronos2_realw_full_freqonly,seasonal,0.6463914453881723,1
current_velocity_5T,010,tfclean_linear_chronos2_realw_full_freqonly,freq,16.505555222486077,1
current_velocity_5T,010,tfclean_linear_chronos2_realw_full_seasonalonly,trend,0.00024390720647041557,1
current_velocity_5T,010,tfclean_linear_chronos2_realw_full_seasonalonly,seasonal,0.12324964346180026,1
current_velocity_5T,010,tfclean_linear_chronos2_realw_full_seasonalonly,freq,0.14608124262909974,1
current_velocity_5T,010,tfclean_linear_chronos2_realw_full_trendonly,trend,0.00024046132697858543,1
current_velocity_5T,010,tfclean_linear_chronos2_realw_full_trendonly,seasonal,0.12278145513017974,1
current_velocity_5T,010,tfclean_linear_chronos2_realw_full_trendonly,freq,0.14542764561966096,1
current_velocity_5T,010,tfclean_linear_chronos2_realw_resid,trend,0.0002450007289181754,1
current_velocity_5T,010,tfclean_linear_chronos2_realw_resid,seasonal,0.12469394236413897,1
current_velocity_5T,010,tfclean_linear_chronos2_realw_resid,freq,0.17001482818893857,1
current_velocity_5T,010,tfclean_linear_chronos2_realw_resid_freqonly,trend,0.0002239935849984798,1
current_velocity_5T,010,tfclean_linear_chronos2_realw_resid_freqonly,seasonal,0.11944329052954859,1
current_velocity_5T,010,tfclean_linear_chronos2_realw_resid_freqonly,freq,0.1802250224981858,1
current_velocity_5T,010,tfclean_linear_chronos2_realw_resid_seasonalonly,trend,0.00024390720647041557,1
current_velocity_5T,010,tfclean_linear_chronos2_realw_resid_seasonalonly,seasonal,0.12324964346180026,1
current_velocity_5T,010,tfclean_linear_chronos2_realw_resid_seasonalonly,freq,0.14608124262909974,1
current_velocity_5T,010,tfclean_linear_chronos2_realw_resid_trendonly,trend,0.00024046132697858543,1
current_velocity_5T,010,tfclean_linear_chronos2_realw_resid_trendonly,seasonal,0.12278145513017974,1
current_velocity_5T,010,tfclean_linear_chronos2_realw_resid_trendonly,freq,0.14542764561966096,1
current_velocity_5T,010,tfclean_linear_kairos50m_realw_full,trend,0.00040253135626263015,1
current_velocity_5T,010,tfclean_linear_kairos50m_realw_full,seasonal,0.2640897533842567,1
current_velocity_5T,010,tfclean_linear_kairos50m_realw_full,freq,9.900132372586992,1
current_velocity_5T,010,tfclean_linear_kairos50m_realw_full_freqonly,trend,0.0005105033568649812,1
current_velocity_5T,010,tfclean_linear_kairos50m_realw_full_freqonly,seasonal,0.6463914453881723,1
current_velocity_5T,010,tfclean_linear_kairos50m_realw_full_freqonly,freq,16.505555222486077,1
current_velocity_5T,010,tfclean_linear_kairos50m_realw_full_seasonalonly,trend,0.00024390720647041557,1
current_velocity_5T,010,tfclean_linear_kairos50m_realw_full_seasonalonly,seasonal,0.12324964346180026,1
current_velocity_5T,010,tfclean_linear_kairos50m_realw_full_seasonalonly,freq,0.14608124262909974,1
current_velocity_5T,010,tfclean_linear_kairos50m_realw_full_trendonly,trend,0.00024046132697858543,1
current_velocity_5T,010,tfclean_linear_kairos50m_realw_full_trendonly,seasonal,0.12278145513017974,1
current_velocity_5T,010,tfclean_linear_kairos50m_realw_full_trendonly,freq,0.14542764561966096,1
current_velocity_5T,010,tfclean_linear_kairos50m_realw_resid,trend,0.00023425426607839774,1
current_velocity_5T,010,tfclean_linear_kairos50m_realw_resid,seasonal,0.12100213069962265,1
current_velocity_5T,010,tfclean_linear_kairos50m_realw_resid,freq,0.16879932800704947,1
current_velocity_5T,010,tfclean_linear_kairos50m_realw_resid_freqonly,trend,0.0002239935849984798,1
current_velocity_5T,010,tfclean_linear_kairos50m_realw_resid_freqonly,seasonal,0.11944329052954859,1
current_velocity_5T,010,tfclean_linear_kairos50m_realw_resid_freqonly,freq,0.1802250224981858,1
current_velocity_5T,010,tfclean_linear_kairos50m_realw_resid_seasonalonly,trend,0.00024390720647041557,1
current_velocity_5T,010,tfclean_linear_kairos50m_realw_resid_seasonalonly,seasonal,0.12324964346180026,1
current_velocity_5T,010,tfclean_linear_kairos50m_realw_resid_seasonalonly,freq,0.14608124262909974,1
current_velocity_5T,010,tfclean_linear_kairos50m_realw_resid_trendonly,trend,0.00024046132697858543,1
current_velocity_5T,010,tfclean_linear_kairos50m_realw_resid_trendonly,seasonal,0.12278145513017974,1
current_velocity_5T,010,tfclean_linear_kairos50m_realw_resid_trendonly,freq,0.14542764561966096,1
current_velocity_5T,010,tfclean_linear_timesfm2p5_realw_full,trend,0.00018233169894720525,1
current_velocity_5T,010,tfclean_linear_timesfm2p5_realw_full,seasonal,0.128285544383667,1
current_velocity_5T,010,tfclean_linear_timesfm2p5_realw_full,freq,3.757361119705121,1
current_velocity_5T,010,tfclean_linear_timesfm2p5_realw_full_freqonly,trend,0.0005105033568649812,1
current_velocity_5T,010,tfclean_linear_timesfm2p5_realw_full_freqonly,seasonal,0.6463914453881723,1
current_velocity_5T,010,tfclean_linear_timesfm2p5_realw_full_freqonly,freq,16.505555222486077,1
current_velocity_5T,010,tfclean_linear_timesfm2p5_realw_full_seasonalonly,trend,0.00024390720647041557,1
current_velocity_5T,010,tfclean_linear_timesfm2p5_realw_full_seasonalonly,seasonal,0.12324964346180026,1
current_velocity_5T,010,tfclean_linear_timesfm2p5_realw_full_seasonalonly,freq,0.14608124262909974,1
current_velocity_5T,010,tfclean_linear_timesfm2p5_realw_full_trendonly,trend,0.00024046132697858543,1
current_velocity_5T,010,tfclean_linear_timesfm2p5_realw_full_trendonly,seasonal,0.12278145513017974,1
current_velocity_5T,010,tfclean_linear_timesfm2p5_realw_full_trendonly,freq,0.14542764561966096,1
current_velocity_5T,010,tfclean_linear_timesfm2p5_realw_resid,trend,0.00024489355965859376,1
current_velocity_5T,010,tfclean_linear_timesfm2p5_realw_resid,seasonal,0.1250774458295188,1
current_velocity_5T,010,tfclean_linear_timesfm2p5_realw_resid,freq,0.16320809863779567,1
current_velocity_5T,010,tfclean_linear_timesfm2p5_realw_resid_freqonly,trend,0.0002239935849984798,1
current_velocity_5T,010,tfclean_linear_timesfm2p5_realw_resid_freqonly,seasonal,0.11944329052954859,1
current_velocity_5T,010,tfclean_linear_timesfm2p5_realw_resid_freqonly,freq,0.1802250224981858,1
current_velocity_5T,010,tfclean_linear_timesfm2p5_realw_resid_seasonalonly,trend,0.00024390720647041557,1
current_velocity_5T,010,tfclean_linear_timesfm2p5_realw_resid_seasonalonly,seasonal,0.12324964346180026,1
current_velocity_5T,010,tfclean_linear_timesfm2p5_realw_resid_seasonalonly,freq,0.14608124262909974,1
current_velocity_5T,010,tfclean_linear_timesfm2p5_realw_resid_trendonly,trend,0.00024046132697858543,1
current_velocity_5T,010,tfclean_linear_timesfm2p5_realw_resid_trendonly,seasonal,0.12278145513017974,1
current_velocity_5T,010,tfclean_linear_timesfm2p5_realw_resid_trendonly,freq,0.14542764561966096,1
current_velocity_5T,010,tfclean_saits_chronos2_realw_full,trend,0.00030431990060385543,1
current_velocity_5T,010,tfclean_saits_chronos2_realw_full,seasonal,0.39367164899692136,1
current_velocity_5T,010,tfclean_saits_chronos2_realw_full,freq,4.588311121113609,1
current_velocity_5T,010,tfclean_saits_chronos2_realw_full_freqonly,trend,0.00016947500652226568,1
current_velocity_5T,010,tfclean_saits_chronos2_realw_full_freqonly,seasonal,0.10152578628328118,1
current_velocity_5T,010,tfclean_saits_chronos2_realw_full_freqonly,freq,15.598595911861409,1
current_velocity_5T,010,tfclean_saits_chronos2_realw_full_seasonalonly,trend,0.00023212831189616724,1
current_velocity_5T,010,tfclean_saits_chronos2_realw_full_seasonalonly,seasonal,0.129110043999032,1
current_velocity_5T,010,tfclean_saits_chronos2_realw_full_seasonalonly,freq,0.13585828251565363,1
current_velocity_5T,010,tfclean_saits_chronos2_realw_full_trendonly,trend,0.0002328268227077981,1
current_velocity_5T,010,tfclean_saits_chronos2_realw_full_trendonly,seasonal,0.12933981928572294,1
current_velocity_5T,010,tfclean_saits_chronos2_realw_full_trendonly,freq,0.13505939668303404,1
current_velocity_5T,010,tfclean_saits_chronos2_realw_resid,trend,0.0002712648938476194,1
current_velocity_5T,010,tfclean_saits_chronos2_realw_resid,seasonal,0.149469712415931,1
current_velocity_5T,010,tfclean_saits_chronos2_realw_resid,freq,0.10392211121937749,1
current_velocity_5T,010,tfclean_saits_chronos2_realw_resid_freqonly,trend,0.00027068737044133427,1
current_velocity_5T,010,tfclean_saits_chronos2_realw_resid_freqonly,seasonal,0.1334183517154534,1
current_velocity_5T,010,tfclean_saits_chronos2_realw_resid_freqonly,freq,0.2016361631758167,1
current_velocity_5T,010,tfclean_saits_chronos2_realw_resid_seasonalonly,trend,0.00023212831189616724,1
current_velocity_5T,010,tfclean_saits_chronos2_realw_resid_seasonalonly,seasonal,0.129110043999032,1
current_velocity_5T,010,tfclean_saits_chronos2_realw_resid_seasonalonly,freq,0.13585828251565363,1
current_velocity_5T,010,tfclean_saits_chronos2_realw_resid_trendonly,trend,0.0002328268227077981,1
current_velocity_5T,010,tfclean_saits_chronos2_realw_resid_trendonly,seasonal,0.12933981928572294,1
current_velocity_5T,010,tfclean_saits_chronos2_realw_resid_trendonly,freq,0.13505939668303404,1
current_velocity_5T,010,tfclean_saits_kairos50m_realw_full,trend,0.00020728432745947288,1
current_velocity_5T,010,tfclean_saits_kairos50m_realw_full,seasonal,0.3078581696024097,1
current_velocity_5T,010,tfclean_saits_kairos50m_realw_full,freq,9.283583499585609,1
current_velocity_5T,010,tfclean_saits_kairos50m_realw_full_freqonly,trend,0.00016947500652226568,1
current_velocity_5T,010,tfclean_saits_kairos50m_realw_full_freqonly,seasonal,0.10152578628328118,1
current_velocity_5T,010,tfclean_saits_kairos50m_realw_full_freqonly,freq,15.598595911861409,1
current_velocity_5T,010,tfclean_saits_kairos50m_realw_full_seasonalonly,trend,0.00023212831189616724,1
current_velocity_5T,010,tfclean_saits_kairos50m_realw_full_seasonalonly,seasonal,0.129110043999032,1
current_velocity_5T,010,tfclean_saits_kairos50m_realw_full_seasonalonly,freq,0.13585828251565363,1
current_velocity_5T,010,tfclean_saits_kairos50m_realw_full_trendonly,trend,0.0002328268227077981,1
current_velocity_5T,010,tfclean_saits_kairos50m_realw_full_trendonly,seasonal,0.12933981928572294,1
current_velocity_5T,010,tfclean_saits_kairos50m_realw_full_trendonly,freq,0.13505939668303404,1
current_velocity_5T,010,tfclean_saits_kairos50m_realw_resid,trend,0.0002976720803255565,1
current_velocity_5T,010,tfclean_saits_kairos50m_realw_resid,seasonal,0.154710080200611,1
current_velocity_5T,010,tfclean_saits_kairos50m_realw_resid,freq,0.1776207948506315,1
current_velocity_5T,010,tfclean_saits_kairos50m_realw_resid_freqonly,trend,0.00027068737044133427,1
current_velocity_5T,010,tfclean_saits_kairos50m_realw_resid_freqonly,seasonal,0.1334183517154534,1
current_velocity_5T,010,tfclean_saits_kairos50m_realw_resid_freqonly,freq,0.2016361631758167,1
current_velocity_5T,010,tfclean_saits_kairos50m_realw_resid_seasonalonly,trend,0.00023212831189616724,1
current_velocity_5T,010,tfclean_saits_kairos50m_realw_resid_seasonalonly,seasonal,0.129110043999032,1
current_velocity_5T,010,tfclean_saits_kairos50m_realw_resid_seasonalonly,freq,0.13585828251565363,1
current_velocity_5T,010,tfclean_saits_kairos50m_realw_resid_trendonly,trend,0.0002328268227077981,1
current_velocity_5T,010,tfclean_saits_kairos50m_realw_resid_trendonly,seasonal,0.12933981928572294,1
current_velocity_5T,010,tfclean_saits_kairos50m_realw_resid_trendonly,freq,0.13505939668303404,1
current_velocity_5T,010,tfclean_saits_timesfm2p5_realw_full,trend,0.00024756139683859165,1
current_velocity_5T,010,tfclean_saits_timesfm2p5_realw_full,seasonal,0.2981775832262371,1
current_velocity_5T,010,tfclean_saits_timesfm2p5_realw_full,freq,3.452295616152473,1
current_velocity_5T,010,tfclean_saits_timesfm2p5_realw_full_freqonly,trend,0.00016947500652226568,1
current_velocity_5T,010,tfclean_saits_timesfm2p5_realw_full_freqonly,seasonal,0.10152578628328118,1
current_velocity_5T,010,tfclean_saits_timesfm2p5_realw_full_freqonly,freq,15.598595911861409,1
current_velocity_5T,010,tfclean_saits_timesfm2p5_realw_full_seasonalonly,trend,0.00023212831189616724,1
current_velocity_5T,010,tfclean_saits_timesfm2p5_realw_full_seasonalonly,seasonal,0.129110043999032,1
current_velocity_5T,010,tfclean_saits_timesfm2p5_realw_full_seasonalonly,freq,0.13585828251565363,1
current_velocity_5T,010,tfclean_saits_timesfm2p5_realw_full_trendonly,trend,0.0002328268227077981,1
current_velocity_5T,010,tfclean_saits_timesfm2p5_realw_full_trendonly,seasonal,0.12933981928572294,1
current_velocity_5T,010,tfclean_saits_timesfm2p5_realw_full_trendonly,freq,0.13505939668303404,1
current_velocity_5T,010,tfclean_saits_timesfm2p5_realw_resid,trend,0.00025555846351759965,1
current_velocity_5T,010,tfclean_saits_timesfm2p5_realw_resid,seasonal,0.14094176119519866,1
current_velocity_5T,010,tfclean_saits_timesfm2p5_realw_resid,freq,0.08866928128073155,1
current_velocity_5T,010,tfclean_saits_timesfm2p5_realw_resid_freqonly,trend,0.00027068737044133427,1
current_velocity_5T,010,tfclean_saits_timesfm2p5_realw_resid_freqonly,seasonal,0.1334183517154534,1
current_velocity_5T,010,tfclean_saits_timesfm2p5_realw_resid_freqonly,freq,0.2016361631758167,1
current_velocity_5T,010,tfclean_saits_timesfm2p5_realw_resid_seasonalonly,trend,0.00023212831189616724,1
current_velocity_5T,010,tfclean_saits_timesfm2p5_realw_resid_seasonalonly,seasonal,0.129110043999032,1
current_velocity_5T,010,tfclean_saits_timesfm2p5_realw_resid_seasonalonly,freq,0.13585828251565363,1
current_velocity_5T,010,tfclean_saits_timesfm2p5_realw_resid_trendonly,trend,0.0002328268227077981,1
current_velocity_5T,010,tfclean_saits_timesfm2p5_realw_resid_trendonly,seasonal,0.12933981928572294,1
current_velocity_5T,010,tfclean_saits_timesfm2p5_realw_resid_trendonly,freq,0.13505939668303404,1
current_velocity_5T,020,backward,trend,0.00044049355092401683,1
current_velocity_5T,020,backward,seasonal,0.24899654798527132,1
current_velocity_5T,020,backward,freq,0.19627117960860177,1
current_velocity_5T,020,forward,trend,0.00034161797300543843,1
current_velocity_5T,020,forward,seasonal,0.1928334687535158,1
current_velocity_5T,020,forward,freq,0.09341861733863732,1
current_velocity_5T,020,gp_rbf,trend,0.0004718082071742832,1
current_velocity_5T,020,gp_rbf,seasonal,0.31377065583369074,1
current_velocity_5T,020,gp_rbf,freq,0.35510620145142935,1
current_velocity_5T,020,kalman_arima,trend,0.0005772964585730184,1
current_velocity_5T,020,kalman_arima,seasonal,0.3603975311470264,1
current_velocity_5T,020,kalman_arima,freq,0.35367864807316907,1
current_velocity_5T,020,kalman_struct,trend,5.763933508849736e-05,1
current_velocity_5T,020,kalman_struct,seasonal,0.04068014368396513,1
current_velocity_5T,020,kalman_struct,freq,0.009944373469104682,1
current_velocity_5T,020,linear,trend,0.00037386284625455654,1
current_velocity_5T,020,linear,seasonal,0.17256510132308295,1
current_velocity_5T,020,linear,freq,0.16575173628511822,1
current_velocity_5T,020,mean,trend,0.0005853871048578159,1
current_velocity_5T,020,mean,seasonal,0.3649698301904522,1
current_velocity_5T,020,mean,freq,0.349145307708271,1
current_velocity_5T,020,saits,trend,0.00048601530957395703,1
current_velocity_5T,020,saits,seasonal,0.2531513635121326,1
current_velocity_5T,020,saits,freq,0.15109922027102354,1
current_velocity_5T,020,tfclean_gp_rbf_chronos2_realw_full,trend,0.003208518711067196,1
current_velocity_5T,020,tfclean_gp_rbf_chronos2_realw_full,seasonal,2.4585821860341834,1
current_velocity_5T,020,tfclean_gp_rbf_chronos2_realw_full,freq,2.5513075693225424,1
current_velocity_5T,020,tfclean_gp_rbf_chronos2_realw_full_freqonly,trend,0.021507117738112213,1
current_velocity_5T,020,tfclean_gp_rbf_chronos2_realw_full_freqonly,seasonal,10.298402394676376,1
current_velocity_5T,020,tfclean_gp_rbf_chronos2_realw_full_freqonly,freq,11.978409832204424,1
current_velocity_5T,020,tfclean_gp_rbf_chronos2_realw_full_seasonalonly,trend,0.0004717234559077392,1
current_velocity_5T,020,tfclean_gp_rbf_chronos2_realw_full_seasonalonly,seasonal,0.3137863487827438,1
current_velocity_5T,020,tfclean_gp_rbf_chronos2_realw_full_seasonalonly,freq,0.35730345247537004,1
current_velocity_5T,020,tfclean_gp_rbf_chronos2_realw_full_trendonly,trend,0.0004745265786889247,1
current_velocity_5T,020,tfclean_gp_rbf_chronos2_realw_full_trendonly,seasonal,0.313981245922908,1
current_velocity_5T,020,tfclean_gp_rbf_chronos2_realw_full_trendonly,freq,0.3548725985806108,1
current_velocity_5T,020,tfclean_gp_rbf_chronos2_realw_resid,trend,0.0005005501114572261,1
current_velocity_5T,020,tfclean_gp_rbf_chronos2_realw_resid,seasonal,0.3365707657967101,1
current_velocity_5T,020,tfclean_gp_rbf_chronos2_realw_resid,freq,0.13320832002379712,1
current_velocity_5T,020,tfclean_gp_rbf_chronos2_realw_resid_freqonly,trend,0.0005077213546114453,1
current_velocity_5T,020,tfclean_gp_rbf_chronos2_realw_resid_freqonly,seasonal,0.33049035903483814,1
current_velocity_5T,020,tfclean_gp_rbf_chronos2_realw_resid_freqonly,freq,0.47374075071220584,1
current_velocity_5T,020,tfclean_gp_rbf_chronos2_realw_resid_seasonalonly,trend,0.0004717234559077392,1
current_velocity_5T,020,tfclean_gp_rbf_chronos2_realw_resid_seasonalonly,seasonal,0.3137863487827438,1
current_velocity_5T,020,tfclean_gp_rbf_chronos2_realw_resid_seasonalonly,freq,0.35730345247537004,1
current_velocity_5T,020,tfclean_gp_rbf_chronos2_realw_resid_trendonly,trend,0.0004745265786889247,1
current_velocity_5T,020,tfclean_gp_rbf_chronos2_realw_resid_trendonly,seasonal,0.313981245922908,1
current_velocity_5T,020,tfclean_gp_rbf_chronos2_realw_resid_trendonly,freq,0.3548725985806108,1
current_velocity_5T,020,tfclean_gp_rbf_kairos50m_realw_full,trend,0.007993820449289946,1
current_velocity_5T,020,tfclean_gp_rbf_kairos50m_realw_full,seasonal,4.780343859127601,1
current_velocity_5T,020,tfclean_gp_rbf_kairos50m_realw_full,freq,8.463847097644418,1
current_velocity_5T,020,tfclean_gp_rbf_kairos50m_realw_full_freqonly,trend,0.021507117738112213,1
current_velocity_5T,020,tfclean_gp_rbf_kairos50m_realw_full_freqonly,seasonal,10.298402394676376,1
current_velocity_5T,020,tfclean_gp_rbf_kairos50m_realw_full_freqonly,freq,11.978409832204424,1
current_velocity_5T,020,tfclean_gp_rbf_kairos50m_realw_full_seasonalonly,trend,0.0004717234559077392,1
current_velocity_5T,020,tfclean_gp_rbf_kairos50m_realw_full_seasonalonly,seasonal,0.3137863487827438,1
current_velocity_5T,020,tfclean_gp_rbf_kairos50m_realw_full_seasonalonly,freq,0.35730345247537004,1
current_velocity_5T,020,tfclean_gp_rbf_kairos50m_realw_full_trendonly,trend,0.0004745265786889247,1
current_velocity_5T,020,tfclean_gp_rbf_kairos50m_realw_full_trendonly,seasonal,0.313981245922908,1
current_velocity_5T,020,tfclean_gp_rbf_kairos50m_realw_full_trendonly,freq,0.3548725985806108,1
current_velocity_5T,020,tfclean_gp_rbf_kairos50m_realw_resid,trend,0.0005232567754763608,1
current_velocity_5T,020,tfclean_gp_rbf_kairos50m_realw_resid,seasonal,0.3471845407706397,1
current_velocity_5T,020,tfclean_gp_rbf_kairos50m_realw_resid,freq,0.26797984002939385,1
current_velocity_5T,020,tfclean_gp_rbf_kairos50m_realw_resid_freqonly,trend,0.0005077213546114453,1
current_velocity_5T,020,tfclean_gp_rbf_kairos50m_realw_resid_freqonly,seasonal,0.33049035903483814,1
current_velocity_5T,020,tfclean_gp_rbf_kairos50m_realw_resid_freqonly,freq,0.47374075071220584,1
current_velocity_5T,020,tfclean_gp_rbf_kairos50m_realw_resid_seasonalonly,trend,0.0004717234559077392,1
current_velocity_5T,020,tfclean_gp_rbf_kairos50m_realw_resid_seasonalonly,seasonal,0.3137863487827438,1
current_velocity_5T,020,tfclean_gp_rbf_kairos50m_realw_resid_seasonalonly,freq,0.35730345247537004,1
current_velocity_5T,020,tfclean_gp_rbf_kairos50m_realw_resid_trendonly,trend,0.0004745265786889247,1
current_velocity_5T,020,tfclean_gp_rbf_kairos50m_realw_resid_trendonly,seasonal,0.313981245922908,1
current_velocity_5T,020,tfclean_gp_rbf_kairos50m_realw_resid_trendonly,freq,0.3548725985806108,1
current_velocity_5T,020,tfclean_gp_rbf_timesfm2p5_realw_full,trend,0.00297289625584389,1
current_velocity_5T,020,tfclean_gp_rbf_timesfm2p5_realw_full,seasonal,2.0357840118948882,1
current_velocity_5T,020,tfclean_gp_rbf_timesfm2p5_realw_full,freq,1.7177159729922882,1
current_velocity_5T,020,tfclean_gp_rbf_timesfm2p5_realw_full_freqonly,trend,0.021507117738112213,1
current_velocity_5T,020,tfclean_gp_rbf_timesfm2p5_realw_full_freqonly,seasonal,10.298402394676376,1
current_velocity_5T,020,tfclean_gp_rbf_timesfm2p5_realw_full_freqonly,freq,11.978409832204424,1
current_velocity_5T,020,tfclean_gp_rbf_timesfm2p5_realw_full_seasonalonly,trend,0.0004717234559077392,1
current_velocity_5T,020,tfclean_gp_rbf_timesfm2p5_realw_full_seasonalonly,seasonal,0.3137863487827438,1
current_velocity_5T,020,tfclean_gp_rbf_timesfm2p5_realw_full_seasonalonly,freq,0.35730345247537004,1
current_velocity_5T,020,tfclean_gp_rbf_timesfm2p5_realw_full_trendonly,trend,0.0004745265786889247,1
current_velocity_5T,020,tfclean_gp_rbf_timesfm2p5_realw_full_trendonly,seasonal,0.313981245922908,1
current_velocity_5T,020,tfclean_gp_rbf_timesfm2p5_realw_full_trendonly,freq,0.3548725985806108,1
current_velocity_5T,020,tfclean_gp_rbf_timesfm2p5_realw_resid,trend,0.0004945250219906071,1
current_velocity_5T,020,tfclean_gp_rbf_timesfm2p5_realw_resid,seasonal,0.32837993440773255,1
current_velocity_5T,020,tfclean_gp_rbf_timesfm2p5_realw_resid,freq,0.2280975320776816,1
current_velocity_5T,020,tfclean_gp_rbf_timesfm2p5_realw_resid_freqonly,trend,0.0005077213546114453,1
current_velocity_5T,020,tfclean_gp_rbf_timesfm2p5_realw_resid_freqonly,seasonal,0.33049035903483814,1
current_velocity_5T,020,tfclean_gp_rbf_timesfm2p5_realw_resid_freqonly,freq,0.47374075071220584,1
current_velocity_5T,020,tfclean_gp_rbf_timesfm2p5_realw_resid_seasonalonly,trend,0.0004717234559077392,1
current_velocity_5T,020,tfclean_gp_rbf_timesfm2p5_realw_resid_seasonalonly,seasonal,0.3137863487827438,1
current_velocity_5T,020,tfclean_gp_rbf_timesfm2p5_realw_resid_seasonalonly,freq,0.35730345247537004,1
current_velocity_5T,020,tfclean_gp_rbf_timesfm2p5_realw_resid_trendonly,trend,0.0004745265786889247,1
current_velocity_5T,020,tfclean_gp_rbf_timesfm2p5_realw_resid_trendonly,seasonal,0.313981245922908,1
current_velocity_5T,020,tfclean_gp_rbf_timesfm2p5_realw_resid_trendonly,freq,0.3548725985806108,1
current_velocity_5T,020,tfclean_linear_chronos2_realw_full,trend,0.0024150575433290926,1
current_velocity_5T,020,tfclean_linear_chronos2_realw_full,seasonal,1.9388057972718773,1
current_velocity_5T,020,tfclean_linear_chronos2_realw_full,freq,4.531317491508151,1
current_velocity_5T,020,tfclean_linear_chronos2_realw_full_freqonly,trend,0.01143387166283597,1
current_velocity_5T,020,tfclean_linear_chronos2_realw_full_freqonly,seasonal,7.2270999478066935,1
current_velocity_5T,020,tfclean_linear_chronos2_realw_full_freqonly,freq,13.995678307658705,1
current_velocity_5T,020,tfclean_linear_chronos2_realw_full_seasonalonly,trend,0.00037405147610049575,1
current_velocity_5T,020,tfclean_linear_chronos2_realw_full_seasonalonly,seasonal,0.17180764949250707,1
current_velocity_5T,020,tfclean_linear_chronos2_realw_full_seasonalonly,freq,0.16291611429243538,1
current_velocity_5T,020,tfclean_linear_chronos2_realw_full_trendonly,trend,0.0003733634561449191,1
current_velocity_5T,020,tfclean_linear_chronos2_realw_full_trendonly,seasonal,0.1728111892487428,1
current_velocity_5T,020,tfclean_linear_chronos2_realw_full_trendonly,freq,0.1673550981816153,1
current_velocity_5T,020,tfclean_linear_chronos2_realw_resid,trend,0.0003663599985625068,1
current_velocity_5T,020,tfclean_linear_chronos2_realw_resid,seasonal,0.1771253969995305,1
current_velocity_5T,020,tfclean_linear_chronos2_realw_resid,freq,0.2169810642825886,1
current_velocity_5T,020,tfclean_linear_chronos2_realw_resid_freqonly,trend,0.0003709811853374147,1
current_velocity_5T,020,tfclean_linear_chronos2_realw_resid_freqonly,seasonal,0.18011976693549656,1
current_velocity_5T,020,tfclean_linear_chronos2_realw_resid_freqonly,freq,0.2782911312733661,1
current_velocity_5T,020,tfclean_linear_chronos2_realw_resid_seasonalonly,trend,0.00037405147610049575,1
current_velocity_5T,020,tfclean_linear_chronos2_realw_resid_seasonalonly,seasonal,0.17180764949250707,1
current_velocity_5T,020,tfclean_linear_chronos2_realw_resid_seasonalonly,freq,0.16291611429243538,1
current_velocity_5T,020,tfclean_linear_chronos2_realw_resid_trendonly,trend,0.0003733634561449191,1
current_velocity_5T,020,tfclean_linear_chronos2_realw_resid_trendonly,seasonal,0.1728111892487428,1
current_velocity_5T,020,tfclean_linear_chronos2_realw_resid_trendonly,freq,0.1673550981816153,1
current_velocity_5T,020,tfclean_linear_kairos50m_realw_full,trend,0.004705457566132738,1
current_velocity_5T,020,tfclean_linear_kairos50m_realw_full,seasonal,4.22619301335066,1
current_velocity_5T,020,tfclean_linear_kairos50m_realw_full,freq,9.159239940941621,1
current_velocity_5T,020,tfclean_linear_kairos50m_realw_full_freqonly,trend,0.01143387166283597,1
current_velocity_5T,020,tfclean_linear_kairos50m_realw_full_freqonly,seasonal,7.2270999478066935,1
current_velocity_5T,020,tfclean_linear_kairos50m_realw_full_freqonly,freq,13.995678307658705,1
current_velocity_5T,020,tfclean_linear_kairos50m_realw_full_seasonalonly,trend,0.00037405147610049575,1
current_velocity_5T,020,tfclean_linear_kairos50m_realw_full_seasonalonly,seasonal,0.17180764949250707,1
current_velocity_5T,020,tfclean_linear_kairos50m_realw_full_seasonalonly,freq,0.16291611429243538,1
current_velocity_5T,020,tfclean_linear_kairos50m_realw_full_trendonly,trend,0.0003733634561449191,1
current_velocity_5T,020,tfclean_linear_kairos50m_realw_full_trendonly,seasonal,0.1728111892487428,1
current_velocity_5T,020,tfclean_linear_kairos50m_realw_full_trendonly,freq,0.1673550981816153,1
current_velocity_5T,020,tfclean_linear_kairos50m_realw_resid,trend,0.0003644797541473844,1
current_velocity_5T,020,tfclean_linear_kairos50m_realw_resid,seasonal,0.17654541064096865,1
current_velocity_5T,020,tfclean_linear_kairos50m_realw_resid,freq,0.23552716445029886,1
current_velocity_5T,020,tfclean_linear_kairos50m_realw_resid_freqonly,trend,0.0003709811853374147,1
current_velocity_5T,020,tfclean_linear_kairos50m_realw_resid_freqonly,seasonal,0.18011976693549656,1
current_velocity_5T,020,tfclean_linear_kairos50m_realw_resid_freqonly,freq,0.2782911312733661,1
current_velocity_5T,020,tfclean_linear_kairos50m_realw_resid_seasonalonly,trend,0.00037405147610049575,1
current_velocity_5T,020,tfclean_linear_kairos50m_realw_resid_seasonalonly,seasonal,0.17180764949250707,1
current_velocity_5T,020,tfclean_linear_kairos50m_realw_resid_seasonalonly,freq,0.16291611429243538,1
current_velocity_5T,020,tfclean_linear_kairos50m_realw_resid_trendonly,trend,0.0003733634561449191,1
current_velocity_5T,020,tfclean_linear_kairos50m_realw_resid_trendonly,seasonal,0.1728111892487428,1
current_velocity_5T,020,tfclean_linear_kairos50m_realw_resid_trendonly,freq,0.1673550981816153,1
current_velocity_5T,020,tfclean_linear_timesfm2p5_realw_full,trend,0.00203604966326752,1
current_velocity_5T,020,tfclean_linear_timesfm2p5_realw_full,seasonal,1.6102332137309987,1
current_velocity_5T,020,tfclean_linear_timesfm2p5_realw_full,freq,3.4296322874189022,1
current_velocity_5T,020,tfclean_linear_timesfm2p5_realw_full_freqonly,trend,0.01143387166283597,1
current_velocity_5T,020,tfclean_linear_timesfm2p5_realw_full_freqonly,seasonal,7.2270999478066935,1
current_velocity_5T,020,tfclean_linear_timesfm2p5_realw_full_freqonly,freq,13.995678307658705,1
current_velocity_5T,020,tfclean_linear_timesfm2p5_realw_full_seasonalonly,trend,0.00037405147610049575,1
current_velocity_5T,020,tfclean_linear_timesfm2p5_realw_full_seasonalonly,seasonal,0.17180764949250707,1
current_velocity_5T,020,tfclean_linear_timesfm2p5_realw_full_seasonalonly,freq,0.16291611429243538,1
current_velocity_5T,020,tfclean_linear_timesfm2p5_realw_full_trendonly,trend,0.0003733634561449191,1
current_velocity_5T,020,tfclean_linear_timesfm2p5_realw_full_trendonly,seasonal,0.1728111892487428,1
current_velocity_5T,020,tfclean_linear_timesfm2p5_realw_full_trendonly,freq,0.1673550981816153,1
current_velocity_5T,020,tfclean_linear_timesfm2p5_realw_resid,trend,0.0003688823310323375,1
current_velocity_5T,020,tfclean_linear_timesfm2p5_realw_resid,seasonal,0.17530996086936143,1
current_velocity_5T,020,tfclean_linear_timesfm2p5_realw_resid,freq,0.19444196876074607,1
current_velocity_5T,020,tfclean_linear_timesfm2p5_realw_resid_freqonly,trend,0.0003709811853374147,1
current_velocity_5T,020,tfclean_linear_timesfm2p5_realw_resid_freqonly,seasonal,0.18011976693549656,1
current_velocity_5T,020,tfclean_linear_timesfm2p5_realw_resid_freqonly,freq,0.2782911312733661,1
current_velocity_5T,020,tfclean_linear_timesfm2p5_realw_resid_seasonalonly,trend,0.00037405147610049575,1
current_velocity_5T,020,tfclean_linear_timesfm2p5_realw_resid_seasonalonly,seasonal,0.17180764949250707,1
current_velocity_5T,020,tfclean_linear_timesfm2p5_realw_resid_seasonalonly,freq,0.16291611429243538,1
current_velocity_5T,020,tfclean_linear_timesfm2p5_realw_resid_trendonly,trend,0.0003733634561449191,1
current_velocity_5T,020,tfclean_linear_timesfm2p5_realw_resid_trendonly,seasonal,0.1728111892487428,1
current_velocity_5T,020,tfclean_linear_timesfm2p5_realw_resid_trendonly,freq,0.1673550981816153,1
current_velocity_5T,020,tfclean_saits_chronos2_realw_full,trend,0.00252372842976364,1
current_velocity_5T,020,tfclean_saits_chronos2_realw_full,seasonal,1.9989918141903076,1
current_velocity_5T,020,tfclean_saits_chronos2_realw_full,freq,4.745058470702983,1
current_velocity_5T,020,tfclean_saits_chronos2_realw_full_freqonly,trend,0.014932651375784381,1
current_velocity_5T,020,tfclean_saits_chronos2_realw_full_freqonly,seasonal,8.077816565025856,1
current_velocity_5T,020,tfclean_saits_chronos2_realw_full_freqonly,freq,16.26591370252011,1
current_velocity_5T,020,tfclean_saits_chronos2_realw_full_seasonalonly,trend,0.00048619402135340376,1
current_velocity_5T,020,tfclean_saits_chronos2_realw_full_seasonalonly,seasonal,0.2531491163621562,1
current_velocity_5T,020,tfclean_saits_chronos2_realw_full_seasonalonly,freq,0.15183468726807242,1
current_velocity_5T,020,tfclean_saits_chronos2_realw_full_trendonly,trend,0.0004833618080698589,1
current_velocity_5T,020,tfclean_saits_chronos2_realw_full_trendonly,seasonal,0.2523322209816017,1
current_velocity_5T,020,tfclean_saits_chronos2_realw_full_trendonly,freq,0.1517274185813751,1
current_velocity_5T,020,tfclean_saits_chronos2_realw_resid,trend,0.0005423630740541143,1
current_velocity_5T,020,tfclean_saits_chronos2_realw_resid,seasonal,0.2740616778206748,1
current_velocity_5T,020,tfclean_saits_chronos2_realw_resid,freq,0.2262847369958067,1
current_velocity_5T,020,tfclean_saits_chronos2_realw_resid_freqonly,trend,0.000484453625517016,1
current_velocity_5T,020,tfclean_saits_chronos2_realw_resid_freqonly,seasonal,0.2498595059928735,1
current_velocity_5T,020,tfclean_saits_chronos2_realw_resid_freqonly,freq,0.33074701038815785,1
current_velocity_5T,020,tfclean_saits_chronos2_realw_resid_seasonalonly,trend,0.00048619402135340376,1
current_velocity_5T,020,tfclean_saits_chronos2_realw_resid_seasonalonly,seasonal,0.2531491163621562,1
current_velocity_5T,020,tfclean_saits_chronos2_realw_resid_seasonalonly,freq,0.15183468726807242,1
current_velocity_5T,020,tfclean_saits_chronos2_realw_resid_trendonly,trend,0.0004833618080698589,1
current_velocity_5T,020,tfclean_saits_chronos2_realw_resid_trendonly,seasonal,0.2523322209816017,1
current_velocity_5T,020,tfclean_saits_chronos2_realw_resid_trendonly,freq,0.1517274185813751,1
current_velocity_5T,020,tfclean_saits_kairos50m_realw_full,trend,0.0036593411445509576,1
current_velocity_5T,020,tfclean_saits_kairos50m_realw_full,seasonal,3.6578403390466177,1
current_velocity_5T,020,tfclean_saits_kairos50m_realw_full,freq,9.018958856802202,1
current_velocity_5T,020,tfclean_saits_kairos50m_realw_full_freqonly,trend,0.014932651375784381,1
current_velocity_5T,020,tfclean_saits_kairos50m_realw_full_freqonly,seasonal,8.077816565025856,1
current_velocity_5T,020,tfclean_saits_kairos50m_realw_full_freqonly,freq,16.26591370252011,1
current_velocity_5T,020,tfclean_saits_kairos50m_realw_full_seasonalonly,trend,0.00048619402135340376,1
current_velocity_5T,020,tfclean_saits_kairos50m_realw_full_seasonalonly,seasonal,0.2531491163621562,1
current_velocity_5T,020,tfclean_saits_kairos50m_realw_full_seasonalonly,freq,0.15183468726807242,1
current_velocity_5T,020,tfclean_saits_kairos50m_realw_full_trendonly,trend,0.0004833618080698589,1
current_velocity_5T,020,tfclean_saits_kairos50m_realw_full_trendonly,seasonal,0.2523322209816017,1
current_velocity_5T,020,tfclean_saits_kairos50m_realw_full_trendonly,freq,0.1517274185813751,1
current_velocity_5T,020,tfclean_saits_kairos50m_realw_resid,trend,0.0005492185418782332,1
current_velocity_5T,020,tfclean_saits_kairos50m_realw_resid,seasonal,0.27089744550956885,1
current_velocity_5T,020,tfclean_saits_kairos50m_realw_resid,freq,0.32097118716391043,1
current_velocity_5T,020,tfclean_saits_kairos50m_realw_resid_freqonly,trend,0.000484453625517016,1
current_velocity_5T,020,tfclean_saits_kairos50m_realw_resid_freqonly,seasonal,0.2498595059928735,1
current_velocity_5T,020,tfclean_saits_kairos50m_realw_resid_freqonly,freq,0.33074701038815785,1
current_velocity_5T,020,tfclean_saits_kairos50m_realw_resid_seasonalonly,trend,0.00048619402135340376,1
current_velocity_5T,020,tfclean_saits_kairos50m_realw_resid_seasonalonly,seasonal,0.2531491163621562,1
current_velocity_5T,020,tfclean_saits_kairos50m_realw_resid_seasonalonly,freq,0.15183468726807242,1
current_velocity_5T,020,tfclean_saits_kairos50m_realw_resid_trendonly,trend,0.0004833618080698589,1
current_velocity_5T,020,tfclean_saits_kairos50m_realw_resid_trendonly,seasonal,0.2523322209816017,1
current_velocity_5T,020,tfclean_saits_kairos50m_realw_resid_trendonly,freq,0.1517274185813751,1
current_velocity_5T,020,tfclean_saits_timesfm2p5_realw_full,trend,0.0021435138960705395,1
current_velocity_5T,020,tfclean_saits_timesfm2p5_realw_full,seasonal,1.6204728302888214,1
current_velocity_5T,020,tfclean_saits_timesfm2p5_realw_full,freq,3.3651370771947686,1
current_velocity_5T,020,tfclean_saits_timesfm2p5_realw_full_freqonly,trend,0.014932651375784381,1
current_velocity_5T,020,tfclean_saits_timesfm2p5_realw_full_freqonly,seasonal,8.077816565025856,1
current_velocity_5T,020,tfclean_saits_timesfm2p5_realw_full_freqonly,freq,16.26591370252011,1
current_velocity_5T,020,tfclean_saits_timesfm2p5_realw_full_seasonalonly,trend,0.00048619402135340376,1
current_velocity_5T,020,tfclean_saits_timesfm2p5_realw_full_seasonalonly,seasonal,0.2531491163621562,1
current_velocity_5T,020,tfclean_saits_timesfm2p5_realw_full_seasonalonly,freq,0.15183468726807242,1
current_velocity_5T,020,tfclean_saits_timesfm2p5_realw_full_trendonly,trend,0.0004833618080698589,1
current_velocity_5T,020,tfclean_saits_timesfm2p5_realw_full_trendonly,seasonal,0.2523322209816017,1
current_velocity_5T,020,tfclean_saits_timesfm2p5_realw_full_trendonly,freq,0.1517274185813751,1
current_velocity_5T,020,tfclean_saits_timesfm2p5_realw_resid,trend,0.0005158678014868674,1
current_velocity_5T,020,tfclean_saits_timesfm2p5_realw_resid,seasonal,0.2676312478492301,1
current_velocity_5T,020,tfclean_saits_timesfm2p5_realw_resid,freq,0.1644918437721745,1
current_velocity_5T,020,tfclean_saits_timesfm2p5_realw_resid_freqonly,trend,0.000484453625517016,1
current_velocity_5T,020,tfclean_saits_timesfm2p5_realw_resid_freqonly,seasonal,0.2498595059928735,1
current_velocity_5T,020,tfclean_saits_timesfm2p5_realw_resid_freqonly,freq,0.33074701038815785,1
current_velocity_5T,020,tfclean_saits_timesfm2p5_realw_resid_seasonalonly,trend,0.00048619402135340376,1
current_velocity_5T,020,tfclean_saits_timesfm2p5_realw_resid_seasonalonly,seasonal,0.2531491163621562,1
current_velocity_5T,020,tfclean_saits_timesfm2p5_realw_resid_seasonalonly,freq,0.15183468726807242,1
current_velocity_5T,020,tfclean_saits_timesfm2p5_realw_resid_trendonly,trend,0.0004833618080698589,1
current_velocity_5T,020,tfclean_saits_timesfm2p5_realw_resid_trendonly,seasonal,0.2523322209816017,1
current_velocity_5T,020,tfclean_saits_timesfm2p5_realw_resid_trendonly,freq,0.1517274185813751,1
current_velocity_5T,030,backward,trend,0.0005131756049572224,1
current_velocity_5T,030,backward,seasonal,0.34525257534081755,1
current_velocity_5T,030,backward,freq,0.3225256127310274,1
current_velocity_5T,030,forward,trend,0.00040505155721092326,1
current_velocity_5T,030,forward,seasonal,0.337089584205126,1
current_velocity_5T,030,forward,freq,0.22328491208769585,1
current_velocity_5T,030,gp_rbf,trend,0.0005487470258013977,1
current_velocity_5T,030,gp_rbf,seasonal,0.4792951269742346,1
current_velocity_5T,030,gp_rbf,freq,0.15471667969975209,1
current_velocity_5T,030,kalman_arima,trend,0.0006458974161283795,1
current_velocity_5T,030,kalman_arima,seasonal,0.4836931166778667,1
current_velocity_5T,030,kalman_arima,freq,0.149358819881177,1
current_velocity_5T,030,kalman_struct,trend,7.618221866320248e-05,1
current_velocity_5T,030,kalman_struct,seasonal,0.04663514598076617,1
current_velocity_5T,030,kalman_struct,freq,0.009729770850409766,1
current_velocity_5T,030,linear,trend,0.0003461910742646734,1
current_velocity_5T,030,linear,seasonal,0.2015569242742792,1
current_velocity_5T,030,linear,freq,0.24616313880416277,1
current_velocity_5T,030,mean,trend,0.0006559516502397005,1
current_velocity_5T,030,mean,seasonal,0.49586049176833946,1
current_velocity_5T,030,mean,freq,0.15176019916898467,1
current_velocity_5T,030,saits,trend,0.0005070177718710507,1
current_velocity_5T,030,saits,seasonal,0.29604018981397484,1
current_velocity_5T,030,saits,freq,0.08945242272064165,1
current_velocity_5T,030,tfclean_gp_rbf_chronos2_realw_full,trend,0.008333532346142074,1
current_velocity_5T,030,tfclean_gp_rbf_chronos2_realw_full,seasonal,4.8457237998478435,1
current_velocity_5T,030,tfclean_gp_rbf_chronos2_realw_full,freq,2.7176268365507665,1
current_velocity_5T,030,tfclean_gp_rbf_chronos2_realw_full_freqonly,trend,0.02729895189293142,1
current_velocity_5T,030,tfclean_gp_rbf_chronos2_realw_full_freqonly,seasonal,15.818228032412529,1
current_velocity_5T,030,tfclean_gp_rbf_chronos2_realw_full_freqonly,freq,16.029101642001223,1
current_velocity_5T,030,tfclean_gp_rbf_chronos2_realw_full_seasonalonly,trend,0.0005482926339883323,1
current_velocity_5T,030,tfclean_gp_rbf_chronos2_realw_full_seasonalonly,seasonal,0.4790359769132023,1
current_velocity_5T,030,tfclean_gp_rbf_chronos2_realw_full_seasonalonly,freq,0.1579047245098395,1
current_velocity_5T,030,tfclean_gp_rbf_chronos2_realw_full_trendonly,trend,0.0005500791969770801,1
current_velocity_5T,030,tfclean_gp_rbf_chronos2_realw_full_trendonly,seasonal,0.4799367291118238,1
current_velocity_5T,030,tfclean_gp_rbf_chronos2_realw_full_trendonly,freq,0.14845184251746918,1
current_velocity_5T,030,tfclean_gp_rbf_chronos2_realw_resid,trend,0.0005397645985077333,1
current_velocity_5T,030,tfclean_gp_rbf_chronos2_realw_resid,seasonal,0.5085268864002127,1
current_velocity_5T,030,tfclean_gp_rbf_chronos2_realw_resid,freq,0.37703844384342894,1
current_velocity_5T,030,tfclean_gp_rbf_chronos2_realw_resid_freqonly,trend,0.0005055365448643249,1
current_velocity_5T,030,tfclean_gp_rbf_chronos2_realw_resid_freqonly,seasonal,0.485380542933768,1
current_velocity_5T,030,tfclean_gp_rbf_chronos2_realw_resid_freqonly,freq,0.7969236573067316,1
current_velocity_5T,030,tfclean_gp_rbf_chronos2_realw_resid_seasonalonly,trend,0.0005482926339883323,1
current_velocity_5T,030,tfclean_gp_rbf_chronos2_realw_resid_seasonalonly,seasonal,0.4790359769132023,1
current_velocity_5T,030,tfclean_gp_rbf_chronos2_realw_resid_seasonalonly,freq,0.1579047245098395,1
current_velocity_5T,030,tfclean_gp_rbf_chronos2_realw_resid_trendonly,trend,0.0005500791969770801,1
current_velocity_5T,030,tfclean_gp_rbf_chronos2_realw_resid_trendonly,seasonal,0.4799367291118238,1
current_velocity_5T,030,tfclean_gp_rbf_chronos2_realw_resid_trendonly,freq,0.14845184251746918,1
current_velocity_5T,030,tfclean_gp_rbf_kairos50m_realw_full,trend,0.016647787878926405,1
current_velocity_5T,030,tfclean_gp_rbf_kairos50m_realw_full,seasonal,9.566446136482055,1
current_velocity_5T,030,tfclean_gp_rbf_kairos50m_realw_full,freq,8.204280007948869,1
current_velocity_5T,030,tfclean_gp_rbf_kairos50m_realw_full_freqonly,trend,0.02729895189293142,1
current_velocity_5T,030,tfclean_gp_rbf_kairos50m_realw_full_freqonly,seasonal,15.818228032412529,1
current_velocity_5T,030,tfclean_gp_rbf_kairos50m_realw_full_freqonly,freq,16.029101642001223,1
current_velocity_5T,030,tfclean_gp_rbf_kairos50m_realw_full_seasonalonly,trend,0.0005482926339883323,1
current_velocity_5T,030,tfclean_gp_rbf_kairos50m_realw_full_seasonalonly,seasonal,0.4790359769132023,1
current_velocity_5T,030,tfclean_gp_rbf_kairos50m_realw_full_seasonalonly,freq,0.1579047245098395,1
current_velocity_5T,030,tfclean_gp_rbf_kairos50m_realw_full_trendonly,trend,0.0005500791969770801,1
current_velocity_5T,030,tfclean_gp_rbf_kairos50m_realw_full_trendonly,seasonal,0.4799367291118238,1
current_velocity_5T,030,tfclean_gp_rbf_kairos50m_realw_full_trendonly,freq,0.14845184251746918,1
current_velocity_5T,030,tfclean_gp_rbf_kairos50m_realw_resid,trend,0.0005408262456830673,1
current_velocity_5T,030,tfclean_gp_rbf_kairos50m_realw_resid,seasonal,0.5115276891351371,1
current_velocity_5T,030,tfclean_gp_rbf_kairos50m_realw_resid,freq,0.6734391977621379,1
current_velocity_5T,030,tfclean_gp_rbf_kairos50m_realw_resid_freqonly,trend,0.0005055365448643249,1
current_velocity_5T,030,tfclean_gp_rbf_kairos50m_realw_resid_freqonly,seasonal,0.485380542933768,1
current_velocity_5T,030,tfclean_gp_rbf_kairos50m_realw_resid_freqonly,freq,0.7969236573067316,1
current_velocity_5T,030,tfclean_gp_rbf_kairos50m_realw_resid_seasonalonly,trend,0.0005482926339883323,1
current_velocity_5T,030,tfclean_gp_rbf_kairos50m_realw_resid_seasonalonly,seasonal,0.4790359769132023,1
current_velocity_5T,030,tfclean_gp_rbf_kairos50m_realw_resid_seasonalonly,freq,0.1579047245098395,1
current_velocity_5T,030,tfclean_gp_rbf_kairos50m_realw_resid_trendonly,trend,0.0005500791969770801,1
current_velocity_5T,030,tfclean_gp_rbf_kairos50m_realw_resid_trendonly,seasonal,0.4799367291118238,1
current_velocity_5T,030,tfclean_gp_rbf_kairos50m_realw_resid_trendonly,freq,0.14845184251746918,1
current_velocity_5T,030,tfclean_gp_rbf_timesfm2p5_realw_full,trend,0.00646309023633022,1
current_velocity_5T,030,tfclean_gp_rbf_timesfm2p5_realw_full,seasonal,3.6979099592070312,1
current_velocity_5T,030,tfclean_gp_rbf_timesfm2p5_realw_full,freq,1.8478580143321028,1
current_velocity_5T,030,tfclean_gp_rbf_timesfm2p5_realw_full_freqonly,trend,0.02729895189293142,1
current_velocity_5T,030,tfclean_gp_rbf_timesfm2p5_realw_full_freqonly,seasonal,15.818228032412529,1
current_velocity_5T,030,tfclean_gp_rbf_timesfm2p5_realw_full_freqonly,freq,16.029101642001223,1
current_velocity_5T,030,tfclean_gp_rbf_timesfm2p5_realw_full_seasonalonly,trend,0.0005482926339883323,1
current_velocity_5T,030,tfclean_gp_rbf_timesfm2p5_realw_full_seasonalonly,seasonal,0.4790359769132023,1
current_velocity_5T,030,tfclean_gp_rbf_timesfm2p5_realw_full_seasonalonly,freq,0.1579047245098395,1
current_velocity_5T,030,tfclean_gp_rbf_timesfm2p5_realw_full_trendonly,trend,0.0005500791969770801,1
current_velocity_5T,030,tfclean_gp_rbf_timesfm2p5_realw_full_trendonly,seasonal,0.4799367291118238,1
current_velocity_5T,030,tfclean_gp_rbf_timesfm2p5_realw_full_trendonly,freq,0.14845184251746918,1
current_velocity_5T,030,tfclean_gp_rbf_timesfm2p5_realw_resid,trend,0.0005486648293224391,1
current_velocity_5T,030,tfclean_gp_rbf_timesfm2p5_realw_resid,seasonal,0.4985020462261818,1
current_velocity_5T,030,tfclean_gp_rbf_timesfm2p5_realw_resid,freq,0.19532184188471374,1
current_velocity_5T,030,tfclean_gp_rbf_timesfm2p5_realw_resid_freqonly,trend,0.0005055365448643249,1
current_velocity_5T,030,tfclean_gp_rbf_timesfm2p5_realw_resid_freqonly,seasonal,0.485380542933768,1
current_velocity_5T,030,tfclean_gp_rbf_timesfm2p5_realw_resid_freqonly,freq,0.7969236573067316,1
current_velocity_5T,030,tfclean_gp_rbf_timesfm2p5_realw_resid_seasonalonly,trend,0.0005482926339883323,1
current_velocity_5T,030,tfclean_gp_rbf_timesfm2p5_realw_resid_seasonalonly,seasonal,0.4790359769132023,1
current_velocity_5T,030,tfclean_gp_rbf_timesfm2p5_realw_resid_seasonalonly,freq,0.1579047245098395,1
current_velocity_5T,030,tfclean_gp_rbf_timesfm2p5_realw_resid_trendonly,trend,0.0005500791969770801,1
current_velocity_5T,030,tfclean_gp_rbf_timesfm2p5_realw_resid_trendonly,seasonal,0.4799367291118238,1
current_velocity_5T,030,tfclean_gp_rbf_timesfm2p5_realw_resid_trendonly,freq,0.14845184251746918,1
current_velocity_5T,030,tfclean_linear_chronos2_realw_full,trend,0.00943361638137681,1
current_velocity_5T,030,tfclean_linear_chronos2_realw_full,seasonal,4.837314689756827,1
current_velocity_5T,030,tfclean_linear_chronos2_realw_full,freq,2.6239030829032712,1
current_velocity_5T,030,tfclean_linear_chronos2_realw_full_freqonly,trend,0.026449056679996225,1
current_velocity_5T,030,tfclean_linear_chronos2_realw_full_freqonly,seasonal,14.74457711948468,1
current_velocity_5T,030,tfclean_linear_chronos2_realw_full_freqonly,freq,12.919022372535574,1
current_velocity_5T,030,tfclean_linear_chronos2_realw_full_seasonalonly,trend,0.0003463692621977462,1
current_velocity_5T,030,tfclean_linear_chronos2_realw_full_seasonalonly,seasonal,0.201649837350297,1
current_velocity_5T,030,tfclean_linear_chronos2_realw_full_seasonalonly,freq,0.24640997551187607,1
current_velocity_5T,030,tfclean_linear_chronos2_realw_full_trendonly,trend,0.0003457130770161248,1
current_velocity_5T,030,tfclean_linear_chronos2_realw_full_trendonly,seasonal,0.2016882789563052,1
current_velocity_5T,030,tfclean_linear_chronos2_realw_full_trendonly,freq,0.24629714887244233,1
current_velocity_5T,030,tfclean_linear_chronos2_realw_resid,trend,0.00033253805767243156,1
current_velocity_5T,030,tfclean_linear_chronos2_realw_resid,seasonal,0.21060293175829448,1
current_velocity_5T,030,tfclean_linear_chronos2_realw_resid,freq,0.30598668102878634,1
current_velocity_5T,030,tfclean_linear_chronos2_realw_resid_freqonly,trend,0.0003086760698948979,1
current_velocity_5T,030,tfclean_linear_chronos2_realw_resid_freqonly,seasonal,0.2256094779041286,1
current_velocity_5T,030,tfclean_linear_chronos2_realw_resid_freqonly,freq,0.3975932668342841,1
current_velocity_5T,030,tfclean_linear_chronos2_realw_resid_seasonalonly,trend,0.0003463692621977462,1
current_velocity_5T,030,tfclean_linear_chronos2_realw_resid_seasonalonly,seasonal,0.201649837350297,1
current_velocity_5T,030,tfclean_linear_chronos2_realw_resid_seasonalonly,freq,0.24640997551187607,1
current_velocity_5T,030,tfclean_linear_chronos2_realw_resid_trendonly,trend,0.0003457130770161248,1
current_velocity_5T,030,tfclean_linear_chronos2_realw_resid_trendonly,seasonal,0.2016882789563052,1
current_velocity_5T,030,tfclean_linear_chronos2_realw_resid_trendonly,freq,0.24629714887244233,1
current_velocity_5T,030,tfclean_linear_kairos50m_realw_full,trend,0.018485735623859904,1
current_velocity_5T,030,tfclean_linear_kairos50m_realw_full,seasonal,9.281344397937982,1
current_velocity_5T,030,tfclean_linear_kairos50m_realw_full,freq,4.745866192453848,1
current_velocity_5T,030,tfclean_linear_kairos50m_realw_full_freqonly,trend,0.026449056679996225,1
current_velocity_5T,030,tfclean_linear_kairos50m_realw_full_freqonly,seasonal,14.74457711948468,1
current_velocity_5T,030,tfclean_linear_kairos50m_realw_full_freqonly,freq,12.919022372535574,1
current_velocity_5T,030,tfclean_linear_kairos50m_realw_full_seasonalonly,trend,0.0003463692621977462,1
current_velocity_5T,030,tfclean_linear_kairos50m_realw_full_seasonalonly,seasonal,0.201649837350297,1
current_velocity_5T,030,tfclean_linear_kairos50m_realw_full_seasonalonly,freq,0.24640997551187607,1
current_velocity_5T,030,tfclean_linear_kairos50m_realw_full_trendonly,trend,0.0003457130770161248,1
current_velocity_5T,030,tfclean_linear_kairos50m_realw_full_trendonly,seasonal,0.2016882789563052,1
current_velocity_5T,030,tfclean_linear_kairos50m_realw_full_trendonly,freq,0.24629714887244233,1
current_velocity_5T,030,tfclean_linear_kairos50m_realw_resid,trend,0.000310742274899489,1
current_velocity_5T,030,tfclean_linear_kairos50m_realw_resid,seasonal,0.21338260636189998,1
current_velocity_5T,030,tfclean_linear_kairos50m_realw_resid,freq,0.33055487933813354,1
current_velocity_5T,030,tfclean_linear_kairos50m_realw_resid_freqonly,trend,0.0003086760698948979,1
current_velocity_5T,030,tfclean_linear_kairos50m_realw_resid_freqonly,seasonal,0.2256094779041286,1
current_velocity_5T,030,tfclean_linear_kairos50m_realw_resid_freqonly,freq,0.3975932668342841,1
current_velocity_5T,030,tfclean_linear_kairos50m_realw_resid_seasonalonly,trend,0.0003463692621977462,1
current_velocity_5T,030,tfclean_linear_kairos50m_realw_resid_seasonalonly,seasonal,0.201649837350297,1
current_velocity_5T,030,tfclean_linear_kairos50m_realw_resid_seasonalonly,freq,0.24640997551187607,1
current_velocity_5T,030,tfclean_linear_kairos50m_realw_resid_trendonly,trend,0.0003457130770161248,1
current_velocity_5T,030,tfclean_linear_kairos50m_realw_resid_trendonly,seasonal,0.2016882789563052,1
current_velocity_5T,030,tfclean_linear_kairos50m_realw_resid_trendonly,freq,0.24629714887244233,1
current_velocity_5T,030,tfclean_linear_timesfm2p5_realw_full,trend,0.007295879968063332,1
current_velocity_5T,030,tfclean_linear_timesfm2p5_realw_full,seasonal,3.7219864353121164,1
current_velocity_5T,030,tfclean_linear_timesfm2p5_realw_full,freq,2.138449437575045,1
current_velocity_5T,030,tfclean_linear_timesfm2p5_realw_full_freqonly,trend,0.026449056679996225,1
current_velocity_5T,030,tfclean_linear_timesfm2p5_realw_full_freqonly,seasonal,14.74457711948468,1
current_velocity_5T,030,tfclean_linear_timesfm2p5_realw_full_freqonly,freq,12.919022372535574,1
current_velocity_5T,030,tfclean_linear_timesfm2p5_realw_full_seasonalonly,trend,0.0003463692621977462,1
current_velocity_5T,030,tfclean_linear_timesfm2p5_realw_full_seasonalonly,seasonal,0.201649837350297,1
current_velocity_5T,030,tfclean_linear_timesfm2p5_realw_full_seasonalonly,freq,0.24640997551187607,1
current_velocity_5T,030,tfclean_linear_timesfm2p5_realw_full_trendonly,trend,0.0003457130770161248,1
current_velocity_5T,030,tfclean_linear_timesfm2p5_realw_full_trendonly,seasonal,0.2016882789563052,1
current_velocity_5T,030,tfclean_linear_timesfm2p5_realw_full_trendonly,freq,0.24629714887244233,1
current_velocity_5T,030,tfclean_linear_timesfm2p5_realw_resid,trend,0.00033977750466266933,1
current_velocity_5T,030,tfclean_linear_timesfm2p5_realw_resid,seasonal,0.20543174877951023,1
current_velocity_5T,030,tfclean_linear_timesfm2p5_realw_resid,freq,0.2709071651122763,1
current_velocity_5T,030,tfclean_linear_timesfm2p5_realw_resid_freqonly,trend,0.0003086760698948979,1
current_velocity_5T,030,tfclean_linear_timesfm2p5_realw_resid_freqonly,seasonal,0.2256094779041286,1
current_velocity_5T,030,tfclean_linear_timesfm2p5_realw_resid_freqonly,freq,0.3975932668342841,1
current_velocity_5T,030,tfclean_linear_timesfm2p5_realw_resid_seasonalonly,trend,0.0003463692621977462,1
current_velocity_5T,030,tfclean_linear_timesfm2p5_realw_resid_seasonalonly,seasonal,0.201649837350297,1
current_velocity_5T,030,tfclean_linear_timesfm2p5_realw_resid_seasonalonly,freq,0.24640997551187607,1
current_velocity_5T,030,tfclean_linear_timesfm2p5_realw_resid_trendonly,trend,0.0003457130770161248,1
current_velocity_5T,030,tfclean_linear_timesfm2p5_realw_resid_trendonly,seasonal,0.2016882789563052,1
current_velocity_5T,030,tfclean_linear_timesfm2p5_realw_resid_trendonly,freq,0.24629714887244233,1
current_velocity_5T,030,tfclean_saits_chronos2_realw_full,trend,0.00921559852848804,1
current_velocity_5T,030,tfclean_saits_chronos2_realw_full,seasonal,4.808022013009782,1
current_velocity_5T,030,tfclean_saits_chronos2_realw_full,freq,2.9528018324629164,1
current_velocity_5T,030,tfclean_saits_chronos2_realw_full_freqonly,trend,0.02760748645168058,1
current_velocity_5T,030,tfclean_saits_chronos2_realw_full_freqonly,seasonal,15.07070390987266,1
current_velocity_5T,030,tfclean_saits_chronos2_realw_full_freqonly,freq,10.119843691689464,1
current_velocity_5T,030,tfclean_saits_chronos2_realw_full_seasonalonly,trend,0.000507236353069107,1
current_velocity_5T,030,tfclean_saits_chronos2_realw_full_seasonalonly,seasonal,0.29597340672591216,1
current_velocity_5T,030,tfclean_saits_chronos2_realw_full_seasonalonly,freq,0.08878759319385006,1
current_velocity_5T,030,tfclean_saits_chronos2_realw_full_trendonly,trend,0.0005070182016483256,1
current_velocity_5T,030,tfclean_saits_chronos2_realw_full_trendonly,seasonal,0.29570634697186987,1
current_velocity_5T,030,tfclean_saits_chronos2_realw_full_trendonly,freq,0.08968887035772535,1
current_velocity_5T,030,tfclean_saits_chronos2_realw_resid,trend,0.0005350030999309591,1
current_velocity_5T,030,tfclean_saits_chronos2_realw_resid,seasonal,0.3107579895815942,1
current_velocity_5T,030,tfclean_saits_chronos2_realw_resid,freq,0.2342293237587211,1
current_velocity_5T,030,tfclean_saits_chronos2_realw_resid_freqonly,trend,0.0004961377729691982,1
current_velocity_5T,030,tfclean_saits_chronos2_realw_resid_freqonly,seasonal,0.30848325592738546,1
current_velocity_5T,030,tfclean_saits_chronos2_realw_resid_freqonly,freq,0.47354911628263296,1
current_velocity_5T,030,tfclean_saits_chronos2_realw_resid_seasonalonly,trend,0.000507236353069107,1
current_velocity_5T,030,tfclean_saits_chronos2_realw_resid_seasonalonly,seasonal,0.29597340672591216,1
current_velocity_5T,030,tfclean_saits_chronos2_realw_resid_seasonalonly,freq,0.08878759319385006,1
current_velocity_5T,030,tfclean_saits_chronos2_realw_resid_trendonly,trend,0.0005070182016483256,1
current_velocity_5T,030,tfclean_saits_chronos2_realw_resid_trendonly,seasonal,0.29570634697186987,1
current_velocity_5T,030,tfclean_saits_chronos2_realw_resid_trendonly,freq,0.08968887035772535,1
current_velocity_5T,030,tfclean_saits_kairos50m_realw_full,trend,0.018520963285362537,1
current_velocity_5T,030,tfclean_saits_kairos50m_realw_full,seasonal,9.243667887629464,1
current_velocity_5T,030,tfclean_saits_kairos50m_realw_full,freq,4.915853413293345,1
current_velocity_5T,030,tfclean_saits_kairos50m_realw_full_freqonly,trend,0.02760748645168058,1
current_velocity_5T,030,tfclean_saits_kairos50m_realw_full_freqonly,seasonal,15.07070390987266,1
current_velocity_5T,030,tfclean_saits_kairos50m_realw_full_freqonly,freq,10.119843691689464,1
current_velocity_5T,030,tfclean_saits_kairos50m_realw_full_seasonalonly,trend,0.000507236353069107,1
current_velocity_5T,030,tfclean_saits_kairos50m_realw_full_seasonalonly,seasonal,0.29597340672591216,1
current_velocity_5T,030,tfclean_saits_kairos50m_realw_full_seasonalonly,freq,0.08878759319385006,1
current_velocity_5T,030,tfclean_saits_kairos50m_realw_full_trendonly,trend,0.0005070182016483256,1
current_velocity_5T,030,tfclean_saits_kairos50m_realw_full_trendonly,seasonal,0.29570634697186987,1
current_velocity_5T,030,tfclean_saits_kairos50m_realw_full_trendonly,freq,0.08968887035772535,1
current_velocity_5T,030,tfclean_saits_kairos50m_realw_resid,trend,0.0005255502751066266,1
current_velocity_5T,030,tfclean_saits_kairos50m_realw_resid,seasonal,0.30779648806349824,1
current_velocity_5T,030,tfclean_saits_kairos50m_realw_resid,freq,0.33679704410733297,1
current_velocity_5T,030,tfclean_saits_kairos50m_realw_resid_freqonly,trend,0.0004961377729691982,1
current_velocity_5T,030,tfclean_saits_kairos50m_realw_resid_freqonly,seasonal,0.30848325592738546,1
current_velocity_5T,030,tfclean_saits_kairos50m_realw_resid_freqonly,freq,0.47354911628263296,1
current_velocity_5T,030,tfclean_saits_kairos50m_realw_resid_seasonalonly,trend,0.000507236353069107,1
current_velocity_5T,030,tfclean_saits_kairos50m_realw_resid_seasonalonly,seasonal,0.29597340672591216,1
current_velocity_5T,030,tfclean_saits_kairos50m_realw_resid_seasonalonly,freq,0.08878759319385006,1
current_velocity_5T,030,tfclean_saits_kairos50m_realw_resid_trendonly,trend,0.0005070182016483256,1
current_velocity_5T,030,tfclean_saits_kairos50m_realw_resid_trendonly,seasonal,0.29570634697186987,1
current_velocity_5T,030,tfclean_saits_kairos50m_realw_resid_trendonly,freq,0.08968887035772535,1
current_velocity_5T,030,tfclean_saits_timesfm2p5_realw_full,trend,0.0073007008157702155,1
current_velocity_5T,030,tfclean_saits_timesfm2p5_realw_full,seasonal,3.703470451604618,1
current_velocity_5T,030,tfclean_saits_timesfm2p5_realw_full,freq,1.9708686657900976,1
current_velocity_5T,030,tfclean_saits_timesfm2p5_realw_full_freqonly,trend,0.02760748645168058,1
current_velocity_5T,030,tfclean_saits_timesfm2p5_realw_full_freqonly,seasonal,15.07070390987266,1
current_velocity_5T,030,tfclean_saits_timesfm2p5_realw_full_freqonly,freq,10.119843691689464,1
current_velocity_5T,030,tfclean_saits_timesfm2p5_realw_full_seasonalonly,trend,0.000507236353069107,1
current_velocity_5T,030,tfclean_saits_timesfm2p5_realw_full_seasonalonly,seasonal,0.29597340672591216,1
current_velocity_5T,030,tfclean_saits_timesfm2p5_realw_full_seasonalonly,freq,0.08878759319385006,1
current_velocity_5T,030,tfclean_saits_timesfm2p5_realw_full_trendonly,trend,0.0005070182016483256,1
current_velocity_5T,030,tfclean_saits_timesfm2p5_realw_full_trendonly,seasonal,0.29570634697186987,1
current_velocity_5T,030,tfclean_saits_timesfm2p5_realw_full_trendonly,freq,0.08968887035772535,1
current_velocity_5T,030,tfclean_saits_timesfm2p5_realw_resid,trend,0.0005289963801607452,1
current_velocity_5T,030,tfclean_saits_timesfm2p5_realw_resid,seasonal,0.3103229166497104,1
current_velocity_5T,030,tfclean_saits_timesfm2p5_realw_resid,freq,0.183217950800021,1
current_velocity_5T,030,tfclean_saits_timesfm2p5_realw_resid_freqonly,trend,0.0004961377729691982,1
current_velocity_5T,030,tfclean_saits_timesfm2p5_realw_resid_freqonly,seasonal,0.30848325592738546,1
current_velocity_5T,030,tfclean_saits_timesfm2p5_realw_resid_freqonly,freq,0.47354911628263296,1
current_velocity_5T,030,tfclean_saits_timesfm2p5_realw_resid_seasonalonly,trend,0.000507236353069107,1
current_velocity_5T,030,tfclean_saits_timesfm2p5_realw_resid_seasonalonly,seasonal,0.29597340672591216,1
current_velocity_5T,030,tfclean_saits_timesfm2p5_realw_resid_seasonalonly,freq,0.08878759319385006,1
current_velocity_5T,030,tfclean_saits_timesfm2p5_realw_resid_trendonly,trend,0.0005070182016483256,1
current_velocity_5T,030,tfclean_saits_timesfm2p5_realw_resid_trendonly,seasonal,0.29570634697186987,1
current_velocity_5T,030,tfclean_saits_timesfm2p5_realw_resid_trendonly,freq,0.08968887035772535,1
Coastal_T_S_20T,010,backward,trend,0.0011138677980262683,1
Coastal_T_S_20T,010,backward,seasonal,0.26170126333892085,1
Coastal_T_S_20T,010,backward,freq,0.32926822450846405,1
Coastal_T_S_20T,010,forward,trend,0.0009834698373809934,1
Coastal_T_S_20T,010,forward,seasonal,0.26539908662723694,1
Coastal_T_S_20T,010,forward,freq,0.41758317558298763,1
Coastal_T_S_20T,010,gp_rbf,trend,0.0007691130019772466,1
Coastal_T_S_20T,010,gp_rbf,seasonal,0.24072059532394047,1
Coastal_T_S_20T,010,gp_rbf,freq,0.16376661573177387,1
Coastal_T_S_20T,010,kalman_arima,trend,0.00867242842632261,1
Coastal_T_S_20T,010,kalman_arima,seasonal,1.463511774551091,1
Coastal_T_S_20T,010,kalman_arima,freq,4.669418752214326,1
Coastal_T_S_20T,010,kalman_struct,trend,0.0006281168994596218,1
Coastal_T_S_20T,010,kalman_struct,seasonal,0.2518348841394884,1
Coastal_T_S_20T,010,kalman_struct,freq,0.1965914575054175,1
Coastal_T_S_20T,010,linear,trend,0.0006138303307695786,1
Coastal_T_S_20T,010,linear,seasonal,0.22808488925361184,1
Coastal_T_S_20T,010,linear,freq,0.17935241273375271,1
Coastal_T_S_20T,010,mean,trend,0.008321159179640655,1
Coastal_T_S_20T,010,mean,seasonal,1.4437253364859344,1
Coastal_T_S_20T,010,mean,freq,5.016511556722182,1
Coastal_T_S_20T,010,saits,trend,0.0037873377305991263,1
Coastal_T_S_20T,010,saits,seasonal,0.6531081154688368,1
Coastal_T_S_20T,010,saits,freq,1.4707661814177853,1
Coastal_T_S_20T,010,tfclean_gp_rbf_chronos2_realw_full,trend,0.0007324151034051623,1
Coastal_T_S_20T,010,tfclean_gp_rbf_chronos2_realw_full,seasonal,0.25222486720832454,1
Coastal_T_S_20T,010,tfclean_gp_rbf_chronos2_realw_full,freq,0.1818275776976536,1
Coastal_T_S_20T,010,tfclean_gp_rbf_chronos2_realw_full_freqonly,trend,0.016075497809723217,1
Coastal_T_S_20T,010,tfclean_gp_rbf_chronos2_realw_full_freqonly,seasonal,2.7556356830039057,1
Coastal_T_S_20T,010,tfclean_gp_rbf_chronos2_realw_full_freqonly,freq,8.308206340812466,1
Coastal_T_S_20T,010,tfclean_gp_rbf_chronos2_realw_full_seasonalonly,trend,0.0007686226040310394,1
Coastal_T_S_20T,010,tfclean_gp_rbf_chronos2_realw_full_seasonalonly,seasonal,0.24116522508731347,1
Coastal_T_S_20T,010,tfclean_gp_rbf_chronos2_realw_full_seasonalonly,freq,0.1639793844459172,1
Coastal_T_S_20T,010,tfclean_gp_rbf_chronos2_realw_full_trendonly,trend,0.000695388515269793,1
Coastal_T_S_20T,010,tfclean_gp_rbf_chronos2_realw_full_trendonly,seasonal,0.24008742317735793,1
Coastal_T_S_20T,010,tfclean_gp_rbf_chronos2_realw_full_trendonly,freq,0.15653472890980283,1
Coastal_T_S_20T,010,tfclean_gp_rbf_chronos2_realw_resid,trend,0.0007431798009381501,1
Coastal_T_S_20T,010,tfclean_gp_rbf_chronos2_realw_resid,seasonal,0.2441641154093,1
Coastal_T_S_20T,010,tfclean_gp_rbf_chronos2_realw_resid,freq,0.1523262117561663,1
Coastal_T_S_20T,010,tfclean_gp_rbf_chronos2_realw_resid_freqonly,trend,0.000791204258405455,1
Coastal_T_S_20T,010,tfclean_gp_rbf_chronos2_realw_resid_freqonly,seasonal,0.2462688266775994,1
Coastal_T_S_20T,010,tfclean_gp_rbf_chronos2_realw_resid_freqonly,freq,0.1478961273068173,1
Coastal_T_S_20T,010,tfclean_gp_rbf_chronos2_realw_resid_seasonalonly,trend,0.0007686226040310394,1
Coastal_T_S_20T,010,tfclean_gp_rbf_chronos2_realw_resid_seasonalonly,seasonal,0.24116522508731347,1
Coastal_T_S_20T,010,tfclean_gp_rbf_chronos2_realw_resid_seasonalonly,freq,0.1639793844459172,1
Coastal_T_S_20T,010,tfclean_gp_rbf_chronos2_realw_resid_trendonly,trend,0.000695388515269793,1
Coastal_T_S_20T,010,tfclean_gp_rbf_chronos2_realw_resid_trendonly,seasonal,0.24008742317735793,1
Coastal_T_S_20T,010,tfclean_gp_rbf_chronos2_realw_resid_trendonly,freq,0.15653472890980283,1
Coastal_T_S_20T,010,tfclean_gp_rbf_kairos50m_realw_full,trend,0.0007691130019790647,1
Coastal_T_S_20T,010,tfclean_gp_rbf_kairos50m_realw_full,seasonal,0.2407205953245034,1
Coastal_T_S_20T,010,tfclean_gp_rbf_kairos50m_realw_full,freq,0.16376661573251522,1
Coastal_T_S_20T,010,tfclean_gp_rbf_kairos50m_realw_full_freqonly,trend,0.016075497809723217,1
Coastal_T_S_20T,010,tfclean_gp_rbf_kairos50m_realw_full_freqonly,seasonal,2.7556356830039057,1
Coastal_T_S_20T,010,tfclean_gp_rbf_kairos50m_realw_full_freqonly,freq,8.308206340812466,1
Coastal_T_S_20T,010,tfclean_gp_rbf_kairos50m_realw_full_seasonalonly,trend,0.0007686226040310394,1
Coastal_T_S_20T,010,tfclean_gp_rbf_kairos50m_realw_full_seasonalonly,seasonal,0.24116522508731347,1
Coastal_T_S_20T,010,tfclean_gp_rbf_kairos50m_realw_full_seasonalonly,freq,0.1639793844459172,1
Coastal_T_S_20T,010,tfclean_gp_rbf_kairos50m_realw_full_trendonly,trend,0.000695388515269793,1
Coastal_T_S_20T,010,tfclean_gp_rbf_kairos50m_realw_full_trendonly,seasonal,0.24008742317735793,1
Coastal_T_S_20T,010,tfclean_gp_rbf_kairos50m_realw_full_trendonly,freq,0.15653472890980283,1
Coastal_T_S_20T,010,tfclean_gp_rbf_kairos50m_realw_resid,trend,0.0007691130019790647,1
Coastal_T_S_20T,010,tfclean_gp_rbf_kairos50m_realw_resid,seasonal,0.2407205953245034,1
Coastal_T_S_20T,010,tfclean_gp_rbf_kairos50m_realw_resid,freq,0.16376661573251522,1
Coastal_T_S_20T,010,tfclean_gp_rbf_kairos50m_realw_resid_freqonly,trend,0.000791204258405455,1
Coastal_T_S_20T,010,tfclean_gp_rbf_kairos50m_realw_resid_freqonly,seasonal,0.2462688266775994,1
Coastal_T_S_20T,010,tfclean_gp_rbf_kairos50m_realw_resid_freqonly,freq,0.1478961273068173,1
Coastal_T_S_20T,010,tfclean_gp_rbf_kairos50m_realw_resid_seasonalonly,trend,0.0007686226040310394,1
Coastal_T_S_20T,010,tfclean_gp_rbf_kairos50m_realw_resid_seasonalonly,seasonal,0.24116522508731347,1
Coastal_T_S_20T,010,tfclean_gp_rbf_kairos50m_realw_resid_seasonalonly,freq,0.1639793844459172,1
Coastal_T_S_20T,010,tfclean_gp_rbf_kairos50m_realw_resid_trendonly,trend,0.000695388515269793,1
Coastal_T_S_20T,010,tfclean_gp_rbf_kairos50m_realw_resid_trendonly,seasonal,0.24008742317735793,1
Coastal_T_S_20T,010,tfclean_gp_rbf_kairos50m_realw_resid_trendonly,freq,0.15653472890980283,1
Coastal_T_S_20T,010,tfclean_gp_rbf_timesfm2p5_realw_full,trend,0.014642978174067218,1
Coastal_T_S_20T,010,tfclean_gp_rbf_timesfm2p5_realw_full,seasonal,1.3811819454053322,1
Coastal_T_S_20T,010,tfclean_gp_rbf_timesfm2p5_realw_full,freq,5.7882010683926275,1
Coastal_T_S_20T,010,tfclean_gp_rbf_timesfm2p5_realw_full_freqonly,trend,0.016075497809723217,1
Coastal_T_S_20T,010,tfclean_gp_rbf_timesfm2p5_realw_full_freqonly,seasonal,2.7556356830039057,1
Coastal_T_S_20T,010,tfclean_gp_rbf_timesfm2p5_realw_full_freqonly,freq,8.308206340812466,1
Coastal_T_S_20T,010,tfclean_gp_rbf_timesfm2p5_realw_full_seasonalonly,trend,0.0007686226040310394,1
Coastal_T_S_20T,010,tfclean_gp_rbf_timesfm2p5_realw_full_seasonalonly,seasonal,0.24116522508731347,1
Coastal_T_S_20T,010,tfclean_gp_rbf_timesfm2p5_realw_full_seasonalonly,freq,0.1639793844459172,1
Coastal_T_S_20T,010,tfclean_gp_rbf_timesfm2p5_realw_full_trendonly,trend,0.000695388515269793,1
Coastal_T_S_20T,010,tfclean_gp_rbf_timesfm2p5_realw_full_trendonly,seasonal,0.24008742317735793,1
Coastal_T_S_20T,010,tfclean_gp_rbf_timesfm2p5_realw_full_trendonly,freq,0.15653472890980283,1
Coastal_T_S_20T,010,tfclean_gp_rbf_timesfm2p5_realw_resid,trend,0.0007519167923421843,1
Coastal_T_S_20T,010,tfclean_gp_rbf_timesfm2p5_realw_resid,seasonal,0.24497337613715675,1
Coastal_T_S_20T,010,tfclean_gp_rbf_timesfm2p5_realw_resid,freq,0.15137259013750434,1
Coastal_T_S_20T,010,tfclean_gp_rbf_timesfm2p5_realw_resid_freqonly,trend,0.000791204258405455,1
Coastal_T_S_20T,010,tfclean_gp_rbf_timesfm2p5_realw_resid_freqonly,seasonal,0.2462688266775994,1
Coastal_T_S_20T,010,tfclean_gp_rbf_timesfm2p5_realw_resid_freqonly,freq,0.1478961273068173,1
Coastal_T_S_20T,010,tfclean_gp_rbf_timesfm2p5_realw_resid_seasonalonly,trend,0.0007686226040310394,1
Coastal_T_S_20T,010,tfclean_gp_rbf_timesfm2p5_realw_resid_seasonalonly,seasonal,0.24116522508731347,1
Coastal_T_S_20T,010,tfclean_gp_rbf_timesfm2p5_realw_resid_seasonalonly,freq,0.1639793844459172,1
Coastal_T_S_20T,010,tfclean_gp_rbf_timesfm2p5_realw_resid_trendonly,trend,0.000695388515269793,1
Coastal_T_S_20T,010,tfclean_gp_rbf_timesfm2p5_realw_resid_trendonly,seasonal,0.24008742317735793,1
Coastal_T_S_20T,010,tfclean_gp_rbf_timesfm2p5_realw_resid_trendonly,freq,0.15653472890980283,1
Coastal_T_S_20T,010,tfclean_linear_chronos2_realw_full,trend,0.0010406589484002052,1
Coastal_T_S_20T,010,tfclean_linear_chronos2_realw_full,seasonal,0.2800019016037782,1
Coastal_T_S_20T,010,tfclean_linear_chronos2_realw_full,freq,0.24674908251397704,1
Coastal_T_S_20T,010,tfclean_linear_chronos2_realw_full_freqonly,trend,0.016073252188287833,1
Coastal_T_S_20T,010,tfclean_linear_chronos2_realw_full_freqonly,seasonal,2.8131324932439408,1
Coastal_T_S_20T,010,tfclean_linear_chronos2_realw_full_freqonly,freq,8.371342237708554,1
Coastal_T_S_20T,010,tfclean_linear_chronos2_realw_full_seasonalonly,trend,0.0006115141414173276,1
Coastal_T_S_20T,010,tfclean_linear_chronos2_realw_full_seasonalonly,seasonal,0.22718790119053267,1
Coastal_T_S_20T,010,tfclean_linear_chronos2_realw_full_seasonalonly,freq,0.1794579112371906,1
Coastal_T_S_20T,010,tfclean_linear_chronos2_realw_full_trendonly,trend,0.0004967298931562962,1
Coastal_T_S_20T,010,tfclean_linear_chronos2_realw_full_trendonly,seasonal,0.2368072215957367,1
Coastal_T_S_20T,010,tfclean_linear_chronos2_realw_full_trendonly,freq,0.17853741012552896,1
Coastal_T_S_20T,010,tfclean_linear_chronos2_realw_resid,trend,0.0005524798771638048,1
Coastal_T_S_20T,010,tfclean_linear_chronos2_realw_resid,seasonal,0.22985130771608983,1
Coastal_T_S_20T,010,tfclean_linear_chronos2_realw_resid,freq,0.16499829555570553,1
Coastal_T_S_20T,010,tfclean_linear_chronos2_realw_resid_freqonly,trend,0.000579829409213869,1
Coastal_T_S_20T,010,tfclean_linear_chronos2_realw_resid_freqonly,seasonal,0.23526439057871837,1
Coastal_T_S_20T,010,tfclean_linear_chronos2_realw_resid_freqonly,freq,0.12352945430115768,1
Coastal_T_S_20T,010,tfclean_linear_chronos2_realw_resid_seasonalonly,trend,0.0006115141414173276,1
Coastal_T_S_20T,010,tfclean_linear_chronos2_realw_resid_seasonalonly,seasonal,0.22718790119053267,1
Coastal_T_S_20T,010,tfclean_linear_chronos2_realw_resid_seasonalonly,freq,0.1794579112371906,1
Coastal_T_S_20T,010,tfclean_linear_chronos2_realw_resid_trendonly,trend,0.0004967298931562962,1
Coastal_T_S_20T,010,tfclean_linear_chronos2_realw_resid_trendonly,seasonal,0.2368072215957367,1
Coastal_T_S_20T,010,tfclean_linear_chronos2_realw_resid_trendonly,freq,0.17853741012552896,1
Coastal_T_S_20T,010,tfclean_linear_kairos50m_realw_full,trend,0.0006138303307702205,1
Coastal_T_S_20T,010,tfclean_linear_kairos50m_realw_full,seasonal,0.22808488925199943,1
Coastal_T_S_20T,010,tfclean_linear_kairos50m_realw_full,freq,0.17935241273614203,1
Coastal_T_S_20T,010,tfclean_linear_kairos50m_realw_full_freqonly,trend,0.016073252188287833,1
Coastal_T_S_20T,010,tfclean_linear_kairos50m_realw_full_freqonly,seasonal,2.8131324932439408,1
Coastal_T_S_20T,010,tfclean_linear_kairos50m_realw_full_freqonly,freq,8.371342237708554,1
Coastal_T_S_20T,010,tfclean_linear_kairos50m_realw_full_seasonalonly,trend,0.0006115141414173276,1
Coastal_T_S_20T,010,tfclean_linear_kairos50m_realw_full_seasonalonly,seasonal,0.22718790119053267,1
Coastal_T_S_20T,010,tfclean_linear_kairos50m_realw_full_seasonalonly,freq,0.1794579112371906,1
Coastal_T_S_20T,010,tfclean_linear_kairos50m_realw_full_trendonly,trend,0.0004967298931562962,1
Coastal_T_S_20T,010,tfclean_linear_kairos50m_realw_full_trendonly,seasonal,0.2368072215957367,1
Coastal_T_S_20T,010,tfclean_linear_kairos50m_realw_full_trendonly,freq,0.17853741012552896,1
Coastal_T_S_20T,010,tfclean_linear_kairos50m_realw_resid,trend,0.0006138303307702205,1
Coastal_T_S_20T,010,tfclean_linear_kairos50m_realw_resid,seasonal,0.22808488925199943,1
Coastal_T_S_20T,010,tfclean_linear_kairos50m_realw_resid,freq,0.17935241273614203,1
Coastal_T_S_20T,010,tfclean_linear_kairos50m_realw_resid_freqonly,trend,0.000579829409213869,1
Coastal_T_S_20T,010,tfclean_linear_kairos50m_realw_resid_freqonly,seasonal,0.23526439057871837,1
Coastal_T_S_20T,010,tfclean_linear_kairos50m_realw_resid_freqonly,freq,0.12352945430115768,1
Coastal_T_S_20T,010,tfclean_linear_kairos50m_realw_resid_seasonalonly,trend,0.0006115141414173276,1
Coastal_T_S_20T,010,tfclean_linear_kairos50m_realw_resid_seasonalonly,seasonal,0.22718790119053267,1
Coastal_T_S_20T,010,tfclean_linear_kairos50m_realw_resid_seasonalonly,freq,0.1794579112371906,1
Coastal_T_S_20T,010,tfclean_linear_kairos50m_realw_resid_trendonly,trend,0.0004967298931562962,1
Coastal_T_S_20T,010,tfclean_linear_kairos50m_realw_resid_trendonly,seasonal,0.2368072215957367,1
Coastal_T_S_20T,010,tfclean_linear_kairos50m_realw_resid_trendonly,freq,0.17853741012552896,1
Coastal_T_S_20T,010,tfclean_linear_timesfm2p5_realw_full,trend,0.010889444457667253,1
Coastal_T_S_20T,010,tfclean_linear_timesfm2p5_realw_full,seasonal,1.5256614513065945,1
Coastal_T_S_20T,010,tfclean_linear_timesfm2p5_realw_full,freq,4.880656818751613,1
Coastal_T_S_20T,010,tfclean_linear_timesfm2p5_realw_full_freqonly,trend,0.016073252188287833,1
Coastal_T_S_20T,010,tfclean_linear_timesfm2p5_realw_full_freqonly,seasonal,2.8131324932439408,1
Coastal_T_S_20T,010,tfclean_linear_timesfm2p5_realw_full_freqonly,freq,8.371342237708554,1
Coastal_T_S_20T,010,tfclean_linear_timesfm2p5_realw_full_seasonalonly,trend,0.0006115141414173276,1
Coastal_T_S_20T,010,tfclean_linear_timesfm2p5_realw_full_seasonalonly,seasonal,0.22718790119053267,1
Coastal_T_S_20T,010,tfclean_linear_timesfm2p5_realw_full_seasonalonly,freq,0.1794579112371906,1
Coastal_T_S_20T,010,tfclean_linear_timesfm2p5_realw_full_trendonly,trend,0.0004967298931562962,1
Coastal_T_S_20T,010,tfclean_linear_timesfm2p5_realw_full_trendonly,seasonal,0.2368072215957367,1
Coastal_T_S_20T,010,tfclean_linear_timesfm2p5_realw_full_trendonly,freq,0.17853741012552896,1
Coastal_T_S_20T,010,tfclean_linear_timesfm2p5_realw_resid,trend,0.0005551435857216083,1
Coastal_T_S_20T,010,tfclean_linear_timesfm2p5_realw_resid,seasonal,0.22976492564380244,1
Coastal_T_S_20T,010,tfclean_linear_timesfm2p5_realw_resid,freq,0.1605310213185608,1
Coastal_T_S_20T,010,tfclean_linear_timesfm2p5_realw_resid_freqonly,trend,0.000579829409213869,1
Coastal_T_S_20T,010,tfclean_linear_timesfm2p5_realw_resid_freqonly,seasonal,0.23526439057871837,1
Coastal_T_S_20T,010,tfclean_linear_timesfm2p5_realw_resid_freqonly,freq,0.12352945430115768,1
Coastal_T_S_20T,010,tfclean_linear_timesfm2p5_realw_resid_seasonalonly,trend,0.0006115141414173276,1
Coastal_T_S_20T,010,tfclean_linear_timesfm2p5_realw_resid_seasonalonly,seasonal,0.22718790119053267,1
Coastal_T_S_20T,010,tfclean_linear_timesfm2p5_realw_resid_seasonalonly,freq,0.1794579112371906,1
Coastal_T_S_20T,010,tfclean_linear_timesfm2p5_realw_resid_trendonly,trend,0.0004967298931562962,1
Coastal_T_S_20T,010,tfclean_linear_timesfm2p5_realw_resid_trendonly,seasonal,0.2368072215957367,1
Coastal_T_S_20T,010,tfclean_linear_timesfm2p5_realw_resid_trendonly,freq,0.17853741012552896,1
Coastal_T_S_20T,010,tfclean_saits_chronos2_realw_full,trend,0.0032961516679389834,1
Coastal_T_S_20T,010,tfclean_saits_chronos2_realw_full,seasonal,0.6202738112805256,1
Coastal_T_S_20T,010,tfclean_saits_chronos2_realw_full,freq,1.237090349146702,1
Coastal_T_S_20T,010,tfclean_saits_chronos2_realw_full_freqonly,trend,0.017651130070220577,1
Coastal_T_S_20T,010,tfclean_saits_chronos2_realw_full_freqonly,seasonal,3.502152980066955,1
Coastal_T_S_20T,010,tfclean_saits_chronos2_realw_full_freqonly,freq,9.586072381589878,1
Coastal_T_S_20T,010,tfclean_saits_chronos2_realw_full_seasonalonly,trend,0.0036834548461607327,1
Coastal_T_S_20T,010,tfclean_saits_chronos2_realw_full_seasonalonly,seasonal,0.6218481725013935,1
Coastal_T_S_20T,010,tfclean_saits_chronos2_realw_full_seasonalonly,freq,1.4505946913123722,1
Coastal_T_S_20T,010,tfclean_saits_chronos2_realw_full_trendonly,trend,0.0038330989006408796,1
Coastal_T_S_20T,010,tfclean_saits_chronos2_realw_full_trendonly,seasonal,0.6118348148788524,1
Coastal_T_S_20T,010,tfclean_saits_chronos2_realw_full_trendonly,freq,1.3617453757308142,1
Coastal_T_S_20T,010,tfclean_saits_chronos2_realw_resid,trend,0.0038905000799476204,1
Coastal_T_S_20T,010,tfclean_saits_chronos2_realw_resid,seasonal,0.6541275119647578,1
Coastal_T_S_20T,010,tfclean_saits_chronos2_realw_resid,freq,1.1260558396227573,1
Coastal_T_S_20T,010,tfclean_saits_chronos2_realw_resid_freqonly,trend,0.0036013945084569917,1
Coastal_T_S_20T,010,tfclean_saits_chronos2_realw_resid_freqonly,seasonal,0.6270362168328741,1
Coastal_T_S_20T,010,tfclean_saits_chronos2_realw_resid_freqonly,freq,0.5303079989183617,1
Coastal_T_S_20T,010,tfclean_saits_chronos2_realw_resid_seasonalonly,trend,0.0036834548461607327,1
Coastal_T_S_20T,010,tfclean_saits_chronos2_realw_resid_seasonalonly,seasonal,0.6218481725013935,1
Coastal_T_S_20T,010,tfclean_saits_chronos2_realw_resid_seasonalonly,freq,1.4505946913123722,1
Coastal_T_S_20T,010,tfclean_saits_chronos2_realw_resid_trendonly,trend,0.0038330989006408796,1
Coastal_T_S_20T,010,tfclean_saits_chronos2_realw_resid_trendonly,seasonal,0.6118348148788524,1
Coastal_T_S_20T,010,tfclean_saits_chronos2_realw_resid_trendonly,freq,1.3617453757308142,1
Coastal_T_S_20T,010,tfclean_saits_kairos50m_realw_full,trend,0.003787337730603357,1
Coastal_T_S_20T,010,tfclean_saits_kairos50m_realw_full,seasonal,0.653108115467864,1
Coastal_T_S_20T,010,tfclean_saits_kairos50m_realw_full,freq,1.4707661814170252,1
Coastal_T_S_20T,010,tfclean_saits_kairos50m_realw_full_freqonly,trend,0.017651130070220577,1
Coastal_T_S_20T,010,tfclean_saits_kairos50m_realw_full_freqonly,seasonal,3.502152980066955,1
Coastal_T_S_20T,010,tfclean_saits_kairos50m_realw_full_freqonly,freq,9.586072381589878,1
Coastal_T_S_20T,010,tfclean_saits_kairos50m_realw_full_seasonalonly,trend,0.0036834548461607327,1
Coastal_T_S_20T,010,tfclean_saits_kairos50m_realw_full_seasonalonly,seasonal,0.6218481725013935,1
Coastal_T_S_20T,010,tfclean_saits_kairos50m_realw_full_seasonalonly,freq,1.4505946913123722,1
Coastal_T_S_20T,010,tfclean_saits_kairos50m_realw_full_trendonly,trend,0.0038330989006408796,1
Coastal_T_S_20T,010,tfclean_saits_kairos50m_realw_full_trendonly,seasonal,0.6118348148788524,1
Coastal_T_S_20T,010,tfclean_saits_kairos50m_realw_full_trendonly,freq,1.3617453757308142,1
Coastal_T_S_20T,010,tfclean_saits_kairos50m_realw_resid,trend,0.003787337730603357,1
Coastal_T_S_20T,010,tfclean_saits_kairos50m_realw_resid,seasonal,0.653108115467864,1
Coastal_T_S_20T,010,tfclean_saits_kairos50m_realw_resid,freq,1.4707661814170252,1
Coastal_T_S_20T,010,tfclean_saits_kairos50m_realw_resid_freqonly,trend,0.0036013945084569917,1
Coastal_T_S_20T,010,tfclean_saits_kairos50m_realw_resid_freqonly,seasonal,0.6270362168328741,1
Coastal_T_S_20T,010,tfclean_saits_kairos50m_realw_resid_freqonly,freq,0.5303079989183617,1
Coastal_T_S_20T,010,tfclean_saits_kairos50m_realw_resid_seasonalonly,trend,0.0036834548461607327,1
Coastal_T_S_20T,010,tfclean_saits_kairos50m_realw_resid_seasonalonly,seasonal,0.6218481725013935,1
Coastal_T_S_20T,010,tfclean_saits_kairos50m_realw_resid_seasonalonly,freq,1.4505946913123722,1
Coastal_T_S_20T,010,tfclean_saits_kairos50m_realw_resid_trendonly,trend,0.0038330989006408796,1
Coastal_T_S_20T,010,tfclean_saits_kairos50m_realw_resid_trendonly,seasonal,0.6118348148788524,1
Coastal_T_S_20T,010,tfclean_saits_kairos50m_realw_resid_trendonly,freq,1.3617453757308142,1
Coastal_T_S_20T,010,tfclean_saits_timesfm2p5_realw_full,trend,0.007630479635385285,1
Coastal_T_S_20T,010,tfclean_saits_timesfm2p5_realw_full,seasonal,0.8863550356634767,1
Coastal_T_S_20T,010,tfclean_saits_timesfm2p5_realw_full,freq,4.586370141256815,1
Coastal_T_S_20T,010,tfclean_saits_timesfm2p5_realw_full_freqonly,trend,0.017651130070220577,1
Coastal_T_S_20T,010,tfclean_saits_timesfm2p5_realw_full_freqonly,seasonal,3.502152980066955,1
Coastal_T_S_20T,010,tfclean_saits_timesfm2p5_realw_full_freqonly,freq,9.586072381589878,1
Coastal_T_S_20T,010,tfclean_saits_timesfm2p5_realw_full_seasonalonly,trend,0.0036834548461607327,1
Coastal_T_S_20T,010,tfclean_saits_timesfm2p5_realw_full_seasonalonly,seasonal,0.6218481725013935,1
Coastal_T_S_20T,010,tfclean_saits_timesfm2p5_realw_full_seasonalonly,freq,1.4505946913123722,1
Coastal_T_S_20T,010,tfclean_saits_timesfm2p5_realw_full_trendonly,trend,0.0038330989006408796,1
Coastal_T_S_20T,010,tfclean_saits_timesfm2p5_realw_full_trendonly,seasonal,0.6118348148788524,1
Coastal_T_S_20T,010,tfclean_saits_timesfm2p5_realw_full_trendonly,freq,1.3617453757308142,1
Coastal_T_S_20T,010,tfclean_saits_timesfm2p5_realw_resid,trend,0.003650406393731789,1
Coastal_T_S_20T,010,tfclean_saits_timesfm2p5_realw_resid,seasonal,0.7143990270898213,1
Coastal_T_S_20T,010,tfclean_saits_timesfm2p5_realw_resid,freq,1.0489446829613944,1
Coastal_T_S_20T,010,tfclean_saits_timesfm2p5_realw_resid_freqonly,trend,0.0036013945084569917,1
Coastal_T_S_20T,010,tfclean_saits_timesfm2p5_realw_resid_freqonly,seasonal,0.6270362168328741,1
Coastal_T_S_20T,010,tfclean_saits_timesfm2p5_realw_resid_freqonly,freq,0.5303079989183617,1
Coastal_T_S_20T,010,tfclean_saits_timesfm2p5_realw_resid_seasonalonly,trend,0.0036834548461607327,1
Coastal_T_S_20T,010,tfclean_saits_timesfm2p5_realw_resid_seasonalonly,seasonal,0.6218481725013935,1
Coastal_T_S_20T,010,tfclean_saits_timesfm2p5_realw_resid_seasonalonly,freq,1.4505946913123722,1
Coastal_T_S_20T,010,tfclean_saits_timesfm2p5_realw_resid_trendonly,trend,0.0038330989006408796,1
Coastal_T_S_20T,010,tfclean_saits_timesfm2p5_realw_resid_trendonly,seasonal,0.6118348148788524,1
Coastal_T_S_20T,010,tfclean_saits_timesfm2p5_realw_resid_trendonly,freq,1.3617453757308142,1
Coastal_T_S_20T,020,backward,trend,0.0010648964059612074,1
Coastal_T_S_20T,020,backward,seasonal,0.4001048921037475,1
Coastal_T_S_20T,020,backward,freq,0.26229323590292164,1
Coastal_T_S_20T,020,forward,trend,0.0007692281042360402,1
Coastal_T_S_20T,020,forward,seasonal,0.3240832480274519,1
Coastal_T_S_20T,020,forward,freq,0.20569356965688915,1
Coastal_T_S_20T,020,gp_rbf,trend,0.000829928654129687,1
Coastal_T_S_20T,020,gp_rbf,seasonal,0.3961512133299726,1
Coastal_T_S_20T,020,gp_rbf,freq,0.12495966104606511,1
Coastal_T_S_20T,020,kalman_arima,trend,0.020438180371281697,1
Coastal_T_S_20T,020,kalman_arima,seasonal,5.349562866773886,1
Coastal_T_S_20T,020,kalman_arima,freq,5.966132961695972,1
Coastal_T_S_20T,020,kalman_struct,trend,0.0006663440365860362,1
Coastal_T_S_20T,020,kalman_struct,seasonal,0.29690417338019254,1
Coastal_T_S_20T,020,kalman_struct,freq,0.35085221829858004,1
Coastal_T_S_20T,020,linear,trend,0.0005971711066230653,1
Coastal_T_S_20T,020,linear,seasonal,0.2784336249804955,1
Coastal_T_S_20T,020,linear,freq,0.13401302145169358,1
Coastal_T_S_20T,020,mean,trend,0.020617448667975376,1
Coastal_T_S_20T,020,mean,seasonal,5.401047043164281,1
Coastal_T_S_20T,020,mean,freq,5.722904814883935,1
Coastal_T_S_20T,020,saits,trend,0.0018572001153220857,1
Coastal_T_S_20T,020,saits,seasonal,0.5296880428791125,1
Coastal_T_S_20T,020,saits,freq,0.4978186343785571,1
Coastal_T_S_20T,020,tfclean_gp_rbf_chronos2_realw_full,trend,0.00130917244553105,1
Coastal_T_S_20T,020,tfclean_gp_rbf_chronos2_realw_full,seasonal,0.38994017671314307,1
Coastal_T_S_20T,020,tfclean_gp_rbf_chronos2_realw_full,freq,0.2383817941319777,1
Coastal_T_S_20T,020,tfclean_gp_rbf_chronos2_realw_full_freqonly,trend,0.03811952046307688,1
Coastal_T_S_20T,020,tfclean_gp_rbf_chronos2_realw_full_freqonly,seasonal,10.002746983698469,1
Coastal_T_S_20T,020,tfclean_gp_rbf_chronos2_realw_full_freqonly,freq,9.90997977548586,1
Coastal_T_S_20T,020,tfclean_gp_rbf_chronos2_realw_full_seasonalonly,trend,0.0008300051348486193,1
Coastal_T_S_20T,020,tfclean_gp_rbf_chronos2_realw_full_seasonalonly,seasonal,0.3932914024962748,1
Coastal_T_S_20T,020,tfclean_gp_rbf_chronos2_realw_full_seasonalonly,freq,0.12476908155600273,1
Coastal_T_S_20T,020,tfclean_gp_rbf_chronos2_realw_full_trendonly,trend,0.0008127274118407027,1
Coastal_T_S_20T,020,tfclean_gp_rbf_chronos2_realw_full_trendonly,seasonal,0.3903710114158056,1
Coastal_T_S_20T,020,tfclean_gp_rbf_chronos2_realw_full_trendonly,freq,0.1298026189167378,1
Coastal_T_S_20T,020,tfclean_gp_rbf_chronos2_realw_resid,trend,0.0008235823866752488,1
Coastal_T_S_20T,020,tfclean_gp_rbf_chronos2_realw_resid,seasonal,0.3960058987682939,1
Coastal_T_S_20T,020,tfclean_gp_rbf_chronos2_realw_resid,freq,0.12327794691300964,1
Coastal_T_S_20T,020,tfclean_gp_rbf_chronos2_realw_resid_freqonly,trend,0.0008194820949263862,1
Coastal_T_S_20T,020,tfclean_gp_rbf_chronos2_realw_resid_freqonly,seasonal,0.4015340265987834,1
Coastal_T_S_20T,020,tfclean_gp_rbf_chronos2_realw_resid_freqonly,freq,0.12001073095682561,1
Coastal_T_S_20T,020,tfclean_gp_rbf_chronos2_realw_resid_seasonalonly,trend,0.0008300051348486193,1
Coastal_T_S_20T,020,tfclean_gp_rbf_chronos2_realw_resid_seasonalonly,seasonal,0.3932914024962748,1
Coastal_T_S_20T,020,tfclean_gp_rbf_chronos2_realw_resid_seasonalonly,freq,0.12476908155600273,1
Coastal_T_S_20T,020,tfclean_gp_rbf_chronos2_realw_resid_trendonly,trend,0.0008127274118407027,1
Coastal_T_S_20T,020,tfclean_gp_rbf_chronos2_realw_resid_trendonly,seasonal,0.3903710114158056,1
Coastal_T_S_20T,020,tfclean_gp_rbf_chronos2_realw_resid_trendonly,freq,0.1298026189167378,1
Coastal_T_S_20T,020,tfclean_gp_rbf_kairos50m_realw_full,trend,0.0008299286541290794,1
Coastal_T_S_20T,020,tfclean_gp_rbf_kairos50m_realw_full,seasonal,0.3961512133297356,1
Coastal_T_S_20T,020,tfclean_gp_rbf_kairos50m_realw_full,freq,0.12495966105464659,1
Coastal_T_S_20T,020,tfclean_gp_rbf_kairos50m_realw_full_freqonly,trend,0.03811952046307688,1
Coastal_T_S_20T,020,tfclean_gp_rbf_kairos50m_realw_full_freqonly,seasonal,10.002746983698469,1
Coastal_T_S_20T,020,tfclean_gp_rbf_kairos50m_realw_full_freqonly,freq,9.90997977548586,1
Coastal_T_S_20T,020,tfclean_gp_rbf_kairos50m_realw_full_seasonalonly,trend,0.0008300051348486193,1
Coastal_T_S_20T,020,tfclean_gp_rbf_kairos50m_realw_full_seasonalonly,seasonal,0.3932914024962748,1
Coastal_T_S_20T,020,tfclean_gp_rbf_kairos50m_realw_full_seasonalonly,freq,0.12476908155600273,1
Coastal_T_S_20T,020,tfclean_gp_rbf_kairos50m_realw_full_trendonly,trend,0.0008127274118407027,1
Coastal_T_S_20T,020,tfclean_gp_rbf_kairos50m_realw_full_trendonly,seasonal,0.3903710114158056,1
Coastal_T_S_20T,020,tfclean_gp_rbf_kairos50m_realw_full_trendonly,freq,0.1298026189167378,1
Coastal_T_S_20T,020,tfclean_gp_rbf_kairos50m_realw_resid,trend,0.0008299286541290794,1
Coastal_T_S_20T,020,tfclean_gp_rbf_kairos50m_realw_resid,seasonal,0.3961512133297356,1
Coastal_T_S_20T,020,tfclean_gp_rbf_kairos50m_realw_resid,freq,0.12495966105464659,1
Coastal_T_S_20T,020,tfclean_gp_rbf_kairos50m_realw_resid_freqonly,trend,0.0008194820949263862,1
Coastal_T_S_20T,020,tfclean_gp_rbf_kairos50m_realw_resid_freqonly,seasonal,0.4015340265987834,1
Coastal_T_S_20T,020,tfclean_gp_rbf_kairos50m_realw_resid_freqonly,freq,0.12001073095682561,1
Coastal_T_S_20T,020,tfclean_gp_rbf_kairos50m_realw_resid_seasonalonly,trend,0.0008300051348486193,1
Coastal_T_S_20T,020,tfclean_gp_rbf_kairos50m_realw_resid_seasonalonly,seasonal,0.3932914024962748,1
Coastal_T_S_20T,020,tfclean_gp_rbf_kairos50m_realw_resid_seasonalonly,freq,0.12476908155600273,1
Coastal_T_S_20T,020,tfclean_gp_rbf_kairos50m_realw_resid_trendonly,trend,0.0008127274118407027,1
Coastal_T_S_20T,020,tfclean_gp_rbf_kairos50m_realw_resid_trendonly,seasonal,0.3903710114158056,1
Coastal_T_S_20T,020,tfclean_gp_rbf_kairos50m_realw_resid_trendonly,freq,0.1298026189167378,1
Coastal_T_S_20T,020,tfclean_gp_rbf_timesfm2p5_realw_full,trend,0.021010070515522363,1
Coastal_T_S_20T,020,tfclean_gp_rbf_timesfm2p5_realw_full,seasonal,4.703412688681043,1
Coastal_T_S_20T,020,tfclean_gp_rbf_timesfm2p5_realw_full,freq,5.305282240191714,1
Coastal_T_S_20T,020,tfclean_gp_rbf_timesfm2p5_realw_full_freqonly,trend,0.03811952046307688,1
Coastal_T_S_20T,020,tfclean_gp_rbf_timesfm2p5_realw_full_freqonly,seasonal,10.002746983698469,1
Coastal_T_S_20T,020,tfclean_gp_rbf_timesfm2p5_realw_full_freqonly,freq,9.90997977548586,1
Coastal_T_S_20T,020,tfclean_gp_rbf_timesfm2p5_realw_full_seasonalonly,trend,0.0008300051348486193,1
Coastal_T_S_20T,020,tfclean_gp_rbf_timesfm2p5_realw_full_seasonalonly,seasonal,0.3932914024962748,1
Coastal_T_S_20T,020,tfclean_gp_rbf_timesfm2p5_realw_full_seasonalonly,freq,0.12476908155600273,1
Coastal_T_S_20T,020,tfclean_gp_rbf_timesfm2p5_realw_full_trendonly,trend,0.0008127274118407027,1
Coastal_T_S_20T,020,tfclean_gp_rbf_timesfm2p5_realw_full_trendonly,seasonal,0.3903710114158056,1
Coastal_T_S_20T,020,tfclean_gp_rbf_timesfm2p5_realw_full_trendonly,freq,0.1298026189167378,1
Coastal_T_S_20T,020,tfclean_gp_rbf_timesfm2p5_realw_resid,trend,0.0008144210916171077,1
Coastal_T_S_20T,020,tfclean_gp_rbf_timesfm2p5_realw_resid,seasonal,0.3984259813084129,1
Coastal_T_S_20T,020,tfclean_gp_rbf_timesfm2p5_realw_resid,freq,0.11991018493111576,1
Coastal_T_S_20T,020,tfclean_gp_rbf_timesfm2p5_realw_resid_freqonly,trend,0.0008194820949263862,1
Coastal_T_S_20T,020,tfclean_gp_rbf_timesfm2p5_realw_resid_freqonly,seasonal,0.4015340265987834,1
Coastal_T_S_20T,020,tfclean_gp_rbf_timesfm2p5_realw_resid_freqonly,freq,0.12001073095682561,1
Coastal_T_S_20T,020,tfclean_gp_rbf_timesfm2p5_realw_resid_seasonalonly,trend,0.0008300051348486193,1
Coastal_T_S_20T,020,tfclean_gp_rbf_timesfm2p5_realw_resid_seasonalonly,seasonal,0.3932914024962748,1
Coastal_T_S_20T,020,tfclean_gp_rbf_timesfm2p5_realw_resid_seasonalonly,freq,0.12476908155600273,1
Coastal_T_S_20T,020,tfclean_gp_rbf_timesfm2p5_realw_resid_trendonly,trend,0.0008127274118407027,1
Coastal_T_S_20T,020,tfclean_gp_rbf_timesfm2p5_realw_resid_trendonly,seasonal,0.3903710114158056,1
Coastal_T_S_20T,020,tfclean_gp_rbf_timesfm2p5_realw_resid_trendonly,freq,0.1298026189167378,1
Coastal_T_S_20T,020,tfclean_linear_chronos2_realw_full,trend,0.0012649001999412383,1
Coastal_T_S_20T,020,tfclean_linear_chronos2_realw_full,seasonal,0.3238244918845992,1
Coastal_T_S_20T,020,tfclean_linear_chronos2_realw_full,freq,0.1659652604156586,1
Coastal_T_S_20T,020,tfclean_linear_chronos2_realw_full_freqonly,trend,0.03879005323211283,1
Coastal_T_S_20T,020,tfclean_linear_chronos2_realw_full_freqonly,seasonal,10.191133726427255,1
Coastal_T_S_20T,020,tfclean_linear_chronos2_realw_full_freqonly,freq,9.799073658626936,1
Coastal_T_S_20T,020,tfclean_linear_chronos2_realw_full_seasonalonly,trend,0.0005972940867600032,1
Coastal_T_S_20T,020,tfclean_linear_chronos2_realw_full_seasonalonly,seasonal,0.27751837281270597,1
Coastal_T_S_20T,020,tfclean_linear_chronos2_realw_full_seasonalonly,freq,0.13492246129850458,1
Coastal_T_S_20T,020,tfclean_linear_chronos2_realw_full_trendonly,trend,0.0005887706048160288,1
Coastal_T_S_20T,020,tfclean_linear_chronos2_realw_full_trendonly,seasonal,0.28546325441202636,1
Coastal_T_S_20T,020,tfclean_linear_chronos2_realw_full_trendonly,freq,0.12499189642134345,1
Coastal_T_S_20T,020,tfclean_linear_chronos2_realw_resid,trend,0.000618889355678013,1
Coastal_T_S_20T,020,tfclean_linear_chronos2_realw_resid,seasonal,0.28889401901347117,1
Coastal_T_S_20T,020,tfclean_linear_chronos2_realw_resid,freq,0.11151944469305274,1
Coastal_T_S_20T,020,tfclean_linear_chronos2_realw_resid_freqonly,trend,0.0007350125552619103,1
Coastal_T_S_20T,020,tfclean_linear_chronos2_realw_resid_freqonly,seasonal,0.30038457291208,1
Coastal_T_S_20T,020,tfclean_linear_chronos2_realw_resid_freqonly,freq,0.09392925111501511,1
Coastal_T_S_20T,020,tfclean_linear_chronos2_realw_resid_seasonalonly,trend,0.0005972940867600032,1
Coastal_T_S_20T,020,tfclean_linear_chronos2_realw_resid_seasonalonly,seasonal,0.27751837281270597,1
Coastal_T_S_20T,020,tfclean_linear_chronos2_realw_resid_seasonalonly,freq,0.13492246129850458,1
Coastal_T_S_20T,020,tfclean_linear_chronos2_realw_resid_trendonly,trend,0.0005887706048160288,1
Coastal_T_S_20T,020,tfclean_linear_chronos2_realw_resid_trendonly,seasonal,0.28546325441202636,1
Coastal_T_S_20T,020,tfclean_linear_chronos2_realw_resid_trendonly,freq,0.12499189642134345,1
Coastal_T_S_20T,020,tfclean_linear_kairos50m_realw_full,trend,0.0005971711066245119,1
Coastal_T_S_20T,020,tfclean_linear_kairos50m_realw_full,seasonal,0.27843362498109336,1
Coastal_T_S_20T,020,tfclean_linear_kairos50m_realw_full,freq,0.13401302145067495,1
Coastal_T_S_20T,020,tfclean_linear_kairos50m_realw_full_freqonly,trend,0.03879005323211283,1
Coastal_T_S_20T,020,tfclean_linear_kairos50m_realw_full_freqonly,seasonal,10.191133726427255,1
Coastal_T_S_20T,020,tfclean_linear_kairos50m_realw_full_freqonly,freq,9.799073658626936,1
Coastal_T_S_20T,020,tfclean_linear_kairos50m_realw_full_seasonalonly,trend,0.0005972940867600032,1
Coastal_T_S_20T,020,tfclean_linear_kairos50m_realw_full_seasonalonly,seasonal,0.27751837281270597,1
Coastal_T_S_20T,020,tfclean_linear_kairos50m_realw_full_seasonalonly,freq,0.13492246129850458,1
Coastal_T_S_20T,020,tfclean_linear_kairos50m_realw_full_trendonly,trend,0.0005887706048160288,1
Coastal_T_S_20T,020,tfclean_linear_kairos50m_realw_full_trendonly,seasonal,0.28546325441202636,1
Coastal_T_S_20T,020,tfclean_linear_kairos50m_realw_full_trendonly,freq,0.12499189642134345,1
Coastal_T_S_20T,020,tfclean_linear_kairos50m_realw_resid,trend,0.0005971711066245119,1
Coastal_T_S_20T,020,tfclean_linear_kairos50m_realw_resid,seasonal,0.27843362498109336,1
Coastal_T_S_20T,020,tfclean_linear_kairos50m_realw_resid,freq,0.13401302145067495,1
Coastal_T_S_20T,020,tfclean_linear_kairos50m_realw_resid_freqonly,trend,0.0007350125552619103,1
Coastal_T_S_20T,020,tfclean_linear_kairos50m_realw_resid_freqonly,seasonal,0.30038457291208,1
Coastal_T_S_20T,020,tfclean_linear_kairos50m_realw_resid_freqonly,freq,0.09392925111501511,1
Coastal_T_S_20T,020,tfclean_linear_kairos50m_realw_resid_seasonalonly,trend,0.0005972940867600032,1
Coastal_T_S_20T,020,tfclean_linear_kairos50m_realw_resid_seasonalonly,seasonal,0.27751837281270597,1
Coastal_T_S_20T,020,tfclean_linear_kairos50m_realw_resid_seasonalonly,freq,0.13492246129850458,1
Coastal_T_S_20T,020,tfclean_linear_kairos50m_realw_resid_trendonly,trend,0.0005887706048160288,1
Coastal_T_S_20T,020,tfclean_linear_kairos50m_realw_resid_trendonly,seasonal,0.28546325441202636,1
Coastal_T_S_20T,020,tfclean_linear_kairos50m_realw_resid_trendonly,freq,0.12499189642134345,1
Coastal_T_S_20T,020,tfclean_linear_timesfm2p5_realw_full,trend,0.020916173682111888,1
Coastal_T_S_20T,020,tfclean_linear_timesfm2p5_realw_full,seasonal,4.777544416195413,1
Coastal_T_S_20T,020,tfclean_linear_timesfm2p5_realw_full,freq,5.367636501430595,1
Coastal_T_S_20T,020,tfclean_linear_timesfm2p5_realw_full_freqonly,trend,0.03879005323211283,1
Coastal_T_S_20T,020,tfclean_linear_timesfm2p5_realw_full_freqonly,seasonal,10.191133726427255,1
Coastal_T_S_20T,020,tfclean_linear_timesfm2p5_realw_full_freqonly,freq,9.799073658626936,1
Coastal_T_S_20T,020,tfclean_linear_timesfm2p5_realw_full_seasonalonly,trend,0.0005972940867600032,1
Coastal_T_S_20T,020,tfclean_linear_timesfm2p5_realw_full_seasonalonly,seasonal,0.27751837281270597,1
Coastal_T_S_20T,020,tfclean_linear_timesfm2p5_realw_full_seasonalonly,freq,0.13492246129850458,1
Coastal_T_S_20T,020,tfclean_linear_timesfm2p5_realw_full_trendonly,trend,0.0005887706048160288,1
Coastal_T_S_20T,020,tfclean_linear_timesfm2p5_realw_full_trendonly,seasonal,0.28546325441202636,1
Coastal_T_S_20T,020,tfclean_linear_timesfm2p5_realw_full_trendonly,freq,0.12499189642134345,1
Coastal_T_S_20T,020,tfclean_linear_timesfm2p5_realw_resid,trend,0.0006349118868565353,1
Coastal_T_S_20T,020,tfclean_linear_timesfm2p5_realw_resid,seasonal,0.2943238321406289,1
Coastal_T_S_20T,020,tfclean_linear_timesfm2p5_realw_resid,freq,0.10192018394732814,1
Coastal_T_S_20T,020,tfclean_linear_timesfm2p5_realw_resid_freqonly,trend,0.0007350125552619103,1
Coastal_T_S_20T,020,tfclean_linear_timesfm2p5_realw_resid_freqonly,seasonal,0.30038457291208,1
Coastal_T_S_20T,020,tfclean_linear_timesfm2p5_realw_resid_freqonly,freq,0.09392925111501511,1
Coastal_T_S_20T,020,tfclean_linear_timesfm2p5_realw_resid_seasonalonly,trend,0.0005972940867600032,1
Coastal_T_S_20T,020,tfclean_linear_timesfm2p5_realw_resid_seasonalonly,seasonal,0.27751837281270597,1
Coastal_T_S_20T,020,tfclean_linear_timesfm2p5_realw_resid_seasonalonly,freq,0.13492246129850458,1
Coastal_T_S_20T,020,tfclean_linear_timesfm2p5_realw_resid_trendonly,trend,0.0005887706048160288,1
Coastal_T_S_20T,020,tfclean_linear_timesfm2p5_realw_resid_trendonly,seasonal,0.28546325441202636,1
Coastal_T_S_20T,020,tfclean_linear_timesfm2p5_realw_resid_trendonly,freq,0.12499189642134345,1
Coastal_T_S_20T,020,tfclean_saits_chronos2_realw_full,trend,0.0018800250300690946,1
Coastal_T_S_20T,020,tfclean_saits_chronos2_realw_full,seasonal,0.4880412323123434,1
Coastal_T_S_20T,020,tfclean_saits_chronos2_realw_full,freq,0.4662945208101257,1
Coastal_T_S_20T,020,tfclean_saits_chronos2_realw_full_freqonly,trend,0.038321360697380825,1
Coastal_T_S_20T,020,tfclean_saits_chronos2_realw_full_freqonly,seasonal,9.960346821135609,1
Coastal_T_S_20T,020,tfclean_saits_chronos2_realw_full_freqonly,freq,9.921493384387972,1
Coastal_T_S_20T,020,tfclean_saits_chronos2_realw_full_seasonalonly,trend,0.00178637178980519,1
Coastal_T_S_20T,020,tfclean_saits_chronos2_realw_full_seasonalonly,seasonal,0.49064325828862343,1
Coastal_T_S_20T,020,tfclean_saits_chronos2_realw_full_seasonalonly,freq,0.5037456535383761,1
Coastal_T_S_20T,020,tfclean_saits_chronos2_realw_full_trendonly,trend,0.0018120635284973666,1
Coastal_T_S_20T,020,tfclean_saits_chronos2_realw_full_trendonly,seasonal,0.5232920473022186,1
Coastal_T_S_20T,020,tfclean_saits_chronos2_realw_full_trendonly,freq,0.483300383753628,1
Coastal_T_S_20T,020,tfclean_saits_chronos2_realw_resid,trend,0.001824836803801597,1
Coastal_T_S_20T,020,tfclean_saits_chronos2_realw_resid,seasonal,0.4957521763250063,1
Coastal_T_S_20T,020,tfclean_saits_chronos2_realw_resid,freq,0.4337583793042812,1
Coastal_T_S_20T,020,tfclean_saits_chronos2_realw_resid_freqonly,trend,0.002131630973863667,1
Coastal_T_S_20T,020,tfclean_saits_chronos2_realw_resid_freqonly,seasonal,0.5081780087769276,1
Coastal_T_S_20T,020,tfclean_saits_chronos2_realw_resid_freqonly,freq,0.33885759764526474,1
Coastal_T_S_20T,020,tfclean_saits_chronos2_realw_resid_seasonalonly,trend,0.00178637178980519,1
Coastal_T_S_20T,020,tfclean_saits_chronos2_realw_resid_seasonalonly,seasonal,0.49064325828862343,1
Coastal_T_S_20T,020,tfclean_saits_chronos2_realw_resid_seasonalonly,freq,0.5037456535383761,1
Coastal_T_S_20T,020,tfclean_saits_chronos2_realw_resid_trendonly,trend,0.0018120635284973666,1
Coastal_T_S_20T,020,tfclean_saits_chronos2_realw_resid_trendonly,seasonal,0.5232920473022186,1
Coastal_T_S_20T,020,tfclean_saits_chronos2_realw_resid_trendonly,freq,0.483300383753628,1
Coastal_T_S_20T,020,tfclean_saits_kairos50m_realw_full,trend,0.0018572001153189294,1
Coastal_T_S_20T,020,tfclean_saits_kairos50m_realw_full,seasonal,0.5296880428793962,1
Coastal_T_S_20T,020,tfclean_saits_kairos50m_realw_full,freq,0.4978186343798095,1
Coastal_T_S_20T,020,tfclean_saits_kairos50m_realw_full_freqonly,trend,0.038321360697380825,1
Coastal_T_S_20T,020,tfclean_saits_kairos50m_realw_full_freqonly,seasonal,9.960346821135609,1
Coastal_T_S_20T,020,tfclean_saits_kairos50m_realw_full_freqonly,freq,9.921493384387972,1
Coastal_T_S_20T,020,tfclean_saits_kairos50m_realw_full_seasonalonly,trend,0.00178637178980519,1
Coastal_T_S_20T,020,tfclean_saits_kairos50m_realw_full_seasonalonly,seasonal,0.49064325828862343,1
Coastal_T_S_20T,020,tfclean_saits_kairos50m_realw_full_seasonalonly,freq,0.5037456535383761,1
Coastal_T_S_20T,020,tfclean_saits_kairos50m_realw_full_trendonly,trend,0.0018120635284973666,1
Coastal_T_S_20T,020,tfclean_saits_kairos50m_realw_full_trendonly,seasonal,0.5232920473022186,1
Coastal_T_S_20T,020,tfclean_saits_kairos50m_realw_full_trendonly,freq,0.483300383753628,1
Coastal_T_S_20T,020,tfclean_saits_kairos50m_realw_resid,trend,0.0018572001153189294,1
Coastal_T_S_20T,020,tfclean_saits_kairos50m_realw_resid,seasonal,0.5296880428793962,1
Coastal_T_S_20T,020,tfclean_saits_kairos50m_realw_resid,freq,0.4978186343798095,1
Coastal_T_S_20T,020,tfclean_saits_kairos50m_realw_resid_freqonly,trend,0.002131630973863667,1
Coastal_T_S_20T,020,tfclean_saits_kairos50m_realw_resid_freqonly,seasonal,0.5081780087769276,1
Coastal_T_S_20T,020,tfclean_saits_kairos50m_realw_resid_freqonly,freq,0.33885759764526474,1
Coastal_T_S_20T,020,tfclean_saits_kairos50m_realw_resid_seasonalonly,trend,0.00178637178980519,1
Coastal_T_S_20T,020,tfclean_saits_kairos50m_realw_resid_seasonalonly,seasonal,0.49064325828862343,1
Coastal_T_S_20T,020,tfclean_saits_kairos50m_realw_resid_seasonalonly,freq,0.5037456535383761,1
Coastal_T_S_20T,020,tfclean_saits_kairos50m_realw_resid_trendonly,trend,0.0018120635284973666,1
Coastal_T_S_20T,020,tfclean_saits_kairos50m_realw_resid_trendonly,seasonal,0.5232920473022186,1
Coastal_T_S_20T,020,tfclean_saits_kairos50m_realw_resid_trendonly,freq,0.483300383753628,1
Coastal_T_S_20T,020,tfclean_saits_timesfm2p5_realw_full,trend,0.019489859016170827,1
Coastal_T_S_20T,020,tfclean_saits_timesfm2p5_realw_full,seasonal,4.750434411510256,1
Coastal_T_S_20T,020,tfclean_saits_timesfm2p5_realw_full,freq,5.555445313675452,1
Coastal_T_S_20T,020,tfclean_saits_timesfm2p5_realw_full_freqonly,trend,0.038321360697380825,1
Coastal_T_S_20T,020,tfclean_saits_timesfm2p5_realw_full_freqonly,seasonal,9.960346821135609,1
Coastal_T_S_20T,020,tfclean_saits_timesfm2p5_realw_full_freqonly,freq,9.921493384387972,1
Coastal_T_S_20T,020,tfclean_saits_timesfm2p5_realw_full_seasonalonly,trend,0.00178637178980519,1
Coastal_T_S_20T,020,tfclean_saits_timesfm2p5_realw_full_seasonalonly,seasonal,0.49064325828862343,1
Coastal_T_S_20T,020,tfclean_saits_timesfm2p5_realw_full_seasonalonly,freq,0.5037456535383761,1
Coastal_T_S_20T,020,tfclean_saits_timesfm2p5_realw_full_trendonly,trend,0.0018120635284973666,1
Coastal_T_S_20T,020,tfclean_saits_timesfm2p5_realw_full_trendonly,seasonal,0.5232920473022186,1
Coastal_T_S_20T,020,tfclean_saits_timesfm2p5_realw_full_trendonly,freq,0.483300383753628,1
Coastal_T_S_20T,020,tfclean_saits_timesfm2p5_realw_resid,trend,0.001968059779573427,1
Coastal_T_S_20T,020,tfclean_saits_timesfm2p5_realw_resid,seasonal,0.5294209340254686,1
Coastal_T_S_20T,020,tfclean_saits_timesfm2p5_realw_resid,freq,0.4161627859392424,1
Coastal_T_S_20T,020,tfclean_saits_timesfm2p5_realw_resid_freqonly,trend,0.002131630973863667,1
Coastal_T_S_20T,020,tfclean_saits_timesfm2p5_realw_resid_freqonly,seasonal,0.5081780087769276,1
Coastal_T_S_20T,020,tfclean_saits_timesfm2p5_realw_resid_freqonly,freq,0.33885759764526474,1
Coastal_T_S_20T,020,tfclean_saits_timesfm2p5_realw_resid_seasonalonly,trend,0.00178637178980519,1
Coastal_T_S_20T,020,tfclean_saits_timesfm2p5_realw_resid_seasonalonly,seasonal,0.49064325828862343,1
Coastal_T_S_20T,020,tfclean_saits_timesfm2p5_realw_resid_seasonalonly,freq,0.5037456535383761,1
Coastal_T_S_20T,020,tfclean_saits_timesfm2p5_realw_resid_trendonly,trend,0.0018120635284973666,1
Coastal_T_S_20T,020,tfclean_saits_timesfm2p5_realw_resid_trendonly,seasonal,0.5232920473022186,1
Coastal_T_S_20T,020,tfclean_saits_timesfm2p5_realw_resid_trendonly,freq,0.483300383753628,1
Coastal_T_S_20T,030,backward,trend,0.0015344856101298509,1
Coastal_T_S_20T,030,backward,seasonal,0.42514508012783975,1
Coastal_T_S_20T,030,backward,freq,0.33232406526844493,1
Coastal_T_S_20T,030,forward,trend,0.0013271965906475262,1
Coastal_T_S_20T,030,forward,seasonal,0.4232759454814772,1
Coastal_T_S_20T,030,forward,freq,0.3803445246707143,1
Coastal_T_S_20T,030,gp_rbf,trend,0.0009848601243648528,1
Coastal_T_S_20T,030,gp_rbf,seasonal,0.4295166502137798,1
Coastal_T_S_20T,030,gp_rbf,freq,0.23832465656820392,1
Coastal_T_S_20T,030,kalman_arima,trend,0.03578811640566835,1
Coastal_T_S_20T,030,kalman_arima,seasonal,6.778644426405943,1
Coastal_T_S_20T,030,kalman_arima,freq,11.443107117792634,1
Coastal_T_S_20T,030,kalman_struct,trend,0.0008188429909243972,1
Coastal_T_S_20T,030,kalman_struct,seasonal,0.39487143412504183,1
Coastal_T_S_20T,030,kalman_struct,freq,0.4228273244373877,1
Coastal_T_S_20T,030,linear,trend,0.0008754277912708332,1
Coastal_T_S_20T,030,linear,seasonal,0.3819872932260421,1
Coastal_T_S_20T,030,linear,freq,0.20105153544604693,1
Coastal_T_S_20T,030,mean,trend,0.039131733529276035,1
Coastal_T_S_20T,030,mean,seasonal,6.750295418960011,1
Coastal_T_S_20T,030,mean,freq,12.24844845936892,1
Coastal_T_S_20T,030,saits,trend,0.0026684117855258756,1
Coastal_T_S_20T,030,saits,seasonal,0.6441595442558911,1
Coastal_T_S_20T,030,saits,freq,0.5423536006906753,1
Coastal_T_S_20T,030,tfclean_gp_rbf_chronos2_realw_full,trend,0.0019286307047837493,1
Coastal_T_S_20T,030,tfclean_gp_rbf_chronos2_realw_full,seasonal,0.5097001718293765,1
Coastal_T_S_20T,030,tfclean_gp_rbf_chronos2_realw_full,freq,0.18046862755488427,1
Coastal_T_S_20T,030,tfclean_gp_rbf_chronos2_realw_full_freqonly,trend,0.061565573641363815,1
Coastal_T_S_20T,030,tfclean_gp_rbf_chronos2_realw_full_freqonly,seasonal,15.509216398697937,1
Coastal_T_S_20T,030,tfclean_gp_rbf_chronos2_realw_full_freqonly,freq,20.856272350755226,1
Coastal_T_S_20T,030,tfclean_gp_rbf_chronos2_realw_full_seasonalonly,trend,0.0009851980954033513,1
Coastal_T_S_20T,030,tfclean_gp_rbf_chronos2_realw_full_seasonalonly,seasonal,0.4283580586640602,1
Coastal_T_S_20T,030,tfclean_gp_rbf_chronos2_realw_full_seasonalonly,freq,0.2390628797510053,1
Coastal_T_S_20T,030,tfclean_gp_rbf_chronos2_realw_full_trendonly,trend,0.0009544149640402662,1
Coastal_T_S_20T,030,tfclean_gp_rbf_chronos2_realw_full_trendonly,seasonal,0.4299812112102365,1
Coastal_T_S_20T,030,tfclean_gp_rbf_chronos2_realw_full_trendonly,freq,0.23703297330510228,1
Coastal_T_S_20T,030,tfclean_gp_rbf_chronos2_realw_resid,trend,0.0009709279682229928,1
Coastal_T_S_20T,030,tfclean_gp_rbf_chronos2_realw_resid,seasonal,0.4297549097304064,1
Coastal_T_S_20T,030,tfclean_gp_rbf_chronos2_realw_resid,freq,0.23969341090831583,1
Coastal_T_S_20T,030,tfclean_gp_rbf_chronos2_realw_resid_freqonly,trend,0.0009710807300549959,1
Coastal_T_S_20T,030,tfclean_gp_rbf_chronos2_realw_resid_freqonly,seasonal,0.43262686725154553,1
Coastal_T_S_20T,030,tfclean_gp_rbf_chronos2_realw_resid_freqonly,freq,0.26761348717441796,1
Coastal_T_S_20T,030,tfclean_gp_rbf_chronos2_realw_resid_seasonalonly,trend,0.0009851980954033513,1
Coastal_T_S_20T,030,tfclean_gp_rbf_chronos2_realw_resid_seasonalonly,seasonal,0.4283580586640602,1
Coastal_T_S_20T,030,tfclean_gp_rbf_chronos2_realw_resid_seasonalonly,freq,0.2390628797510053,1
Coastal_T_S_20T,030,tfclean_gp_rbf_chronos2_realw_resid_trendonly,trend,0.0009544149640402662,1
Coastal_T_S_20T,030,tfclean_gp_rbf_chronos2_realw_resid_trendonly,seasonal,0.4299812112102365,1
Coastal_T_S_20T,030,tfclean_gp_rbf_chronos2_realw_resid_trendonly,freq,0.23703297330510228,1
Coastal_T_S_20T,030,tfclean_gp_rbf_kairos50m_realw_full,trend,0.0009848601243650228,1
Coastal_T_S_20T,030,tfclean_gp_rbf_kairos50m_realw_full,seasonal,0.4295166502139179,1
Coastal_T_S_20T,030,tfclean_gp_rbf_kairos50m_realw_full,freq,0.23832465656876606,1
Coastal_T_S_20T,030,tfclean_gp_rbf_kairos50m_realw_full_freqonly,trend,0.061565573641363815,1
Coastal_T_S_20T,030,tfclean_gp_rbf_kairos50m_realw_full_freqonly,seasonal,15.509216398697937,1
Coastal_T_S_20T,030,tfclean_gp_rbf_kairos50m_realw_full_freqonly,freq,20.856272350755226,1
Coastal_T_S_20T,030,tfclean_gp_rbf_kairos50m_realw_full_seasonalonly,trend,0.0009851980954033513,1
Coastal_T_S_20T,030,tfclean_gp_rbf_kairos50m_realw_full_seasonalonly,seasonal,0.4283580586640602,1
Coastal_T_S_20T,030,tfclean_gp_rbf_kairos50m_realw_full_seasonalonly,freq,0.2390628797510053,1
Coastal_T_S_20T,030,tfclean_gp_rbf_kairos50m_realw_full_trendonly,trend,0.0009544149640402662,1
Coastal_T_S_20T,030,tfclean_gp_rbf_kairos50m_realw_full_trendonly,seasonal,0.4299812112102365,1
Coastal_T_S_20T,030,tfclean_gp_rbf_kairos50m_realw_full_trendonly,freq,0.23703297330510228,1
Coastal_T_S_20T,030,tfclean_gp_rbf_kairos50m_realw_resid,trend,0.0009848601243650228,1
Coastal_T_S_20T,030,tfclean_gp_rbf_kairos50m_realw_resid,seasonal,0.4295166502139179,1
Coastal_T_S_20T,030,tfclean_gp_rbf_kairos50m_realw_resid,freq,0.23832465656876606,1
Coastal_T_S_20T,030,tfclean_gp_rbf_kairos50m_realw_resid_freqonly,trend,0.0009710807300549959,1
Coastal_T_S_20T,030,tfclean_gp_rbf_kairos50m_realw_resid_freqonly,seasonal,0.43262686725154553,1
Coastal_T_S_20T,030,tfclean_gp_rbf_kairos50m_realw_resid_freqonly,freq,0.26761348717441796,1
Coastal_T_S_20T,030,tfclean_gp_rbf_kairos50m_realw_resid_seasonalonly,trend,0.0009851980954033513,1
Coastal_T_S_20T,030,tfclean_gp_rbf_kairos50m_realw_resid_seasonalonly,seasonal,0.4283580586640602,1
Coastal_T_S_20T,030,tfclean_gp_rbf_kairos50m_realw_resid_seasonalonly,freq,0.2390628797510053,1
Coastal_T_S_20T,030,tfclean_gp_rbf_kairos50m_realw_resid_trendonly,trend,0.0009544149640402662,1
Coastal_T_S_20T,030,tfclean_gp_rbf_kairos50m_realw_resid_trendonly,seasonal,0.4299812112102365,1
Coastal_T_S_20T,030,tfclean_gp_rbf_kairos50m_realw_resid_trendonly,freq,0.23703297330510228,1
Coastal_T_S_20T,030,tfclean_gp_rbf_timesfm2p5_realw_full,trend,0.0341082572128605,1
Coastal_T_S_20T,030,tfclean_gp_rbf_timesfm2p5_realw_full,seasonal,8.274566532199058,1
Coastal_T_S_20T,030,tfclean_gp_rbf_timesfm2p5_realw_full,freq,10.97725642129751,1
Coastal_T_S_20T,030,tfclean_gp_rbf_timesfm2p5_realw_full_freqonly,trend,0.061565573641363815,1
Coastal_T_S_20T,030,tfclean_gp_rbf_timesfm2p5_realw_full_freqonly,seasonal,15.509216398697937,1
Coastal_T_S_20T,030,tfclean_gp_rbf_timesfm2p5_realw_full_freqonly,freq,20.856272350755226,1
Coastal_T_S_20T,030,tfclean_gp_rbf_timesfm2p5_realw_full_seasonalonly,trend,0.0009851980954033513,1
Coastal_T_S_20T,030,tfclean_gp_rbf_timesfm2p5_realw_full_seasonalonly,seasonal,0.4283580586640602,1
Coastal_T_S_20T,030,tfclean_gp_rbf_timesfm2p5_realw_full_seasonalonly,freq,0.2390628797510053,1
Coastal_T_S_20T,030,tfclean_gp_rbf_timesfm2p5_realw_full_trendonly,trend,0.0009544149640402662,1
Coastal_T_S_20T,030,tfclean_gp_rbf_timesfm2p5_realw_full_trendonly,seasonal,0.4299812112102365,1
Coastal_T_S_20T,030,tfclean_gp_rbf_timesfm2p5_realw_full_trendonly,freq,0.23703297330510228,1
Coastal_T_S_20T,030,tfclean_gp_rbf_timesfm2p5_realw_resid,trend,0.0009729113059453159,1
Coastal_T_S_20T,030,tfclean_gp_rbf_timesfm2p5_realw_resid,seasonal,0.4306935430504694,1
Coastal_T_S_20T,030,tfclean_gp_rbf_timesfm2p5_realw_resid,freq,0.24075715822839083,1
Coastal_T_S_20T,030,tfclean_gp_rbf_timesfm2p5_realw_resid_freqonly,trend,0.0009710807300549959,1
Coastal_T_S_20T,030,tfclean_gp_rbf_timesfm2p5_realw_resid_freqonly,seasonal,0.43262686725154553,1
Coastal_T_S_20T,030,tfclean_gp_rbf_timesfm2p5_realw_resid_freqonly,freq,0.26761348717441796,1
Coastal_T_S_20T,030,tfclean_gp_rbf_timesfm2p5_realw_resid_seasonalonly,trend,0.0009851980954033513,1
Coastal_T_S_20T,030,tfclean_gp_rbf_timesfm2p5_realw_resid_seasonalonly,seasonal,0.4283580586640602,1
Coastal_T_S_20T,030,tfclean_gp_rbf_timesfm2p5_realw_resid_seasonalonly,freq,0.2390628797510053,1
Coastal_T_S_20T,030,tfclean_gp_rbf_timesfm2p5_realw_resid_trendonly,trend,0.0009544149640402662,1
Coastal_T_S_20T,030,tfclean_gp_rbf_timesfm2p5_realw_resid_trendonly,seasonal,0.4299812112102365,1
Coastal_T_S_20T,030,tfclean_gp_rbf_timesfm2p5_realw_resid_trendonly,freq,0.23703297330510228,1
Coastal_T_S_20T,030,tfclean_linear_chronos2_realw_full,trend,0.0017970137239546778,1
Coastal_T_S_20T,030,tfclean_linear_chronos2_realw_full,seasonal,0.46729590892369754,1
Coastal_T_S_20T,030,tfclean_linear_chronos2_realw_full,freq,0.22602134487234096,1
Coastal_T_S_20T,030,tfclean_linear_chronos2_realw_full_freqonly,trend,0.06155428076911104,1
Coastal_T_S_20T,030,tfclean_linear_chronos2_realw_full_freqonly,seasonal,15.508996526723465,1
Coastal_T_S_20T,030,tfclean_linear_chronos2_realw_full_freqonly,freq,20.852174917459962,1
Coastal_T_S_20T,030,tfclean_linear_chronos2_realw_full_seasonalonly,trend,0.0008751614553453228,1
Coastal_T_S_20T,030,tfclean_linear_chronos2_realw_full_seasonalonly,seasonal,0.3812269035498057,1
Coastal_T_S_20T,030,tfclean_linear_chronos2_realw_full_seasonalonly,freq,0.20072325399267427,1
Coastal_T_S_20T,030,tfclean_linear_chronos2_realw_full_trendonly,trend,0.0008518157963935946,1
Coastal_T_S_20T,030,tfclean_linear_chronos2_realw_full_trendonly,seasonal,0.38089248769895995,1
Coastal_T_S_20T,030,tfclean_linear_chronos2_realw_full_trendonly,freq,0.2043637775623521,1
Coastal_T_S_20T,030,tfclean_linear_chronos2_realw_resid,trend,0.000857512812873866,1
Coastal_T_S_20T,030,tfclean_linear_chronos2_realw_resid,seasonal,0.38051669142334166,1
Coastal_T_S_20T,030,tfclean_linear_chronos2_realw_resid,freq,0.18414958711768217,1
Coastal_T_S_20T,030,tfclean_linear_chronos2_realw_resid_freqonly,trend,0.0008511450146130993,1
Coastal_T_S_20T,030,tfclean_linear_chronos2_realw_resid_freqonly,seasonal,0.3853499491212536,1
Coastal_T_S_20T,030,tfclean_linear_chronos2_realw_resid_freqonly,freq,0.16542401230934103,1
Coastal_T_S_20T,030,tfclean_linear_chronos2_realw_resid_seasonalonly,trend,0.0008751614553453228,1
Coastal_T_S_20T,030,tfclean_linear_chronos2_realw_resid_seasonalonly,seasonal,0.3812269035498057,1
Coastal_T_S_20T,030,tfclean_linear_chronos2_realw_resid_seasonalonly,freq,0.20072325399267427,1
Coastal_T_S_20T,030,tfclean_linear_chronos2_realw_resid_trendonly,trend,0.0008518157963935946,1
Coastal_T_S_20T,030,tfclean_linear_chronos2_realw_resid_trendonly,seasonal,0.38089248769895995,1
Coastal_T_S_20T,030,tfclean_linear_chronos2_realw_resid_trendonly,freq,0.2043637775623521,1
Coastal_T_S_20T,030,tfclean_linear_kairos50m_realw_full,trend,0.000875427791276711,1
Coastal_T_S_20T,030,tfclean_linear_kairos50m_realw_full,seasonal,0.381987293225196,1
Coastal_T_S_20T,030,tfclean_linear_kairos50m_realw_full,freq,0.20105153544583346,1
Coastal_T_S_20T,030,tfclean_linear_kairos50m_realw_full_freqonly,trend,0.06155428076911104,1
Coastal_T_S_20T,030,tfclean_linear_kairos50m_realw_full_freqonly,seasonal,15.508996526723465,1
Coastal_T_S_20T,030,tfclean_linear_kairos50m_realw_full_freqonly,freq,20.852174917459962,1
Coastal_T_S_20T,030,tfclean_linear_kairos50m_realw_full_seasonalonly,trend,0.0008751614553453228,1
Coastal_T_S_20T,030,tfclean_linear_kairos50m_realw_full_seasonalonly,seasonal,0.3812269035498057,1
Coastal_T_S_20T,030,tfclean_linear_kairos50m_realw_full_seasonalonly,freq,0.20072325399267427,1
Coastal_T_S_20T,030,tfclean_linear_kairos50m_realw_full_trendonly,trend,0.0008518157963935946,1
Coastal_T_S_20T,030,tfclean_linear_kairos50m_realw_full_trendonly,seasonal,0.38089248769895995,1
Coastal_T_S_20T,030,tfclean_linear_kairos50m_realw_full_trendonly,freq,0.2043637775623521,1
Coastal_T_S_20T,030,tfclean_linear_kairos50m_realw_resid,trend,0.000875427791276711,1
Coastal_T_S_20T,030,tfclean_linear_kairos50m_realw_resid,seasonal,0.381987293225196,1
Coastal_T_S_20T,030,tfclean_linear_kairos50m_realw_resid,freq,0.20105153544583346,1
Coastal_T_S_20T,030,tfclean_linear_kairos50m_realw_resid_freqonly,trend,0.0008511450146130993,1
Coastal_T_S_20T,030,tfclean_linear_kairos50m_realw_resid_freqonly,seasonal,0.3853499491212536,1
Coastal_T_S_20T,030,tfclean_linear_kairos50m_realw_resid_freqonly,freq,0.16542401230934103,1
Coastal_T_S_20T,030,tfclean_linear_kairos50m_realw_resid_seasonalonly,trend,0.0008751614553453228,1
Coastal_T_S_20T,030,tfclean_linear_kairos50m_realw_resid_seasonalonly,seasonal,0.3812269035498057,1
Coastal_T_S_20T,030,tfclean_linear_kairos50m_realw_resid_seasonalonly,freq,0.20072325399267427,1
Coastal_T_S_20T,030,tfclean_linear_kairos50m_realw_resid_trendonly,trend,0.0008518157963935946,1
Coastal_T_S_20T,030,tfclean_linear_kairos50m_realw_resid_trendonly,seasonal,0.38089248769895995,1
Coastal_T_S_20T,030,tfclean_linear_kairos50m_realw_resid_trendonly,freq,0.2043637775623521,1
Coastal_T_S_20T,030,tfclean_linear_timesfm2p5_realw_full,trend,0.03382593079963584,1
Coastal_T_S_20T,030,tfclean_linear_timesfm2p5_realw_full,seasonal,8.33717520505422,1
Coastal_T_S_20T,030,tfclean_linear_timesfm2p5_realw_full,freq,11.109912113843947,1
Coastal_T_S_20T,030,tfclean_linear_timesfm2p5_realw_full_freqonly,trend,0.06155428076911104,1
Coastal_T_S_20T,030,tfclean_linear_timesfm2p5_realw_full_freqonly,seasonal,15.508996526723465,1
Coastal_T_S_20T,030,tfclean_linear_timesfm2p5_realw_full_freqonly,freq,20.852174917459962,1
Coastal_T_S_20T,030,tfclean_linear_timesfm2p5_realw_full_seasonalonly,trend,0.0008751614553453228,1
Coastal_T_S_20T,030,tfclean_linear_timesfm2p5_realw_full_seasonalonly,seasonal,0.3812269035498057,1
Coastal_T_S_20T,030,tfclean_linear_timesfm2p5_realw_full_seasonalonly,freq,0.20072325399267427,1
Coastal_T_S_20T,030,tfclean_linear_timesfm2p5_realw_full_trendonly,trend,0.0008518157963935946,1
Coastal_T_S_20T,030,tfclean_linear_timesfm2p5_realw_full_trendonly,seasonal,0.38089248769895995,1
Coastal_T_S_20T,030,tfclean_linear_timesfm2p5_realw_full_trendonly,freq,0.2043637775623521,1
Coastal_T_S_20T,030,tfclean_linear_timesfm2p5_realw_resid,trend,0.0008559849446841701,1
Coastal_T_S_20T,030,tfclean_linear_timesfm2p5_realw_resid,seasonal,0.38071314947909773,1
Coastal_T_S_20T,030,tfclean_linear_timesfm2p5_realw_resid,freq,0.1798871125509366,1
Coastal_T_S_20T,030,tfclean_linear_timesfm2p5_realw_resid_freqonly,trend,0.0008511450146130993,1
Coastal_T_S_20T,030,tfclean_linear_timesfm2p5_realw_resid_freqonly,seasonal,0.3853499491212536,1
Coastal_T_S_20T,030,tfclean_linear_timesfm2p5_realw_resid_freqonly,freq,0.16542401230934103,1
Coastal_T_S_20T,030,tfclean_linear_timesfm2p5_realw_resid_seasonalonly,trend,0.0008751614553453228,1
Coastal_T_S_20T,030,tfclean_linear_timesfm2p5_realw_resid_seasonalonly,seasonal,0.3812269035498057,1
Coastal_T_S_20T,030,tfclean_linear_timesfm2p5_realw_resid_seasonalonly,freq,0.20072325399267427,1
Coastal_T_S_20T,030,tfclean_linear_timesfm2p5_realw_resid_trendonly,trend,0.0008518157963935946,1
Coastal_T_S_20T,030,tfclean_linear_timesfm2p5_realw_resid_trendonly,seasonal,0.38089248769895995,1
Coastal_T_S_20T,030,tfclean_linear_timesfm2p5_realw_resid_trendonly,freq,0.2043637775623521,1
Coastal_T_S_20T,030,tfclean_saits_chronos2_realw_full,trend,0.002733481539361242,1
Coastal_T_S_20T,030,tfclean_saits_chronos2_realw_full,seasonal,0.7002241501512355,1
Coastal_T_S_20T,030,tfclean_saits_chronos2_realw_full,freq,0.3961861935995371,1
Coastal_T_S_20T,030,tfclean_saits_chronos2_realw_full_freqonly,trend,0.06163912225388234,1
Coastal_T_S_20T,030,tfclean_saits_chronos2_realw_full_freqonly,seasonal,15.539778068099086,1
Coastal_T_S_20T,030,tfclean_saits_chronos2_realw_full_freqonly,freq,21.043810675618126,1
Coastal_T_S_20T,030,tfclean_saits_chronos2_realw_full_seasonalonly,trend,0.0026507154614661813,1
Coastal_T_S_20T,030,tfclean_saits_chronos2_realw_full_seasonalonly,seasonal,0.6274220428366791,1
Coastal_T_S_20T,030,tfclean_saits_chronos2_realw_full_seasonalonly,freq,0.5386882802409687,1
Coastal_T_S_20T,030,tfclean_saits_chronos2_realw_full_trendonly,trend,0.0028343484656563065,1
Coastal_T_S_20T,030,tfclean_saits_chronos2_realw_full_trendonly,seasonal,0.6358119572808373,1
Coastal_T_S_20T,030,tfclean_saits_chronos2_realw_full_trendonly,freq,0.5001170250585054,1
Coastal_T_S_20T,030,tfclean_saits_chronos2_realw_resid,trend,0.0030013409253219353,1
Coastal_T_S_20T,030,tfclean_saits_chronos2_realw_resid,seasonal,0.6382008134963348,1
Coastal_T_S_20T,030,tfclean_saits_chronos2_realw_resid,freq,0.42467794444967844,1
Coastal_T_S_20T,030,tfclean_saits_chronos2_realw_resid_freqonly,trend,0.0028598658188819796,1
Coastal_T_S_20T,030,tfclean_saits_chronos2_realw_resid_freqonly,seasonal,0.598751555379132,1
Coastal_T_S_20T,030,tfclean_saits_chronos2_realw_resid_freqonly,freq,0.3651432424216385,1
Coastal_T_S_20T,030,tfclean_saits_chronos2_realw_resid_seasonalonly,trend,0.0026507154614661813,1
Coastal_T_S_20T,030,tfclean_saits_chronos2_realw_resid_seasonalonly,seasonal,0.6274220428366791,1
Coastal_T_S_20T,030,tfclean_saits_chronos2_realw_resid_seasonalonly,freq,0.5386882802409687,1
Coastal_T_S_20T,030,tfclean_saits_chronos2_realw_resid_trendonly,trend,0.0028343484656563065,1
Coastal_T_S_20T,030,tfclean_saits_chronos2_realw_resid_trendonly,seasonal,0.6358119572808373,1
Coastal_T_S_20T,030,tfclean_saits_chronos2_realw_resid_trendonly,freq,0.5001170250585054,1
Coastal_T_S_20T,030,tfclean_saits_kairos50m_realw_full,trend,0.0026684117855265417,1
Coastal_T_S_20T,030,tfclean_saits_kairos50m_realw_full,seasonal,0.644159544255833,1
Coastal_T_S_20T,030,tfclean_saits_kairos50m_realw_full,freq,0.5423536006904083,1
Coastal_T_S_20T,030,tfclean_saits_kairos50m_realw_full_freqonly,trend,0.06163912225388234,1
Coastal_T_S_20T,030,tfclean_saits_kairos50m_realw_full_freqonly,seasonal,15.539778068099086,1
Coastal_T_S_20T,030,tfclean_saits_kairos50m_realw_full_freqonly,freq,21.043810675618126,1
Coastal_T_S_20T,030,tfclean_saits_kairos50m_realw_full_seasonalonly,trend,0.0026507154614661813,1
Coastal_T_S_20T,030,tfclean_saits_kairos50m_realw_full_seasonalonly,seasonal,0.6274220428366791,1
Coastal_T_S_20T,030,tfclean_saits_kairos50m_realw_full_seasonalonly,freq,0.5386882802409687,1
Coastal_T_S_20T,030,tfclean_saits_kairos50m_realw_full_trendonly,trend,0.0028343484656563065,1
Coastal_T_S_20T,030,tfclean_saits_kairos50m_realw_full_trendonly,seasonal,0.6358119572808373,1
Coastal_T_S_20T,030,tfclean_saits_kairos50m_realw_full_trendonly,freq,0.5001170250585054,1
Coastal_T_S_20T,030,tfclean_saits_kairos50m_realw_resid,trend,0.0026684117855265417,1
Coastal_T_S_20T,030,tfclean_saits_kairos50m_realw_resid,seasonal,0.644159544255833,1
Coastal_T_S_20T,030,tfclean_saits_kairos50m_realw_resid,freq,0.5423536006904083,1
Coastal_T_S_20T,030,tfclean_saits_kairos50m_realw_resid_freqonly,trend,0.0028598658188819796,1
Coastal_T_S_20T,030,tfclean_saits_kairos50m_realw_resid_freqonly,seasonal,0.598751555379132,1
Coastal_T_S_20T,030,tfclean_saits_kairos50m_realw_resid_freqonly,freq,0.3651432424216385,1
Coastal_T_S_20T,030,tfclean_saits_kairos50m_realw_resid_seasonalonly,trend,0.0026507154614661813,1
Coastal_T_S_20T,030,tfclean_saits_kairos50m_realw_resid_seasonalonly,seasonal,0.6274220428366791,1
Coastal_T_S_20T,030,tfclean_saits_kairos50m_realw_resid_seasonalonly,freq,0.5386882802409687,1
Coastal_T_S_20T,030,tfclean_saits_kairos50m_realw_resid_trendonly,trend,0.0028343484656563065,1
Coastal_T_S_20T,030,tfclean_saits_kairos50m_realw_resid_trendonly,seasonal,0.6358119572808373,1
Coastal_T_S_20T,030,tfclean_saits_kairos50m_realw_resid_trendonly,freq,0.5001170250585054,1
Coastal_T_S_20T,030,tfclean_saits_timesfm2p5_realw_full,trend,0.03384038928689137,1
Coastal_T_S_20T,030,tfclean_saits_timesfm2p5_realw_full,seasonal,8.386722408978036,1
Coastal_T_S_20T,030,tfclean_saits_timesfm2p5_realw_full,freq,11.36961080860014,1
Coastal_T_S_20T,030,tfclean_saits_timesfm2p5_realw_full_freqonly,trend,0.06163912225388234,1
Coastal_T_S_20T,030,tfclean_saits_timesfm2p5_realw_full_freqonly,seasonal,15.539778068099086,1
Coastal_T_S_20T,030,tfclean_saits_timesfm2p5_realw_full_freqonly,freq,21.043810675618126,1
Coastal_T_S_20T,030,tfclean_saits_timesfm2p5_realw_full_seasonalonly,trend,0.0026507154614661813,1
Coastal_T_S_20T,030,tfclean_saits_timesfm2p5_realw_full_seasonalonly,seasonal,0.6274220428366791,1
Coastal_T_S_20T,030,tfclean_saits_timesfm2p5_realw_full_seasonalonly,freq,0.5386882802409687,1
Coastal_T_S_20T,030,tfclean_saits_timesfm2p5_realw_full_trendonly,trend,0.0028343484656563065,1
Coastal_T_S_20T,030,tfclean_saits_timesfm2p5_realw_full_trendonly,seasonal,0.6358119572808373,1
Coastal_T_S_20T,030,tfclean_saits_timesfm2p5_realw_full_trendonly,freq,0.5001170250585054,1
Coastal_T_S_20T,030,tfclean_saits_timesfm2p5_realw_resid,trend,0.0029997650628997984,1
Coastal_T_S_20T,030,tfclean_saits_timesfm2p5_realw_resid,seasonal,0.6381818270896655,1
Coastal_T_S_20T,030,tfclean_saits_timesfm2p5_realw_resid,freq,0.41368284798374955,1
Coastal_T_S_20T,030,tfclean_saits_timesfm2p5_realw_resid_freqonly,trend,0.0028598658188819796,1
Coastal_T_S_20T,030,tfclean_saits_timesfm2p5_realw_resid_freqonly,seasonal,0.598751555379132,1
Coastal_T_S_20T,030,tfclean_saits_timesfm2p5_realw_resid_freqonly,freq,0.3651432424216385,1
Coastal_T_S_20T,030,tfclean_saits_timesfm2p5_realw_resid_seasonalonly,trend,0.0026507154614661813,1
Coastal_T_S_20T,030,tfclean_saits_timesfm2p5_realw_resid_seasonalonly,seasonal,0.6274220428366791,1
Coastal_T_S_20T,030,tfclean_saits_timesfm2p5_realw_resid_seasonalonly,freq,0.5386882802409687,1
Coastal_T_S_20T,030,tfclean_saits_timesfm2p5_realw_resid_trendonly,trend,0.0028343484656563065,1
Coastal_T_S_20T,030,tfclean_saits_timesfm2p5_realw_resid_trendonly,seasonal,0.6358119572808373,1
Coastal_T_S_20T,030,tfclean_saits_timesfm2p5_realw_resid_trendonly,freq,0.5001170250585054,1
Supply_Chain_Location_D,010,backward,trend,0.2307174458048903,1
Supply_Chain_Location_D,010,backward,seasonal,0.2573403883392213,1
Supply_Chain_Location_D,010,backward,freq,0.09608931354124037,1
Supply_Chain_Location_D,010,forward,trend,0.21106122279941764,1
Supply_Chain_Location_D,010,forward,seasonal,0.25539095322053734,1
Supply_Chain_Location_D,010,forward,freq,0.2059819195872223,1
Supply_Chain_Location_D,010,gp_rbf,trend,0.11191504795125332,1
Supply_Chain_Location_D,010,gp_rbf,seasonal,0.2534723244615291,1
Supply_Chain_Location_D,010,gp_rbf,freq,0.1364155749592768,1
Supply_Chain_Location_D,010,kalman_arima,trend,0.084718081730664,1
Supply_Chain_Location_D,010,kalman_arima,seasonal,0.24349816474594038,1
Supply_Chain_Location_D,010,kalman_arima,freq,0.1425854217625819,1
Supply_Chain_Location_D,010,kalman_struct,trend,0.3418742339713411,1
Supply_Chain_Location_D,010,kalman_struct,seasonal,0.2579363750449823,1
Supply_Chain_Location_D,010,kalman_struct,freq,0.13635752969442502,1
Supply_Chain_Location_D,010,linear,trend,0.1714563205040772,1
Supply_Chain_Location_D,010,linear,seasonal,0.25351891528781284,1
Supply_Chain_Location_D,010,linear,freq,0.13921289296916906,1
Supply_Chain_Location_D,010,mean,trend,0.08374073101885837,1
Supply_Chain_Location_D,010,mean,seasonal,0.24797357005073029,1
Supply_Chain_Location_D,010,mean,freq,0.1628314029864786,1
Supply_Chain_Location_D,010,saits,trend,0.10460054605877768,1
Supply_Chain_Location_D,010,saits,seasonal,0.2608115629060175,1
Supply_Chain_Location_D,010,saits,freq,0.17073156293486141,1
Supply_Chain_Location_D,010,tfclean_gp_rbf_chronos2_realw_full,trend,0.10896264332046678,1
Supply_Chain_Location_D,010,tfclean_gp_rbf_chronos2_realw_full,seasonal,0.24313144023834454,1
Supply_Chain_Location_D,010,tfclean_gp_rbf_chronos2_realw_full,freq,0.13719788652110873,1
Supply_Chain_Location_D,010,tfclean_gp_rbf_chronos2_realw_full_freqonly,trend,0.15351260346717419,1
Supply_Chain_Location_D,010,tfclean_gp_rbf_chronos2_realw_full_freqonly,seasonal,0.23333280158563754,1
Supply_Chain_Location_D,010,tfclean_gp_rbf_chronos2_realw_full_freqonly,freq,0.0903059820940303,1
Supply_Chain_Location_D,010,tfclean_gp_rbf_chronos2_realw_full_seasonalonly,trend,0.10592520865799683,1
Supply_Chain_Location_D,010,tfclean_gp_rbf_chronos2_realw_full_seasonalonly,seasonal,0.23271381272659014,1
Supply_Chain_Location_D,010,tfclean_gp_rbf_chronos2_realw_full_seasonalonly,freq,0.13669049496079852,1
Supply_Chain_Location_D,010,tfclean_gp_rbf_chronos2_realw_full_trendonly,trend,0.09426389324151302,1
Supply_Chain_Location_D,010,tfclean_gp_rbf_chronos2_realw_full_trendonly,seasonal,0.2532122097931698,1
Supply_Chain_Location_D,010,tfclean_gp_rbf_chronos2_realw_full_trendonly,freq,0.13819337603509693,1
Supply_Chain_Location_D,010,tfclean_gp_rbf_chronos2_realw_resid,trend,0.1094769384636844,1
Supply_Chain_Location_D,010,tfclean_gp_rbf_chronos2_realw_resid,seasonal,0.24223762999756765,1
Supply_Chain_Location_D,010,tfclean_gp_rbf_chronos2_realw_resid,freq,0.13610429864135676,1
Supply_Chain_Location_D,010,tfclean_gp_rbf_chronos2_realw_resid_freqonly,trend,0.11488269295898056,1
Supply_Chain_Location_D,010,tfclean_gp_rbf_chronos2_realw_resid_freqonly,seasonal,0.25177689015421656,1
Supply_Chain_Location_D,010,tfclean_gp_rbf_chronos2_realw_resid_freqonly,freq,0.14375216845042255,1
Supply_Chain_Location_D,010,tfclean_gp_rbf_chronos2_realw_resid_seasonalonly,trend,0.10592520865799683,1
Supply_Chain_Location_D,010,tfclean_gp_rbf_chronos2_realw_resid_seasonalonly,seasonal,0.23271381272659014,1
Supply_Chain_Location_D,010,tfclean_gp_rbf_chronos2_realw_resid_seasonalonly,freq,0.13669049496079852,1
Supply_Chain_Location_D,010,tfclean_gp_rbf_chronos2_realw_resid_trendonly,trend,0.09426389324151302,1
Supply_Chain_Location_D,010,tfclean_gp_rbf_chronos2_realw_resid_trendonly,seasonal,0.2532122097931698,1
Supply_Chain_Location_D,010,tfclean_gp_rbf_chronos2_realw_resid_trendonly,freq,0.13819337603509693,1
Supply_Chain_Location_D,010,tfclean_gp_rbf_kairos50m_realw_full,trend,0.10931185140495245,1
Supply_Chain_Location_D,010,tfclean_gp_rbf_kairos50m_realw_full,seasonal,0.2443775270926189,1
Supply_Chain_Location_D,010,tfclean_gp_rbf_kairos50m_realw_full,freq,0.13713878926460088,1
Supply_Chain_Location_D,010,tfclean_gp_rbf_kairos50m_realw_full_freqonly,trend,0.15351260346717419,1
Supply_Chain_Location_D,010,tfclean_gp_rbf_kairos50m_realw_full_freqonly,seasonal,0.23333280158563754,1
Supply_Chain_Location_D,010,tfclean_gp_rbf_kairos50m_realw_full_freqonly,freq,0.0903059820940303,1
Supply_Chain_Location_D,010,tfclean_gp_rbf_kairos50m_realw_full_seasonalonly,trend,0.10592520865799683,1
Supply_Chain_Location_D,010,tfclean_gp_rbf_kairos50m_realw_full_seasonalonly,seasonal,0.23271381272659014,1
Supply_Chain_Location_D,010,tfclean_gp_rbf_kairos50m_realw_full_seasonalonly,freq,0.13669049496079852,1
Supply_Chain_Location_D,010,tfclean_gp_rbf_kairos50m_realw_full_trendonly,trend,0.09426389324151302,1
Supply_Chain_Location_D,010,tfclean_gp_rbf_kairos50m_realw_full_trendonly,seasonal,0.2532122097931698,1
Supply_Chain_Location_D,010,tfclean_gp_rbf_kairos50m_realw_full_trendonly,freq,0.13819337603509693,1
Supply_Chain_Location_D,010,tfclean_gp_rbf_kairos50m_realw_resid,trend,0.109993095255474,1
Supply_Chain_Location_D,010,tfclean_gp_rbf_kairos50m_realw_resid,seasonal,0.2438190659512652,1
Supply_Chain_Location_D,010,tfclean_gp_rbf_kairos50m_realw_resid,freq,0.1361367602578315,1
Supply_Chain_Location_D,010,tfclean_gp_rbf_kairos50m_realw_resid_freqonly,trend,0.11488269295898056,1
Supply_Chain_Location_D,010,tfclean_gp_rbf_kairos50m_realw_resid_freqonly,seasonal,0.25177689015421656,1
Supply_Chain_Location_D,010,tfclean_gp_rbf_kairos50m_realw_resid_freqonly,freq,0.14375216845042255,1
Supply_Chain_Location_D,010,tfclean_gp_rbf_kairos50m_realw_resid_seasonalonly,trend,0.10592520865799683,1
Supply_Chain_Location_D,010,tfclean_gp_rbf_kairos50m_realw_resid_seasonalonly,seasonal,0.23271381272659014,1
Supply_Chain_Location_D,010,tfclean_gp_rbf_kairos50m_realw_resid_seasonalonly,freq,0.13669049496079852,1
Supply_Chain_Location_D,010,tfclean_gp_rbf_kairos50m_realw_resid_trendonly,trend,0.09426389324151302,1
Supply_Chain_Location_D,010,tfclean_gp_rbf_kairos50m_realw_resid_trendonly,seasonal,0.2532122097931698,1
Supply_Chain_Location_D,010,tfclean_gp_rbf_kairos50m_realw_resid_trendonly,freq,0.13819337603509693,1
Supply_Chain_Location_D,010,tfclean_gp_rbf_timesfm2p5_realw_full,trend,0.10355087697792241,1
Supply_Chain_Location_D,010,tfclean_gp_rbf_timesfm2p5_realw_full,seasonal,0.2407912595525778,1
Supply_Chain_Location_D,010,tfclean_gp_rbf_timesfm2p5_realw_full,freq,0.1377363476287686,1
Supply_Chain_Location_D,010,tfclean_gp_rbf_timesfm2p5_realw_full_freqonly,trend,0.15351260346717419,1
Supply_Chain_Location_D,010,tfclean_gp_rbf_timesfm2p5_realw_full_freqonly,seasonal,0.23333280158563754,1
Supply_Chain_Location_D,010,tfclean_gp_rbf_timesfm2p5_realw_full_freqonly,freq,0.0903059820940303,1
Supply_Chain_Location_D,010,tfclean_gp_rbf_timesfm2p5_realw_full_seasonalonly,trend,0.10592520865799683,1
Supply_Chain_Location_D,010,tfclean_gp_rbf_timesfm2p5_realw_full_seasonalonly,seasonal,0.23271381272659014,1
Supply_Chain_Location_D,010,tfclean_gp_rbf_timesfm2p5_realw_full_seasonalonly,freq,0.13669049496079852,1
Supply_Chain_Location_D,010,tfclean_gp_rbf_timesfm2p5_realw_full_trendonly,trend,0.09426389324151302,1
Supply_Chain_Location_D,010,tfclean_gp_rbf_timesfm2p5_realw_full_trendonly,seasonal,0.2532122097931698,1
Supply_Chain_Location_D,010,tfclean_gp_rbf_timesfm2p5_realw_full_trendonly,freq,0.13819337603509693,1
Supply_Chain_Location_D,010,tfclean_gp_rbf_timesfm2p5_realw_resid,trend,0.10224211731278059,1
Supply_Chain_Location_D,010,tfclean_gp_rbf_timesfm2p5_realw_resid,seasonal,0.23855449202480428,1
Supply_Chain_Location_D,010,tfclean_gp_rbf_timesfm2p5_realw_resid,freq,0.13773583204339435,1
Supply_Chain_Location_D,010,tfclean_gp_rbf_timesfm2p5_realw_resid_freqonly,trend,0.11488269295898056,1
Supply_Chain_Location_D,010,tfclean_gp_rbf_timesfm2p5_realw_resid_freqonly,seasonal,0.25177689015421656,1
Supply_Chain_Location_D,010,tfclean_gp_rbf_timesfm2p5_realw_resid_freqonly,freq,0.14375216845042255,1
Supply_Chain_Location_D,010,tfclean_gp_rbf_timesfm2p5_realw_resid_seasonalonly,trend,0.10592520865799683,1
Supply_Chain_Location_D,010,tfclean_gp_rbf_timesfm2p5_realw_resid_seasonalonly,seasonal,0.23271381272659014,1
Supply_Chain_Location_D,010,tfclean_gp_rbf_timesfm2p5_realw_resid_seasonalonly,freq,0.13669049496079852,1
Supply_Chain_Location_D,010,tfclean_gp_rbf_timesfm2p5_realw_resid_trendonly,trend,0.09426389324151302,1
Supply_Chain_Location_D,010,tfclean_gp_rbf_timesfm2p5_realw_resid_trendonly,seasonal,0.2532122097931698,1
Supply_Chain_Location_D,010,tfclean_gp_rbf_timesfm2p5_realw_resid_trendonly,freq,0.13819337603509693,1
Supply_Chain_Location_D,010,tfclean_linear_chronos2_realw_full,trend,0.16652926693824247,1
Supply_Chain_Location_D,010,tfclean_linear_chronos2_realw_full,seasonal,0.23843031555831165,1
Supply_Chain_Location_D,010,tfclean_linear_chronos2_realw_full,freq,0.13028516281173128,1
Supply_Chain_Location_D,010,tfclean_linear_chronos2_realw_full_freqonly,trend,0.1378535149987302,1
Supply_Chain_Location_D,010,tfclean_linear_chronos2_realw_full_freqonly,seasonal,0.22148023221186264,1
Supply_Chain_Location_D,010,tfclean_linear_chronos2_realw_full_freqonly,freq,0.09233686474065059,1
Supply_Chain_Location_D,010,tfclean_linear_chronos2_realw_full_seasonalonly,trend,0.162469871678667,1
Supply_Chain_Location_D,010,tfclean_linear_chronos2_realw_full_seasonalonly,seasonal,0.22730155817854053,1
Supply_Chain_Location_D,010,tfclean_linear_chronos2_realw_full_seasonalonly,freq,0.12812533528476974,1
Supply_Chain_Location_D,010,tfclean_linear_chronos2_realw_full_trendonly,trend,0.10953201161899126,1
Supply_Chain_Location_D,010,tfclean_linear_chronos2_realw_full_trendonly,seasonal,0.24933310644561058,1
Supply_Chain_Location_D,010,tfclean_linear_chronos2_realw_full_trendonly,freq,0.14247783555137672,1
Supply_Chain_Location_D,010,tfclean_linear_chronos2_realw_resid,trend,0.16780427216302923,1
Supply_Chain_Location_D,010,tfclean_linear_chronos2_realw_resid,seasonal,0.242213671458399,1
Supply_Chain_Location_D,010,tfclean_linear_chronos2_realw_resid,freq,0.1363975189291088,1
Supply_Chain_Location_D,010,tfclean_linear_chronos2_realw_resid_freqonly,trend,0.17355715709478528,1
Supply_Chain_Location_D,010,tfclean_linear_chronos2_realw_resid_freqonly,seasonal,0.25680089385771215,1
Supply_Chain_Location_D,010,tfclean_linear_chronos2_realw_resid_freqonly,freq,0.14114754414853856,1
Supply_Chain_Location_D,010,tfclean_linear_chronos2_realw_resid_seasonalonly,trend,0.162469871678667,1
Supply_Chain_Location_D,010,tfclean_linear_chronos2_realw_resid_seasonalonly,seasonal,0.22730155817854053,1
Supply_Chain_Location_D,010,tfclean_linear_chronos2_realw_resid_seasonalonly,freq,0.12812533528476974,1
Supply_Chain_Location_D,010,tfclean_linear_chronos2_realw_resid_trendonly,trend,0.10953201161899126,1
Supply_Chain_Location_D,010,tfclean_linear_chronos2_realw_resid_trendonly,seasonal,0.24933310644561058,1
Supply_Chain_Location_D,010,tfclean_linear_chronos2_realw_resid_trendonly,freq,0.14247783555137672,1
Supply_Chain_Location_D,010,tfclean_linear_kairos50m_realw_full,trend,0.16707195915592374,1
Supply_Chain_Location_D,010,tfclean_linear_kairos50m_realw_full,seasonal,0.2399537525883171,1
Supply_Chain_Location_D,010,tfclean_linear_kairos50m_realw_full,freq,0.1305533281911481,1
Supply_Chain_Location_D,010,tfclean_linear_kairos50m_realw_full_freqonly,trend,0.1378535149987302,1
Supply_Chain_Location_D,010,tfclean_linear_kairos50m_realw_full_freqonly,seasonal,0.22148023221186264,1
Supply_Chain_Location_D,010,tfclean_linear_kairos50m_realw_full_freqonly,freq,0.09233686474065059,1
Supply_Chain_Location_D,010,tfclean_linear_kairos50m_realw_full_seasonalonly,trend,0.162469871678667,1
Supply_Chain_Location_D,010,tfclean_linear_kairos50m_realw_full_seasonalonly,seasonal,0.22730155817854053,1
Supply_Chain_Location_D,010,tfclean_linear_kairos50m_realw_full_seasonalonly,freq,0.12812533528476974,1
Supply_Chain_Location_D,010,tfclean_linear_kairos50m_realw_full_trendonly,trend,0.10953201161899126,1
Supply_Chain_Location_D,010,tfclean_linear_kairos50m_realw_full_trendonly,seasonal,0.24933310644561058,1
Supply_Chain_Location_D,010,tfclean_linear_kairos50m_realw_full_trendonly,freq,0.14247783555137672,1
Supply_Chain_Location_D,010,tfclean_linear_kairos50m_realw_resid,trend,0.16855352098541793,1
Supply_Chain_Location_D,010,tfclean_linear_kairos50m_realw_resid,seasonal,0.24451341412136254,1
Supply_Chain_Location_D,010,tfclean_linear_kairos50m_realw_resid,freq,0.1387157478211494,1
Supply_Chain_Location_D,010,tfclean_linear_kairos50m_realw_resid_freqonly,trend,0.17355715709478528,1
Supply_Chain_Location_D,010,tfclean_linear_kairos50m_realw_resid_freqonly,seasonal,0.25680089385771215,1
Supply_Chain_Location_D,010,tfclean_linear_kairos50m_realw_resid_freqonly,freq,0.14114754414853856,1
Supply_Chain_Location_D,010,tfclean_linear_kairos50m_realw_resid_seasonalonly,trend,0.162469871678667,1
Supply_Chain_Location_D,010,tfclean_linear_kairos50m_realw_resid_seasonalonly,seasonal,0.22730155817854053,1
Supply_Chain_Location_D,010,tfclean_linear_kairos50m_realw_resid_seasonalonly,freq,0.12812533528476974,1
Supply_Chain_Location_D,010,tfclean_linear_kairos50m_realw_resid_trendonly,trend,0.10953201161899126,1
Supply_Chain_Location_D,010,tfclean_linear_kairos50m_realw_resid_trendonly,seasonal,0.24933310644561058,1
Supply_Chain_Location_D,010,tfclean_linear_kairos50m_realw_resid_trendonly,freq,0.14247783555137672,1
Supply_Chain_Location_D,010,tfclean_linear_timesfm2p5_realw_full,trend,0.15228203539865823,1
Supply_Chain_Location_D,010,tfclean_linear_timesfm2p5_realw_full,seasonal,0.2361765656313708,1
Supply_Chain_Location_D,010,tfclean_linear_timesfm2p5_realw_full,freq,0.13126661652144536,1
Supply_Chain_Location_D,010,tfclean_linear_timesfm2p5_realw_full_freqonly,trend,0.1378535149987302,1
Supply_Chain_Location_D,010,tfclean_linear_timesfm2p5_realw_full_freqonly,seasonal,0.22148023221186264,1
Supply_Chain_Location_D,010,tfclean_linear_timesfm2p5_realw_full_freqonly,freq,0.09233686474065059,1
Supply_Chain_Location_D,010,tfclean_linear_timesfm2p5_realw_full_seasonalonly,trend,0.162469871678667,1
Supply_Chain_Location_D,010,tfclean_linear_timesfm2p5_realw_full_seasonalonly,seasonal,0.22730155817854053,1
Supply_Chain_Location_D,010,tfclean_linear_timesfm2p5_realw_full_seasonalonly,freq,0.12812533528476974,1
Supply_Chain_Location_D,010,tfclean_linear_timesfm2p5_realw_full_trendonly,trend,0.10953201161899126,1
Supply_Chain_Location_D,010,tfclean_linear_timesfm2p5_realw_full_trendonly,seasonal,0.24933310644561058,1
Supply_Chain_Location_D,010,tfclean_linear_timesfm2p5_realw_full_trendonly,freq,0.14247783555137672,1
Supply_Chain_Location_D,010,tfclean_linear_timesfm2p5_realw_resid,trend,0.1488739670934969,1
Supply_Chain_Location_D,010,tfclean_linear_timesfm2p5_realw_resid,seasonal,0.2336336337310919,1
Supply_Chain_Location_D,010,tfclean_linear_timesfm2p5_realw_resid,freq,0.13152893462530757,1
Supply_Chain_Location_D,010,tfclean_linear_timesfm2p5_realw_resid_freqonly,trend,0.17355715709478528,1
Supply_Chain_Location_D,010,tfclean_linear_timesfm2p5_realw_resid_freqonly,seasonal,0.25680089385771215,1
Supply_Chain_Location_D,010,tfclean_linear_timesfm2p5_realw_resid_freqonly,freq,0.14114754414853856,1
Supply_Chain_Location_D,010,tfclean_linear_timesfm2p5_realw_resid_seasonalonly,trend,0.162469871678667,1
Supply_Chain_Location_D,010,tfclean_linear_timesfm2p5_realw_resid_seasonalonly,seasonal,0.22730155817854053,1
Supply_Chain_Location_D,010,tfclean_linear_timesfm2p5_realw_resid_seasonalonly,freq,0.12812533528476974,1
Supply_Chain_Location_D,010,tfclean_linear_timesfm2p5_realw_resid_trendonly,trend,0.10953201161899126,1
Supply_Chain_Location_D,010,tfclean_linear_timesfm2p5_realw_resid_trendonly,seasonal,0.24933310644561058,1
Supply_Chain_Location_D,010,tfclean_linear_timesfm2p5_realw_resid_trendonly,freq,0.14247783555137672,1
Supply_Chain_Location_D,010,tfclean_saits_chronos2_realw_full,trend,0.10646509721003669,1
Supply_Chain_Location_D,010,tfclean_saits_chronos2_realw_full,seasonal,0.2553064943036769,1
Supply_Chain_Location_D,010,tfclean_saits_chronos2_realw_full,freq,0.1715076714408801,1
Supply_Chain_Location_D,010,tfclean_saits_chronos2_realw_full_freqonly,trend,0.17318621305635135,1
Supply_Chain_Location_D,010,tfclean_saits_chronos2_realw_full_freqonly,seasonal,0.23162954988886872,1
Supply_Chain_Location_D,010,tfclean_saits_chronos2_realw_full_freqonly,freq,0.1333586958623076,1
Supply_Chain_Location_D,010,tfclean_saits_chronos2_realw_full_seasonalonly,trend,0.1068249897666326,1
Supply_Chain_Location_D,010,tfclean_saits_chronos2_realw_full_seasonalonly,seasonal,0.23856983280834368,1
Supply_Chain_Location_D,010,tfclean_saits_chronos2_realw_full_seasonalonly,freq,0.17246716578446347,1
Supply_Chain_Location_D,010,tfclean_saits_chronos2_realw_full_trendonly,trend,0.09455619824709335,1
Supply_Chain_Location_D,010,tfclean_saits_chronos2_realw_full_trendonly,seasonal,0.25518907082510894,1
Supply_Chain_Location_D,010,tfclean_saits_chronos2_realw_full_trendonly,freq,0.1605519215617579,1
Supply_Chain_Location_D,010,tfclean_saits_chronos2_realw_resid,trend,0.10724073732528333,1
Supply_Chain_Location_D,010,tfclean_saits_chronos2_realw_resid,seasonal,0.2558497435658684,1
Supply_Chain_Location_D,010,tfclean_saits_chronos2_realw_resid,freq,0.17366797925999275,1
Supply_Chain_Location_D,010,tfclean_saits_chronos2_realw_resid_freqonly,trend,0.10643100647079569,1
Supply_Chain_Location_D,010,tfclean_saits_chronos2_realw_resid_freqonly,seasonal,0.2631024466640395,1
Supply_Chain_Location_D,010,tfclean_saits_chronos2_realw_resid_freqonly,freq,0.18198915136363925,1
Supply_Chain_Location_D,010,tfclean_saits_chronos2_realw_resid_seasonalonly,trend,0.1068249897666326,1
Supply_Chain_Location_D,010,tfclean_saits_chronos2_realw_resid_seasonalonly,seasonal,0.23856983280834368,1
Supply_Chain_Location_D,010,tfclean_saits_chronos2_realw_resid_seasonalonly,freq,0.17246716578446347,1
Supply_Chain_Location_D,010,tfclean_saits_chronos2_realw_resid_trendonly,trend,0.09455619824709335,1
Supply_Chain_Location_D,010,tfclean_saits_chronos2_realw_resid_trendonly,seasonal,0.25518907082510894,1
Supply_Chain_Location_D,010,tfclean_saits_chronos2_realw_resid_trendonly,freq,0.1605519215617579,1
Supply_Chain_Location_D,010,tfclean_saits_kairos50m_realw_full,trend,0.1062291254574481,1
Supply_Chain_Location_D,010,tfclean_saits_kairos50m_realw_full,seasonal,0.2559754398795306,1
Supply_Chain_Location_D,010,tfclean_saits_kairos50m_realw_full,freq,0.1714821711871147,1
Supply_Chain_Location_D,010,tfclean_saits_kairos50m_realw_full_freqonly,trend,0.17318621305635135,1
Supply_Chain_Location_D,010,tfclean_saits_kairos50m_realw_full_freqonly,seasonal,0.23162954988886872,1
Supply_Chain_Location_D,010,tfclean_saits_kairos50m_realw_full_freqonly,freq,0.1333586958623076,1
Supply_Chain_Location_D,010,tfclean_saits_kairos50m_realw_full_seasonalonly,trend,0.1068249897666326,1
Supply_Chain_Location_D,010,tfclean_saits_kairos50m_realw_full_seasonalonly,seasonal,0.23856983280834368,1
Supply_Chain_Location_D,010,tfclean_saits_kairos50m_realw_full_seasonalonly,freq,0.17246716578446347,1
Supply_Chain_Location_D,010,tfclean_saits_kairos50m_realw_full_trendonly,trend,0.09455619824709335,1
Supply_Chain_Location_D,010,tfclean_saits_kairos50m_realw_full_trendonly,seasonal,0.25518907082510894,1
Supply_Chain_Location_D,010,tfclean_saits_kairos50m_realw_full_trendonly,freq,0.1605519215617579,1
Supply_Chain_Location_D,010,tfclean_saits_kairos50m_realw_resid,trend,0.10696215260033415,1
Supply_Chain_Location_D,010,tfclean_saits_kairos50m_realw_resid,seasonal,0.2566884604027878,1
Supply_Chain_Location_D,010,tfclean_saits_kairos50m_realw_resid,freq,0.17403985382307488,1
Supply_Chain_Location_D,010,tfclean_saits_kairos50m_realw_resid_freqonly,trend,0.10643100647079569,1
Supply_Chain_Location_D,010,tfclean_saits_kairos50m_realw_resid_freqonly,seasonal,0.2631024466640395,1
Supply_Chain_Location_D,010,tfclean_saits_kairos50m_realw_resid_freqonly,freq,0.18198915136363925,1
Supply_Chain_Location_D,010,tfclean_saits_kairos50m_realw_resid_seasonalonly,trend,0.1068249897666326,1
Supply_Chain_Location_D,010,tfclean_saits_kairos50m_realw_resid_seasonalonly,seasonal,0.23856983280834368,1
Supply_Chain_Location_D,010,tfclean_saits_kairos50m_realw_resid_seasonalonly,freq,0.17246716578446347,1
Supply_Chain_Location_D,010,tfclean_saits_kairos50m_realw_resid_trendonly,trend,0.09455619824709335,1
Supply_Chain_Location_D,010,tfclean_saits_kairos50m_realw_resid_trendonly,seasonal,0.25518907082510894,1
Supply_Chain_Location_D,010,tfclean_saits_kairos50m_realw_resid_trendonly,freq,0.1605519215617579,1
Supply_Chain_Location_D,010,tfclean_saits_timesfm2p5_realw_full,trend,0.10420286033647169,1
Supply_Chain_Location_D,010,tfclean_saits_timesfm2p5_realw_full,seasonal,0.2540454860842804,1
Supply_Chain_Location_D,010,tfclean_saits_timesfm2p5_realw_full,freq,0.17158050301351974,1
Supply_Chain_Location_D,010,tfclean_saits_timesfm2p5_realw_full_freqonly,trend,0.17318621305635135,1
Supply_Chain_Location_D,010,tfclean_saits_timesfm2p5_realw_full_freqonly,seasonal,0.23162954988886872,1
Supply_Chain_Location_D,010,tfclean_saits_timesfm2p5_realw_full_freqonly,freq,0.1333586958623076,1
Supply_Chain_Location_D,010,tfclean_saits_timesfm2p5_realw_full_seasonalonly,trend,0.1068249897666326,1
Supply_Chain_Location_D,010,tfclean_saits_timesfm2p5_realw_full_seasonalonly,seasonal,0.23856983280834368,1
Supply_Chain_Location_D,010,tfclean_saits_timesfm2p5_realw_full_seasonalonly,freq,0.17246716578446347,1
Supply_Chain_Location_D,010,tfclean_saits_timesfm2p5_realw_full_trendonly,trend,0.09455619824709335,1
Supply_Chain_Location_D,010,tfclean_saits_timesfm2p5_realw_full_trendonly,seasonal,0.25518907082510894,1
Supply_Chain_Location_D,010,tfclean_saits_timesfm2p5_realw_full_trendonly,freq,0.1605519215617579,1
Supply_Chain_Location_D,010,tfclean_saits_timesfm2p5_realw_resid,trend,0.10421543342073247,1
Supply_Chain_Location_D,010,tfclean_saits_timesfm2p5_realw_resid,seasonal,0.253139859518149,1
Supply_Chain_Location_D,010,tfclean_saits_timesfm2p5_realw_resid,freq,0.17171367500508983,1
Supply_Chain_Location_D,010,tfclean_saits_timesfm2p5_realw_resid_freqonly,trend,0.10643100647079569,1
Supply_Chain_Location_D,010,tfclean_saits_timesfm2p5_realw_resid_freqonly,seasonal,0.2631024466640395,1
Supply_Chain_Location_D,010,tfclean_saits_timesfm2p5_realw_resid_freqonly,freq,0.18198915136363925,1
Supply_Chain_Location_D,010,tfclean_saits_timesfm2p5_realw_resid_seasonalonly,trend,0.1068249897666326,1
Supply_Chain_Location_D,010,tfclean_saits_timesfm2p5_realw_resid_seasonalonly,seasonal,0.23856983280834368,1
Supply_Chain_Location_D,010,tfclean_saits_timesfm2p5_realw_resid_seasonalonly,freq,0.17246716578446347,1
Supply_Chain_Location_D,010,tfclean_saits_timesfm2p5_realw_resid_trendonly,trend,0.09455619824709335,1
Supply_Chain_Location_D,010,tfclean_saits_timesfm2p5_realw_resid_trendonly,seasonal,0.25518907082510894,1
Supply_Chain_Location_D,010,tfclean_saits_timesfm2p5_realw_resid_trendonly,freq,0.1605519215617579,1
Supply_Chain_Location_D,020,backward,trend,0.31875499679388525,1
Supply_Chain_Location_D,020,backward,seasonal,0.3706670479950083,1
Supply_Chain_Location_D,020,backward,freq,0.2454606060548897,1
Supply_Chain_Location_D,020,forward,trend,0.20033106321589875,1
Supply_Chain_Location_D,020,forward,seasonal,0.37686846989021106,1
Supply_Chain_Location_D,020,forward,freq,0.24121071224956644,1
Supply_Chain_Location_D,020,gp_rbf,trend,0.1722192500862518,1
Supply_Chain_Location_D,020,gp_rbf,seasonal,0.3733477439611957,1
Supply_Chain_Location_D,020,gp_rbf,freq,0.22281527507399673,1
Supply_Chain_Location_D,020,kalman_arima,trend,0.10996140216590441,1
Supply_Chain_Location_D,020,kalman_arima,seasonal,0.3597483576673247,1
Supply_Chain_Location_D,020,kalman_arima,freq,0.24456442309173768,1
Supply_Chain_Location_D,020,kalman_struct,trend,0.2791051741440894,1
Supply_Chain_Location_D,020,kalman_struct,seasonal,0.36400650081289937,1
Supply_Chain_Location_D,020,kalman_struct,freq,0.235446976085434,1
Supply_Chain_Location_D,020,linear,trend,0.16921949559005955,1
Supply_Chain_Location_D,020,linear,seasonal,0.36627171371487055,1
Supply_Chain_Location_D,020,linear,freq,0.24080127854774921,1
Supply_Chain_Location_D,020,mean,trend,0.116280362555474,1
Supply_Chain_Location_D,020,mean,seasonal,0.37194839722102646,1
Supply_Chain_Location_D,020,mean,freq,0.22498098139914083,1
Supply_Chain_Location_D,020,saits,trend,0.14036333283107186,1
Supply_Chain_Location_D,020,saits,seasonal,0.37584352139614235,1
Supply_Chain_Location_D,020,saits,freq,0.232429462737372,1
Supply_Chain_Location_D,020,tfclean_gp_rbf_chronos2_realw_full,trend,0.1685544009877694,1
Supply_Chain_Location_D,020,tfclean_gp_rbf_chronos2_realw_full,seasonal,0.3532710418254696,1
Supply_Chain_Location_D,020,tfclean_gp_rbf_chronos2_realw_full,freq,0.2414432894767055,1
Supply_Chain_Location_D,020,tfclean_gp_rbf_chronos2_realw_full_freqonly,trend,0.16468529937458828,1
Supply_Chain_Location_D,020,tfclean_gp_rbf_chronos2_realw_full_freqonly,seasonal,0.357165125528995,1
Supply_Chain_Location_D,020,tfclean_gp_rbf_chronos2_realw_full_freqonly,freq,0.18918325037572903,1
Supply_Chain_Location_D,020,tfclean_gp_rbf_chronos2_realw_full_seasonalonly,trend,0.16585918270697375,1
Supply_Chain_Location_D,020,tfclean_gp_rbf_chronos2_realw_full_seasonalonly,seasonal,0.3323194575158793,1
Supply_Chain_Location_D,020,tfclean_gp_rbf_chronos2_realw_full_seasonalonly,freq,0.2326102684768714,1
Supply_Chain_Location_D,020,tfclean_gp_rbf_chronos2_realw_full_trendonly,trend,0.1064403531314118,1
Supply_Chain_Location_D,020,tfclean_gp_rbf_chronos2_realw_full_trendonly,seasonal,0.36855078414916853,1
Supply_Chain_Location_D,020,tfclean_gp_rbf_chronos2_realw_full_trendonly,freq,0.22414342984692923,1
Supply_Chain_Location_D,020,tfclean_gp_rbf_chronos2_realw_resid,trend,0.16847696804412263,1
Supply_Chain_Location_D,020,tfclean_gp_rbf_chronos2_realw_resid,seasonal,0.34750840472920985,1
Supply_Chain_Location_D,020,tfclean_gp_rbf_chronos2_realw_resid,freq,0.24114112920977926,1
Supply_Chain_Location_D,020,tfclean_gp_rbf_chronos2_realw_resid_freqonly,trend,0.17273304083134836,1
Supply_Chain_Location_D,020,tfclean_gp_rbf_chronos2_realw_resid_freqonly,seasonal,0.3762541820633855,1
Supply_Chain_Location_D,020,tfclean_gp_rbf_chronos2_realw_resid_freqonly,freq,0.2140434614385131,1
Supply_Chain_Location_D,020,tfclean_gp_rbf_chronos2_realw_resid_seasonalonly,trend,0.16585918270697375,1
Supply_Chain_Location_D,020,tfclean_gp_rbf_chronos2_realw_resid_seasonalonly,seasonal,0.3323194575158793,1
Supply_Chain_Location_D,020,tfclean_gp_rbf_chronos2_realw_resid_seasonalonly,freq,0.2326102684768714,1
Supply_Chain_Location_D,020,tfclean_gp_rbf_chronos2_realw_resid_trendonly,trend,0.1064403531314118,1
Supply_Chain_Location_D,020,tfclean_gp_rbf_chronos2_realw_resid_trendonly,seasonal,0.36855078414916853,1
Supply_Chain_Location_D,020,tfclean_gp_rbf_chronos2_realw_resid_trendonly,freq,0.22414342984692923,1
Supply_Chain_Location_D,020,tfclean_gp_rbf_kairos50m_realw_full,trend,0.16900617216836644,1
Supply_Chain_Location_D,020,tfclean_gp_rbf_kairos50m_realw_full,seasonal,0.3552813301897779,1
Supply_Chain_Location_D,020,tfclean_gp_rbf_kairos50m_realw_full,freq,0.24139709375915552,1
Supply_Chain_Location_D,020,tfclean_gp_rbf_kairos50m_realw_full_freqonly,trend,0.16468529937458828,1
Supply_Chain_Location_D,020,tfclean_gp_rbf_kairos50m_realw_full_freqonly,seasonal,0.357165125528995,1
Supply_Chain_Location_D,020,tfclean_gp_rbf_kairos50m_realw_full_freqonly,freq,0.18918325037572903,1
Supply_Chain_Location_D,020,tfclean_gp_rbf_kairos50m_realw_full_seasonalonly,trend,0.16585918270697375,1
Supply_Chain_Location_D,020,tfclean_gp_rbf_kairos50m_realw_full_seasonalonly,seasonal,0.3323194575158793,1
Supply_Chain_Location_D,020,tfclean_gp_rbf_kairos50m_realw_full_seasonalonly,freq,0.2326102684768714,1
Supply_Chain_Location_D,020,tfclean_gp_rbf_kairos50m_realw_full_trendonly,trend,0.1064403531314118,1
Supply_Chain_Location_D,020,tfclean_gp_rbf_kairos50m_realw_full_trendonly,seasonal,0.36855078414916853,1
Supply_Chain_Location_D,020,tfclean_gp_rbf_kairos50m_realw_full_trendonly,freq,0.22414342984692923,1
Supply_Chain_Location_D,020,tfclean_gp_rbf_kairos50m_realw_resid,trend,0.16832679524901328,1
Supply_Chain_Location_D,020,tfclean_gp_rbf_kairos50m_realw_resid,seasonal,0.3530687070680274,1
Supply_Chain_Location_D,020,tfclean_gp_rbf_kairos50m_realw_resid,freq,0.23958408846553747,1
Supply_Chain_Location_D,020,tfclean_gp_rbf_kairos50m_realw_resid_freqonly,trend,0.17273304083134836,1
Supply_Chain_Location_D,020,tfclean_gp_rbf_kairos50m_realw_resid_freqonly,seasonal,0.3762541820633855,1
Supply_Chain_Location_D,020,tfclean_gp_rbf_kairos50m_realw_resid_freqonly,freq,0.2140434614385131,1
Supply_Chain_Location_D,020,tfclean_gp_rbf_kairos50m_realw_resid_seasonalonly,trend,0.16585918270697375,1
Supply_Chain_Location_D,020,tfclean_gp_rbf_kairos50m_realw_resid_seasonalonly,seasonal,0.3323194575158793,1
Supply_Chain_Location_D,020,tfclean_gp_rbf_kairos50m_realw_resid_seasonalonly,freq,0.2326102684768714,1
Supply_Chain_Location_D,020,tfclean_gp_rbf_kairos50m_realw_resid_trendonly,trend,0.1064403531314118,1
Supply_Chain_Location_D,020,tfclean_gp_rbf_kairos50m_realw_resid_trendonly,seasonal,0.36855078414916853,1
Supply_Chain_Location_D,020,tfclean_gp_rbf_kairos50m_realw_resid_trendonly,freq,0.22414342984692923,1
Supply_Chain_Location_D,020,tfclean_gp_rbf_timesfm2p5_realw_full,trend,0.15173152755320643,1
Supply_Chain_Location_D,020,tfclean_gp_rbf_timesfm2p5_realw_full,seasonal,0.34566512456304266,1
Supply_Chain_Location_D,020,tfclean_gp_rbf_timesfm2p5_realw_full,freq,0.24222908895045417,1
Supply_Chain_Location_D,020,tfclean_gp_rbf_timesfm2p5_realw_full_freqonly,trend,0.16468529937458828,1
Supply_Chain_Location_D,020,tfclean_gp_rbf_timesfm2p5_realw_full_freqonly,seasonal,0.357165125528995,1
Supply_Chain_Location_D,020,tfclean_gp_rbf_timesfm2p5_realw_full_freqonly,freq,0.18918325037572903,1
Supply_Chain_Location_D,020,tfclean_gp_rbf_timesfm2p5_realw_full_seasonalonly,trend,0.16585918270697375,1
Supply_Chain_Location_D,020,tfclean_gp_rbf_timesfm2p5_realw_full_seasonalonly,seasonal,0.3323194575158793,1
Supply_Chain_Location_D,020,tfclean_gp_rbf_timesfm2p5_realw_full_seasonalonly,freq,0.2326102684768714,1
Supply_Chain_Location_D,020,tfclean_gp_rbf_timesfm2p5_realw_full_trendonly,trend,0.1064403531314118,1
Supply_Chain_Location_D,020,tfclean_gp_rbf_timesfm2p5_realw_full_trendonly,seasonal,0.36855078414916853,1
Supply_Chain_Location_D,020,tfclean_gp_rbf_timesfm2p5_realw_full_trendonly,freq,0.22414342984692923,1
Supply_Chain_Location_D,020,tfclean_gp_rbf_timesfm2p5_realw_resid,trend,0.1478125388118648,1
Supply_Chain_Location_D,020,tfclean_gp_rbf_timesfm2p5_realw_resid,seasonal,0.34109491345483317,1
Supply_Chain_Location_D,020,tfclean_gp_rbf_timesfm2p5_realw_resid,freq,0.23652506044475505,1
Supply_Chain_Location_D,020,tfclean_gp_rbf_timesfm2p5_realw_resid_freqonly,trend,0.17273304083134836,1
Supply_Chain_Location_D,020,tfclean_gp_rbf_timesfm2p5_realw_resid_freqonly,seasonal,0.3762541820633855,1
Supply_Chain_Location_D,020,tfclean_gp_rbf_timesfm2p5_realw_resid_freqonly,freq,0.2140434614385131,1
Supply_Chain_Location_D,020,tfclean_gp_rbf_timesfm2p5_realw_resid_seasonalonly,trend,0.16585918270697375,1
Supply_Chain_Location_D,020,tfclean_gp_rbf_timesfm2p5_realw_resid_seasonalonly,seasonal,0.3323194575158793,1
Supply_Chain_Location_D,020,tfclean_gp_rbf_timesfm2p5_realw_resid_seasonalonly,freq,0.2326102684768714,1
Supply_Chain_Location_D,020,tfclean_gp_rbf_timesfm2p5_realw_resid_trendonly,trend,0.1064403531314118,1
Supply_Chain_Location_D,020,tfclean_gp_rbf_timesfm2p5_realw_resid_trendonly,seasonal,0.36855078414916853,1
Supply_Chain_Location_D,020,tfclean_gp_rbf_timesfm2p5_realw_resid_trendonly,freq,0.22414342984692923,1
Supply_Chain_Location_D,020,tfclean_linear_chronos2_realw_full,trend,0.16608800071355123,1
Supply_Chain_Location_D,020,tfclean_linear_chronos2_realw_full,seasonal,0.3465673735868219,1
Supply_Chain_Location_D,020,tfclean_linear_chronos2_realw_full,freq,0.2504390122736797,1
Supply_Chain_Location_D,020,tfclean_linear_chronos2_realw_full_freqonly,trend,0.12188728858815875,1
Supply_Chain_Location_D,020,tfclean_linear_chronos2_realw_full_freqonly,seasonal,0.34249222876013297,1
Supply_Chain_Location_D,020,tfclean_linear_chronos2_realw_full_freqonly,freq,0.2091136943609536,1
Supply_Chain_Location_D,020,tfclean_linear_chronos2_realw_full_seasonalonly,trend,0.16638907040565604,1
Supply_Chain_Location_D,020,tfclean_linear_chronos2_realw_full_seasonalonly,seasonal,0.3311093575597875,1
Supply_Chain_Location_D,020,tfclean_linear_chronos2_realw_full_seasonalonly,freq,0.24184273768837058,1
Supply_Chain_Location_D,020,tfclean_linear_chronos2_realw_full_trendonly,trend,0.10457941105075542,1
Supply_Chain_Location_D,020,tfclean_linear_chronos2_realw_full_trendonly,seasonal,0.3698975344439802,1
Supply_Chain_Location_D,020,tfclean_linear_chronos2_realw_full_trendonly,freq,0.23193161990576494,1
Supply_Chain_Location_D,020,tfclean_linear_chronos2_realw_resid,trend,0.165065867950892,1
Supply_Chain_Location_D,020,tfclean_linear_chronos2_realw_resid,seasonal,0.34500931243721517,1
Supply_Chain_Location_D,020,tfclean_linear_chronos2_realw_resid,freq,0.24771219941547667,1
Supply_Chain_Location_D,020,tfclean_linear_chronos2_realw_resid_freqonly,trend,0.16415248700377666,1
Supply_Chain_Location_D,020,tfclean_linear_chronos2_realw_resid_freqonly,seasonal,0.36943481000818734,1
Supply_Chain_Location_D,020,tfclean_linear_chronos2_realw_resid_freqonly,freq,0.22926806471897856,1
Supply_Chain_Location_D,020,tfclean_linear_chronos2_realw_resid_seasonalonly,trend,0.16638907040565604,1
Supply_Chain_Location_D,020,tfclean_linear_chronos2_realw_resid_seasonalonly,seasonal,0.3311093575597875,1
Supply_Chain_Location_D,020,tfclean_linear_chronos2_realw_resid_seasonalonly,freq,0.24184273768837058,1
Supply_Chain_Location_D,020,tfclean_linear_chronos2_realw_resid_trendonly,trend,0.10457941105075542,1
Supply_Chain_Location_D,020,tfclean_linear_chronos2_realw_resid_trendonly,seasonal,0.3698975344439802,1
Supply_Chain_Location_D,020,tfclean_linear_chronos2_realw_resid_trendonly,freq,0.23193161990576494,1
Supply_Chain_Location_D,020,tfclean_linear_kairos50m_realw_full,trend,0.16622049315965376,1
Supply_Chain_Location_D,020,tfclean_linear_kairos50m_realw_full,seasonal,0.348397499834443,1
Supply_Chain_Location_D,020,tfclean_linear_kairos50m_realw_full,freq,0.25175099205326285,1
Supply_Chain_Location_D,020,tfclean_linear_kairos50m_realw_full_freqonly,trend,0.12188728858815875,1
Supply_Chain_Location_D,020,tfclean_linear_kairos50m_realw_full_freqonly,seasonal,0.34249222876013297,1
Supply_Chain_Location_D,020,tfclean_linear_kairos50m_realw_full_freqonly,freq,0.2091136943609536,1
Supply_Chain_Location_D,020,tfclean_linear_kairos50m_realw_full_seasonalonly,trend,0.16638907040565604,1
Supply_Chain_Location_D,020,tfclean_linear_kairos50m_realw_full_seasonalonly,seasonal,0.3311093575597875,1
Supply_Chain_Location_D,020,tfclean_linear_kairos50m_realw_full_seasonalonly,freq,0.24184273768837058,1
Supply_Chain_Location_D,020,tfclean_linear_kairos50m_realw_full_trendonly,trend,0.10457941105075542,1
Supply_Chain_Location_D,020,tfclean_linear_kairos50m_realw_full_trendonly,seasonal,0.3698975344439802,1
Supply_Chain_Location_D,020,tfclean_linear_kairos50m_realw_full_trendonly,freq,0.23193161990576494,1
Supply_Chain_Location_D,020,tfclean_linear_kairos50m_realw_resid,trend,0.1651322735663955,1
Supply_Chain_Location_D,020,tfclean_linear_kairos50m_realw_resid,seasonal,0.3473828442093323,1
Supply_Chain_Location_D,020,tfclean_linear_kairos50m_realw_resid,freq,0.2495672792649969,1
Supply_Chain_Location_D,020,tfclean_linear_kairos50m_realw_resid_freqonly,trend,0.16415248700377666,1
Supply_Chain_Location_D,020,tfclean_linear_kairos50m_realw_resid_freqonly,seasonal,0.36943481000818734,1
Supply_Chain_Location_D,020,tfclean_linear_kairos50m_realw_resid_freqonly,freq,0.22926806471897856,1
Supply_Chain_Location_D,020,tfclean_linear_kairos50m_realw_resid_seasonalonly,trend,0.16638907040565604,1
Supply_Chain_Location_D,020,tfclean_linear_kairos50m_realw_resid_seasonalonly,seasonal,0.3311093575597875,1
Supply_Chain_Location_D,020,tfclean_linear_kairos50m_realw_resid_seasonalonly,freq,0.24184273768837058,1
Supply_Chain_Location_D,020,tfclean_linear_kairos50m_realw_resid_trendonly,trend,0.10457941105075542,1
Supply_Chain_Location_D,020,tfclean_linear_kairos50m_realw_resid_trendonly,seasonal,0.3698975344439802,1
Supply_Chain_Location_D,020,tfclean_linear_kairos50m_realw_resid_trendonly,freq,0.23193161990576494,1
Supply_Chain_Location_D,020,tfclean_linear_timesfm2p5_realw_full,trend,0.15239040125395154,1
Supply_Chain_Location_D,020,tfclean_linear_timesfm2p5_realw_full,seasonal,0.3425199532370202,1
Supply_Chain_Location_D,020,tfclean_linear_timesfm2p5_realw_full,freq,0.24725494076056762,1
Supply_Chain_Location_D,020,tfclean_linear_timesfm2p5_realw_full_freqonly,trend,0.12188728858815875,1
Supply_Chain_Location_D,020,tfclean_linear_timesfm2p5_realw_full_freqonly,seasonal,0.34249222876013297,1
Supply_Chain_Location_D,020,tfclean_linear_timesfm2p5_realw_full_freqonly,freq,0.2091136943609536,1
Supply_Chain_Location_D,020,tfclean_linear_timesfm2p5_realw_full_seasonalonly,trend,0.16638907040565604,1
Supply_Chain_Location_D,020,tfclean_linear_timesfm2p5_realw_full_seasonalonly,seasonal,0.3311093575597875,1
Supply_Chain_Location_D,020,tfclean_linear_timesfm2p5_realw_full_seasonalonly,freq,0.24184273768837058,1
Supply_Chain_Location_D,020,tfclean_linear_timesfm2p5_realw_full_trendonly,trend,0.10457941105075542,1
Supply_Chain_Location_D,020,tfclean_linear_timesfm2p5_realw_full_trendonly,seasonal,0.3698975344439802,1
Supply_Chain_Location_D,020,tfclean_linear_timesfm2p5_realw_full_trendonly,freq,0.23193161990576494,1
Supply_Chain_Location_D,020,tfclean_linear_timesfm2p5_realw_resid,trend,0.15023526645171462,1
Supply_Chain_Location_D,020,tfclean_linear_timesfm2p5_realw_resid,seasonal,0.3381246513783584,1
Supply_Chain_Location_D,020,tfclean_linear_timesfm2p5_realw_resid,freq,0.2427871397887887,1
Supply_Chain_Location_D,020,tfclean_linear_timesfm2p5_realw_resid_freqonly,trend,0.16415248700377666,1
Supply_Chain_Location_D,020,tfclean_linear_timesfm2p5_realw_resid_freqonly,seasonal,0.36943481000818734,1
Supply_Chain_Location_D,020,tfclean_linear_timesfm2p5_realw_resid_freqonly,freq,0.22926806471897856,1
Supply_Chain_Location_D,020,tfclean_linear_timesfm2p5_realw_resid_seasonalonly,trend,0.16638907040565604,1
Supply_Chain_Location_D,020,tfclean_linear_timesfm2p5_realw_resid_seasonalonly,seasonal,0.3311093575597875,1
Supply_Chain_Location_D,020,tfclean_linear_timesfm2p5_realw_resid_seasonalonly,freq,0.24184273768837058,1
Supply_Chain_Location_D,020,tfclean_linear_timesfm2p5_realw_resid_trendonly,trend,0.10457941105075542,1
Supply_Chain_Location_D,020,tfclean_linear_timesfm2p5_realw_resid_trendonly,seasonal,0.3698975344439802,1
Supply_Chain_Location_D,020,tfclean_linear_timesfm2p5_realw_resid_trendonly,freq,0.23193161990576494,1
Supply_Chain_Location_D,020,tfclean_saits_chronos2_realw_full,trend,0.14270419114917576,1
Supply_Chain_Location_D,020,tfclean_saits_chronos2_realw_full,seasonal,0.36758028863557113,1
Supply_Chain_Location_D,020,tfclean_saits_chronos2_realw_full,freq,0.23060875469740894,1
Supply_Chain_Location_D,020,tfclean_saits_chronos2_realw_full_freqonly,trend,0.15640992185432614,1
Supply_Chain_Location_D,020,tfclean_saits_chronos2_realw_full_freqonly,seasonal,0.3493282365587446,1
Supply_Chain_Location_D,020,tfclean_saits_chronos2_realw_full_freqonly,freq,0.1918689295506934,1
Supply_Chain_Location_D,020,tfclean_saits_chronos2_realw_full_seasonalonly,trend,0.14485865224404532,1
Supply_Chain_Location_D,020,tfclean_saits_chronos2_realw_full_seasonalonly,seasonal,0.35521791276369086,1
Supply_Chain_Location_D,020,tfclean_saits_chronos2_realw_full_seasonalonly,freq,0.22928154019275712,1
Supply_Chain_Location_D,020,tfclean_saits_chronos2_realw_full_trendonly,trend,0.12594443078344716,1
Supply_Chain_Location_D,020,tfclean_saits_chronos2_realw_full_trendonly,seasonal,0.37604085234069645,1
Supply_Chain_Location_D,020,tfclean_saits_chronos2_realw_full_trendonly,freq,0.22382155654625055,1
Supply_Chain_Location_D,020,tfclean_saits_chronos2_realw_resid,trend,0.14310476704955363,1
Supply_Chain_Location_D,020,tfclean_saits_chronos2_realw_resid,seasonal,0.36668791997712286,1
Supply_Chain_Location_D,020,tfclean_saits_chronos2_realw_resid,freq,0.2244047350673906,1
Supply_Chain_Location_D,020,tfclean_saits_chronos2_realw_resid_freqonly,trend,0.14069363214474007,1
Supply_Chain_Location_D,020,tfclean_saits_chronos2_realw_resid_freqonly,seasonal,0.3751881821060568,1
Supply_Chain_Location_D,020,tfclean_saits_chronos2_realw_resid_freqonly,freq,0.21883172968818596,1
Supply_Chain_Location_D,020,tfclean_saits_chronos2_realw_resid_seasonalonly,trend,0.14485865224404532,1
Supply_Chain_Location_D,020,tfclean_saits_chronos2_realw_resid_seasonalonly,seasonal,0.35521791276369086,1
Supply_Chain_Location_D,020,tfclean_saits_chronos2_realw_resid_seasonalonly,freq,0.22928154019275712,1
Supply_Chain_Location_D,020,tfclean_saits_chronos2_realw_resid_trendonly,trend,0.12594443078344716,1
Supply_Chain_Location_D,020,tfclean_saits_chronos2_realw_resid_trendonly,seasonal,0.37604085234069645,1
Supply_Chain_Location_D,020,tfclean_saits_chronos2_realw_resid_trendonly,freq,0.22382155654625055,1
Supply_Chain_Location_D,020,tfclean_saits_kairos50m_realw_full,trend,0.14239527728561022,1
Supply_Chain_Location_D,020,tfclean_saits_kairos50m_realw_full,seasonal,0.36857094672710555,1
Supply_Chain_Location_D,020,tfclean_saits_kairos50m_realw_full,freq,0.23078709427965027,1
Supply_Chain_Location_D,020,tfclean_saits_kairos50m_realw_full_freqonly,trend,0.15640992185432614,1
Supply_Chain_Location_D,020,tfclean_saits_kairos50m_realw_full_freqonly,seasonal,0.3493282365587446,1
Supply_Chain_Location_D,020,tfclean_saits_kairos50m_realw_full_freqonly,freq,0.1918689295506934,1
Supply_Chain_Location_D,020,tfclean_saits_kairos50m_realw_full_seasonalonly,trend,0.14485865224404532,1
Supply_Chain_Location_D,020,tfclean_saits_kairos50m_realw_full_seasonalonly,seasonal,0.35521791276369086,1
Supply_Chain_Location_D,020,tfclean_saits_kairos50m_realw_full_seasonalonly,freq,0.22928154019275712,1
Supply_Chain_Location_D,020,tfclean_saits_kairos50m_realw_full_trendonly,trend,0.12594443078344716,1
Supply_Chain_Location_D,020,tfclean_saits_kairos50m_realw_full_trendonly,seasonal,0.37604085234069645,1
Supply_Chain_Location_D,020,tfclean_saits_kairos50m_realw_full_trendonly,freq,0.22382155654625055,1
Supply_Chain_Location_D,020,tfclean_saits_kairos50m_realw_resid,trend,0.1427491911081926,1
Supply_Chain_Location_D,020,tfclean_saits_kairos50m_realw_resid,seasonal,0.3680210846002832,1
Supply_Chain_Location_D,020,tfclean_saits_kairos50m_realw_resid,freq,0.22459300021536965,1
Supply_Chain_Location_D,020,tfclean_saits_kairos50m_realw_resid_freqonly,trend,0.14069363214474007,1
Supply_Chain_Location_D,020,tfclean_saits_kairos50m_realw_resid_freqonly,seasonal,0.3751881821060568,1
Supply_Chain_Location_D,020,tfclean_saits_kairos50m_realw_resid_freqonly,freq,0.21883172968818596,1
Supply_Chain_Location_D,020,tfclean_saits_kairos50m_realw_resid_seasonalonly,trend,0.14485865224404532,1
Supply_Chain_Location_D,020,tfclean_saits_kairos50m_realw_resid_seasonalonly,seasonal,0.35521791276369086,1
Supply_Chain_Location_D,020,tfclean_saits_kairos50m_realw_resid_seasonalonly,freq,0.22928154019275712,1
Supply_Chain_Location_D,020,tfclean_saits_kairos50m_realw_resid_trendonly,trend,0.12594443078344716,1
Supply_Chain_Location_D,020,tfclean_saits_kairos50m_realw_resid_trendonly,seasonal,0.37604085234069645,1
Supply_Chain_Location_D,020,tfclean_saits_kairos50m_realw_resid_trendonly,freq,0.22382155654625055,1
Supply_Chain_Location_D,020,tfclean_saits_timesfm2p5_realw_full,trend,0.1388319637967324,1
Supply_Chain_Location_D,020,tfclean_saits_timesfm2p5_realw_full,seasonal,0.36280564822096656,1
Supply_Chain_Location_D,020,tfclean_saits_timesfm2p5_realw_full,freq,0.2297435710381426,1
Supply_Chain_Location_D,020,tfclean_saits_timesfm2p5_realw_full_freqonly,trend,0.15640992185432614,1
Supply_Chain_Location_D,020,tfclean_saits_timesfm2p5_realw_full_freqonly,seasonal,0.3493282365587446,1
Supply_Chain_Location_D,020,tfclean_saits_timesfm2p5_realw_full_freqonly,freq,0.1918689295506934,1
Supply_Chain_Location_D,020,tfclean_saits_timesfm2p5_realw_full_seasonalonly,trend,0.14485865224404532,1
Supply_Chain_Location_D,020,tfclean_saits_timesfm2p5_realw_full_seasonalonly,seasonal,0.35521791276369086,1
Supply_Chain_Location_D,020,tfclean_saits_timesfm2p5_realw_full_seasonalonly,freq,0.22928154019275712,1
Supply_Chain_Location_D,020,tfclean_saits_timesfm2p5_realw_full_trendonly,trend,0.12594443078344716,1
Supply_Chain_Location_D,020,tfclean_saits_timesfm2p5_realw_full_trendonly,seasonal,0.37604085234069645,1
Supply_Chain_Location_D,020,tfclean_saits_timesfm2p5_realw_full_trendonly,freq,0.22382155654625055,1
Supply_Chain_Location_D,020,tfclean_saits_timesfm2p5_realw_resid,trend,0.1389007230180779,1
Supply_Chain_Location_D,020,tfclean_saits_timesfm2p5_realw_resid,seasonal,0.36252539542114764,1
Supply_Chain_Location_D,020,tfclean_saits_timesfm2p5_realw_resid,freq,0.22622658565666232,1
Supply_Chain_Location_D,020,tfclean_saits_timesfm2p5_realw_resid_freqonly,trend,0.14069363214474007,1
Supply_Chain_Location_D,020,tfclean_saits_timesfm2p5_realw_resid_freqonly,seasonal,0.3751881821060568,1
Supply_Chain_Location_D,020,tfclean_saits_timesfm2p5_realw_resid_freqonly,freq,0.21883172968818596,1
Supply_Chain_Location_D,020,tfclean_saits_timesfm2p5_realw_resid_seasonalonly,trend,0.14485865224404532,1
Supply_Chain_Location_D,020,tfclean_saits_timesfm2p5_realw_resid_seasonalonly,seasonal,0.35521791276369086,1
Supply_Chain_Location_D,020,tfclean_saits_timesfm2p5_realw_resid_seasonalonly,freq,0.22928154019275712,1
Supply_Chain_Location_D,020,tfclean_saits_timesfm2p5_realw_resid_trendonly,trend,0.12594443078344716,1
Supply_Chain_Location_D,020,tfclean_saits_timesfm2p5_realw_resid_trendonly,seasonal,0.37604085234069645,1
Supply_Chain_Location_D,020,tfclean_saits_timesfm2p5_realw_resid_trendonly,freq,0.22382155654625055,1
Supply_Chain_Location_D,030,backward,trend,0.25606967960971194,1
Supply_Chain_Location_D,030,backward,seasonal,0.44613025480857366,1
Supply_Chain_Location_D,030,backward,freq,0.371453030259864,1
Supply_Chain_Location_D,030,forward,trend,0.2123610029104954,1
Supply_Chain_Location_D,030,forward,seasonal,0.444102423479514,1
Supply_Chain_Location_D,030,forward,freq,0.323362202512237,1
Supply_Chain_Location_D,030,gp_rbf,trend,0.14873396892515056,1
Supply_Chain_Location_D,030,gp_rbf,seasonal,0.450859215659735,1
Supply_Chain_Location_D,030,gp_rbf,freq,0.311086868834184,1
Supply_Chain_Location_D,030,kalman_arima,trend,0.16301426235912908,1
Supply_Chain_Location_D,030,kalman_arima,seasonal,0.44908615606177893,1
Supply_Chain_Location_D,030,kalman_arima,freq,0.3423358548315791,1
Supply_Chain_Location_D,030,kalman_struct,trend,0.35995209455879545,1
Supply_Chain_Location_D,030,kalman_struct,seasonal,0.448951033996637,1
Supply_Chain_Location_D,030,kalman_struct,freq,0.325959620956565,1
Supply_Chain_Location_D,030,linear,trend,0.20698196337870362,1
Supply_Chain_Location_D,030,linear,seasonal,0.44297405465514694,1
Supply_Chain_Location_D,030,linear,freq,0.34077935054479214,1
Supply_Chain_Location_D,030,mean,trend,0.16707414721976463,1
Supply_Chain_Location_D,030,mean,seasonal,0.4449114458293887,1
Supply_Chain_Location_D,030,mean,freq,0.32164568148788103,1
Supply_Chain_Location_D,030,saits,trend,0.16548318509750634,1
Supply_Chain_Location_D,030,saits,seasonal,0.443564638184057,1
Supply_Chain_Location_D,030,saits,freq,0.32787031042879294,1
Supply_Chain_Location_D,030,tfclean_gp_rbf_chronos2_realw_full,trend,0.1410739181369392,1
Supply_Chain_Location_D,030,tfclean_gp_rbf_chronos2_realw_full,seasonal,0.43378193263205883,1
Supply_Chain_Location_D,030,tfclean_gp_rbf_chronos2_realw_full,freq,0.3119355167694587,1
Supply_Chain_Location_D,030,tfclean_gp_rbf_chronos2_realw_full_freqonly,trend,0.15505370613464833,1
Supply_Chain_Location_D,030,tfclean_gp_rbf_chronos2_realw_full_freqonly,seasonal,0.40486983099400053,1
Supply_Chain_Location_D,030,tfclean_gp_rbf_chronos2_realw_full_freqonly,freq,0.38406133401950815,1
Supply_Chain_Location_D,030,tfclean_gp_rbf_chronos2_realw_full_seasonalonly,trend,0.1357986936483615,1
Supply_Chain_Location_D,030,tfclean_gp_rbf_chronos2_realw_full_seasonalonly,seasonal,0.41725290463547837,1
Supply_Chain_Location_D,030,tfclean_gp_rbf_chronos2_realw_full_seasonalonly,freq,0.3178167830867355,1
Supply_Chain_Location_D,030,tfclean_gp_rbf_chronos2_realw_full_trendonly,trend,0.1396968750530184,1
Supply_Chain_Location_D,030,tfclean_gp_rbf_chronos2_realw_full_trendonly,seasonal,0.4509043546177906,1
Supply_Chain_Location_D,030,tfclean_gp_rbf_chronos2_realw_full_trendonly,freq,0.3133170973256742,1
Supply_Chain_Location_D,030,tfclean_gp_rbf_chronos2_realw_resid,trend,0.14051710129775719,1
Supply_Chain_Location_D,030,tfclean_gp_rbf_chronos2_realw_resid,seasonal,0.4308223046321317,1
Supply_Chain_Location_D,030,tfclean_gp_rbf_chronos2_realw_resid,freq,0.31269018432764206,1
Supply_Chain_Location_D,030,tfclean_gp_rbf_chronos2_realw_resid_freqonly,trend,0.14825361353464966,1
Supply_Chain_Location_D,030,tfclean_gp_rbf_chronos2_realw_resid_freqonly,seasonal,0.4493821279677734,1
Supply_Chain_Location_D,030,tfclean_gp_rbf_chronos2_realw_resid_freqonly,freq,0.31586224682570035,1
Supply_Chain_Location_D,030,tfclean_gp_rbf_chronos2_realw_resid_seasonalonly,trend,0.1357986936483615,1
Supply_Chain_Location_D,030,tfclean_gp_rbf_chronos2_realw_resid_seasonalonly,seasonal,0.41725290463547837,1
Supply_Chain_Location_D,030,tfclean_gp_rbf_chronos2_realw_resid_seasonalonly,freq,0.3178167830867355,1
Supply_Chain_Location_D,030,tfclean_gp_rbf_chronos2_realw_resid_trendonly,trend,0.1396968750530184,1
Supply_Chain_Location_D,030,tfclean_gp_rbf_chronos2_realw_resid_trendonly,seasonal,0.4509043546177906,1
Supply_Chain_Location_D,030,tfclean_gp_rbf_chronos2_realw_resid_trendonly,freq,0.3133170973256742,1
Supply_Chain_Location_D,030,tfclean_gp_rbf_kairos50m_realw_full,trend,0.14217772791502423,1
Supply_Chain_Location_D,030,tfclean_gp_rbf_kairos50m_realw_full,seasonal,0.43600524271192315,1
Supply_Chain_Location_D,030,tfclean_gp_rbf_kairos50m_realw_full,freq,0.31274975355761186,1
Supply_Chain_Location_D,030,tfclean_gp_rbf_kairos50m_realw_full_freqonly,trend,0.15505370613464833,1
Supply_Chain_Location_D,030,tfclean_gp_rbf_kairos50m_realw_full_freqonly,seasonal,0.40486983099400053,1
Supply_Chain_Location_D,030,tfclean_gp_rbf_kairos50m_realw_full_freqonly,freq,0.38406133401950815,1
Supply_Chain_Location_D,030,tfclean_gp_rbf_kairos50m_realw_full_seasonalonly,trend,0.1357986936483615,1
Supply_Chain_Location_D,030,tfclean_gp_rbf_kairos50m_realw_full_seasonalonly,seasonal,0.41725290463547837,1
Supply_Chain_Location_D,030,tfclean_gp_rbf_kairos50m_realw_full_seasonalonly,freq,0.3178167830867355,1
Supply_Chain_Location_D,030,tfclean_gp_rbf_kairos50m_realw_full_trendonly,trend,0.1396968750530184,1
Supply_Chain_Location_D,030,tfclean_gp_rbf_kairos50m_realw_full_trendonly,seasonal,0.4509043546177906,1
Supply_Chain_Location_D,030,tfclean_gp_rbf_kairos50m_realw_full_trendonly,freq,0.3133170973256742,1
Supply_Chain_Location_D,030,tfclean_gp_rbf_kairos50m_realw_resid,trend,0.14126691110634887,1
Supply_Chain_Location_D,030,tfclean_gp_rbf_kairos50m_realw_resid,seasonal,0.43336402413120056,1
Supply_Chain_Location_D,030,tfclean_gp_rbf_kairos50m_realw_resid,freq,0.31251643347047847,1
Supply_Chain_Location_D,030,tfclean_gp_rbf_kairos50m_realw_resid_freqonly,trend,0.14825361353464966,1
Supply_Chain_Location_D,030,tfclean_gp_rbf_kairos50m_realw_resid_freqonly,seasonal,0.4493821279677734,1
Supply_Chain_Location_D,030,tfclean_gp_rbf_kairos50m_realw_resid_freqonly,freq,0.31586224682570035,1
Supply_Chain_Location_D,030,tfclean_gp_rbf_kairos50m_realw_resid_seasonalonly,trend,0.1357986936483615,1
Supply_Chain_Location_D,030,tfclean_gp_rbf_kairos50m_realw_resid_seasonalonly,seasonal,0.41725290463547837,1
Supply_Chain_Location_D,030,tfclean_gp_rbf_kairos50m_realw_resid_seasonalonly,freq,0.3178167830867355,1
Supply_Chain_Location_D,030,tfclean_gp_rbf_kairos50m_realw_resid_trendonly,trend,0.1396968750530184,1
Supply_Chain_Location_D,030,tfclean_gp_rbf_kairos50m_realw_resid_trendonly,seasonal,0.4509043546177906,1
Supply_Chain_Location_D,030,tfclean_gp_rbf_kairos50m_realw_resid_trendonly,freq,0.3133170973256742,1
Supply_Chain_Location_D,030,tfclean_gp_rbf_timesfm2p5_realw_full,trend,0.13550137194901904,1
Supply_Chain_Location_D,030,tfclean_gp_rbf_timesfm2p5_realw_full,seasonal,0.42991791666562007,1
Supply_Chain_Location_D,030,tfclean_gp_rbf_timesfm2p5_realw_full,freq,0.31169934353481865,1
Supply_Chain_Location_D,030,tfclean_gp_rbf_timesfm2p5_realw_full_freqonly,trend,0.15505370613464833,1
Supply_Chain_Location_D,030,tfclean_gp_rbf_timesfm2p5_realw_full_freqonly,seasonal,0.40486983099400053,1
Supply_Chain_Location_D,030,tfclean_gp_rbf_timesfm2p5_realw_full_freqonly,freq,0.38406133401950815,1
Supply_Chain_Location_D,030,tfclean_gp_rbf_timesfm2p5_realw_full_seasonalonly,trend,0.1357986936483615,1
Supply_Chain_Location_D,030,tfclean_gp_rbf_timesfm2p5_realw_full_seasonalonly,seasonal,0.41725290463547837,1
Supply_Chain_Location_D,030,tfclean_gp_rbf_timesfm2p5_realw_full_seasonalonly,freq,0.3178167830867355,1
Supply_Chain_Location_D,030,tfclean_gp_rbf_timesfm2p5_realw_full_trendonly,trend,0.1396968750530184,1
Supply_Chain_Location_D,030,tfclean_gp_rbf_timesfm2p5_realw_full_trendonly,seasonal,0.4509043546177906,1
Supply_Chain_Location_D,030,tfclean_gp_rbf_timesfm2p5_realw_full_trendonly,freq,0.3133170973256742,1
Supply_Chain_Location_D,030,tfclean_gp_rbf_timesfm2p5_realw_resid,trend,0.13397834571723688,1
Supply_Chain_Location_D,030,tfclean_gp_rbf_timesfm2p5_realw_resid,seasonal,0.42602814529747146,1
Supply_Chain_Location_D,030,tfclean_gp_rbf_timesfm2p5_realw_resid,freq,0.3125964104638575,1
Supply_Chain_Location_D,030,tfclean_gp_rbf_timesfm2p5_realw_resid_freqonly,trend,0.14825361353464966,1
Supply_Chain_Location_D,030,tfclean_gp_rbf_timesfm2p5_realw_resid_freqonly,seasonal,0.4493821279677734,1
Supply_Chain_Location_D,030,tfclean_gp_rbf_timesfm2p5_realw_resid_freqonly,freq,0.31586224682570035,1
Supply_Chain_Location_D,030,tfclean_gp_rbf_timesfm2p5_realw_resid_seasonalonly,trend,0.1357986936483615,1
Supply_Chain_Location_D,030,tfclean_gp_rbf_timesfm2p5_realw_resid_seasonalonly,seasonal,0.41725290463547837,1
Supply_Chain_Location_D,030,tfclean_gp_rbf_timesfm2p5_realw_resid_seasonalonly,freq,0.3178167830867355,1
Supply_Chain_Location_D,030,tfclean_gp_rbf_timesfm2p5_realw_resid_trendonly,trend,0.1396968750530184,1
Supply_Chain_Location_D,030,tfclean_gp_rbf_timesfm2p5_realw_resid_trendonly,seasonal,0.4509043546177906,1
Supply_Chain_Location_D,030,tfclean_gp_rbf_timesfm2p5_realw_resid_trendonly,freq,0.3133170973256742,1
Supply_Chain_Location_D,030,tfclean_linear_chronos2_realw_full,trend,0.2129859640060071,1
Supply_Chain_Location_D,030,tfclean_linear_chronos2_realw_full,seasonal,0.42830127457609657,1
Supply_Chain_Location_D,030,tfclean_linear_chronos2_realw_full,freq,0.3408349734617303,1
Supply_Chain_Location_D,030,tfclean_linear_chronos2_realw_full_freqonly,trend,0.20344227441826598,1
Supply_Chain_Location_D,030,tfclean_linear_chronos2_realw_full_freqonly,seasonal,0.3961363503411842,1
Supply_Chain_Location_D,030,tfclean_linear_chronos2_realw_full_freqonly,freq,0.3934404309803603,1
Supply_Chain_Location_D,030,tfclean_linear_chronos2_realw_full_seasonalonly,trend,0.2183742080547017,1
Supply_Chain_Location_D,030,tfclean_linear_chronos2_realw_full_seasonalonly,seasonal,0.4133297683354846,1
Supply_Chain_Location_D,030,tfclean_linear_chronos2_realw_full_seasonalonly,freq,0.34333309775162557,1
Supply_Chain_Location_D,030,tfclean_linear_chronos2_realw_full_trendonly,trend,0.17714313848349417,1
Supply_Chain_Location_D,030,tfclean_linear_chronos2_realw_full_trendonly,seasonal,0.4420330444210428,1
Supply_Chain_Location_D,030,tfclean_linear_chronos2_realw_full_trendonly,freq,0.3392931630057891,1
Supply_Chain_Location_D,030,tfclean_linear_chronos2_realw_resid,trend,0.2140896798317532,1
Supply_Chain_Location_D,030,tfclean_linear_chronos2_realw_resid,seasonal,0.42707198098584753,1
Supply_Chain_Location_D,030,tfclean_linear_chronos2_realw_resid,freq,0.34223556797855886,1
Supply_Chain_Location_D,030,tfclean_linear_chronos2_realw_resid_freqonly,trend,0.20946377324389842,1
Supply_Chain_Location_D,030,tfclean_linear_chronos2_realw_resid_freqonly,seasonal,0.4464582823459135,1
Supply_Chain_Location_D,030,tfclean_linear_chronos2_realw_resid_freqonly,freq,0.3478367040682016,1
Supply_Chain_Location_D,030,tfclean_linear_chronos2_realw_resid_seasonalonly,trend,0.2183742080547017,1
Supply_Chain_Location_D,030,tfclean_linear_chronos2_realw_resid_seasonalonly,seasonal,0.4133297683354846,1
Supply_Chain_Location_D,030,tfclean_linear_chronos2_realw_resid_seasonalonly,freq,0.34333309775162557,1
Supply_Chain_Location_D,030,tfclean_linear_chronos2_realw_resid_trendonly,trend,0.17714313848349417,1
Supply_Chain_Location_D,030,tfclean_linear_chronos2_realw_resid_trendonly,seasonal,0.4420330444210428,1
Supply_Chain_Location_D,030,tfclean_linear_chronos2_realw_resid_trendonly,freq,0.3392931630057891,1
Supply_Chain_Location_D,030,tfclean_linear_kairos50m_realw_full,trend,0.2124824746185619,1
Supply_Chain_Location_D,030,tfclean_linear_kairos50m_realw_full,seasonal,0.4301801361320058,1
Supply_Chain_Location_D,030,tfclean_linear_kairos50m_realw_full,freq,0.3396453530346697,1
Supply_Chain_Location_D,030,tfclean_linear_kairos50m_realw_full_freqonly,trend,0.20344227441826598,1
Supply_Chain_Location_D,030,tfclean_linear_kairos50m_realw_full_freqonly,seasonal,0.3961363503411842,1
Supply_Chain_Location_D,030,tfclean_linear_kairos50m_realw_full_freqonly,freq,0.3934404309803603,1
Supply_Chain_Location_D,030,tfclean_linear_kairos50m_realw_full_seasonalonly,trend,0.2183742080547017,1
Supply_Chain_Location_D,030,tfclean_linear_kairos50m_realw_full_seasonalonly,seasonal,0.4133297683354846,1
Supply_Chain_Location_D,030,tfclean_linear_kairos50m_realw_full_seasonalonly,freq,0.34333309775162557,1
Supply_Chain_Location_D,030,tfclean_linear_kairos50m_realw_full_trendonly,trend,0.17714313848349417,1
Supply_Chain_Location_D,030,tfclean_linear_kairos50m_realw_full_trendonly,seasonal,0.4420330444210428,1
Supply_Chain_Location_D,030,tfclean_linear_kairos50m_realw_full_trendonly,freq,0.3392931630057891,1
Supply_Chain_Location_D,030,tfclean_linear_kairos50m_realw_resid,trend,0.2132717066129165,1
Supply_Chain_Location_D,030,tfclean_linear_kairos50m_realw_resid,seasonal,0.42933225957759835,1
Supply_Chain_Location_D,030,tfclean_linear_kairos50m_realw_resid,freq,0.34244245135864737,1
Supply_Chain_Location_D,030,tfclean_linear_kairos50m_realw_resid_freqonly,trend,0.20946377324389842,1
Supply_Chain_Location_D,030,tfclean_linear_kairos50m_realw_resid_freqonly,seasonal,0.4464582823459135,1
Supply_Chain_Location_D,030,tfclean_linear_kairos50m_realw_resid_freqonly,freq,0.3478367040682016,1
Supply_Chain_Location_D,030,tfclean_linear_kairos50m_realw_resid_seasonalonly,trend,0.2183742080547017,1
Supply_Chain_Location_D,030,tfclean_linear_kairos50m_realw_resid_seasonalonly,seasonal,0.4133297683354846,1
Supply_Chain_Location_D,030,tfclean_linear_kairos50m_realw_resid_seasonalonly,freq,0.34333309775162557,1
Supply_Chain_Location_D,030,tfclean_linear_kairos50m_realw_resid_trendonly,trend,0.17714313848349417,1
Supply_Chain_Location_D,030,tfclean_linear_kairos50m_realw_resid_trendonly,seasonal,0.4420330444210428,1
Supply_Chain_Location_D,030,tfclean_linear_kairos50m_realw_resid_trendonly,freq,0.3392931630057891,1
Supply_Chain_Location_D,030,tfclean_linear_timesfm2p5_realw_full,trend,0.20648781635889546,1
Supply_Chain_Location_D,030,tfclean_linear_timesfm2p5_realw_full,seasonal,0.42498693238843516,1
Supply_Chain_Location_D,030,tfclean_linear_timesfm2p5_realw_full,freq,0.3403871281938852,1
Supply_Chain_Location_D,030,tfclean_linear_timesfm2p5_realw_full_freqonly,trend,0.20344227441826598,1
Supply_Chain_Location_D,030,tfclean_linear_timesfm2p5_realw_full_freqonly,seasonal,0.3961363503411842,1
Supply_Chain_Location_D,030,tfclean_linear_timesfm2p5_realw_full_freqonly,freq,0.3934404309803603,1
Supply_Chain_Location_D,030,tfclean_linear_timesfm2p5_realw_full_seasonalonly,trend,0.2183742080547017,1
Supply_Chain_Location_D,030,tfclean_linear_timesfm2p5_realw_full_seasonalonly,seasonal,0.4133297683354846,1
Supply_Chain_Location_D,030,tfclean_linear_timesfm2p5_realw_full_seasonalonly,freq,0.34333309775162557,1
Supply_Chain_Location_D,030,tfclean_linear_timesfm2p5_realw_full_trendonly,trend,0.17714313848349417,1
Supply_Chain_Location_D,030,tfclean_linear_timesfm2p5_realw_full_trendonly,seasonal,0.4420330444210428,1
Supply_Chain_Location_D,030,tfclean_linear_timesfm2p5_realw_full_trendonly,freq,0.3392931630057891,1
Supply_Chain_Location_D,030,tfclean_linear_timesfm2p5_realw_resid,trend,0.20629572844856062,1
Supply_Chain_Location_D,030,tfclean_linear_timesfm2p5_realw_resid,seasonal,0.42184816987872653,1
Supply_Chain_Location_D,030,tfclean_linear_timesfm2p5_realw_resid,freq,0.3412258566403509,1
Supply_Chain_Location_D,030,tfclean_linear_timesfm2p5_realw_resid_freqonly,trend,0.20946377324389842,1
Supply_Chain_Location_D,030,tfclean_linear_timesfm2p5_realw_resid_freqonly,seasonal,0.4464582823459135,1
Supply_Chain_Location_D,030,tfclean_linear_timesfm2p5_realw_resid_freqonly,freq,0.3478367040682016,1
Supply_Chain_Location_D,030,tfclean_linear_timesfm2p5_realw_resid_seasonalonly,trend,0.2183742080547017,1
Supply_Chain_Location_D,030,tfclean_linear_timesfm2p5_realw_resid_seasonalonly,seasonal,0.4133297683354846,1
Supply_Chain_Location_D,030,tfclean_linear_timesfm2p5_realw_resid_seasonalonly,freq,0.34333309775162557,1
Supply_Chain_Location_D,030,tfclean_linear_timesfm2p5_realw_resid_trendonly,trend,0.17714313848349417,1
Supply_Chain_Location_D,030,tfclean_linear_timesfm2p5_realw_resid_trendonly,seasonal,0.4420330444210428,1
Supply_Chain_Location_D,030,tfclean_linear_timesfm2p5_realw_resid_trendonly,freq,0.3392931630057891,1
Supply_Chain_Location_D,030,tfclean_saits_chronos2_realw_full,trend,0.1695949126058131,1
Supply_Chain_Location_D,030,tfclean_saits_chronos2_realw_full,seasonal,0.43314345278087935,1
Supply_Chain_Location_D,030,tfclean_saits_chronos2_realw_full,freq,0.3286458159582835,1
Supply_Chain_Location_D,030,tfclean_saits_chronos2_realw_full_freqonly,trend,0.19347812769250686,1
Supply_Chain_Location_D,030,tfclean_saits_chronos2_realw_full_freqonly,seasonal,0.4090799879923176,1
Supply_Chain_Location_D,030,tfclean_saits_chronos2_realw_full_freqonly,freq,0.38569668155163994,1
Supply_Chain_Location_D,030,tfclean_saits_chronos2_realw_full_seasonalonly,trend,0.1725979679640341,1
Supply_Chain_Location_D,030,tfclean_saits_chronos2_realw_full_seasonalonly,seasonal,0.42315599051742925,1
Supply_Chain_Location_D,030,tfclean_saits_chronos2_realw_full_seasonalonly,freq,0.32950921578514303,1
Supply_Chain_Location_D,030,tfclean_saits_chronos2_realw_full_trendonly,trend,0.15899095632033386,1
Supply_Chain_Location_D,030,tfclean_saits_chronos2_realw_full_trendonly,seasonal,0.4436928173697625,1
Supply_Chain_Location_D,030,tfclean_saits_chronos2_realw_full_trendonly,freq,0.3242114156503887,1
Supply_Chain_Location_D,030,tfclean_saits_chronos2_realw_resid,trend,0.170530002098543,1
Supply_Chain_Location_D,030,tfclean_saits_chronos2_realw_resid,seasonal,0.4324696456964354,1
Supply_Chain_Location_D,030,tfclean_saits_chronos2_realw_resid,freq,0.3308285799082594,1
Supply_Chain_Location_D,030,tfclean_saits_chronos2_realw_resid_freqonly,trend,0.16780828291647137,1
Supply_Chain_Location_D,030,tfclean_saits_chronos2_realw_resid_freqonly,seasonal,0.44594119649270686,1
Supply_Chain_Location_D,030,tfclean_saits_chronos2_realw_resid_freqonly,freq,0.337431547208585,1
Supply_Chain_Location_D,030,tfclean_saits_chronos2_realw_resid_seasonalonly,trend,0.1725979679640341,1
Supply_Chain_Location_D,030,tfclean_saits_chronos2_realw_resid_seasonalonly,seasonal,0.42315599051742925,1
Supply_Chain_Location_D,030,tfclean_saits_chronos2_realw_resid_seasonalonly,freq,0.32950921578514303,1
Supply_Chain_Location_D,030,tfclean_saits_chronos2_realw_resid_trendonly,trend,0.15899095632033386,1
Supply_Chain_Location_D,030,tfclean_saits_chronos2_realw_resid_trendonly,seasonal,0.4436928173697625,1
Supply_Chain_Location_D,030,tfclean_saits_chronos2_realw_resid_trendonly,freq,0.3242114156503887,1
Supply_Chain_Location_D,030,tfclean_saits_kairos50m_realw_full,trend,0.16916666709387534,1
Supply_Chain_Location_D,030,tfclean_saits_kairos50m_realw_full,seasonal,0.434416211002628,1
Supply_Chain_Location_D,030,tfclean_saits_kairos50m_realw_full,freq,0.32848342234411376,1
Supply_Chain_Location_D,030,tfclean_saits_kairos50m_realw_full_freqonly,trend,0.19347812769250686,1
Supply_Chain_Location_D,030,tfclean_saits_kairos50m_realw_full_freqonly,seasonal,0.4090799879923176,1
Supply_Chain_Location_D,030,tfclean_saits_kairos50m_realw_full_freqonly,freq,0.38569668155163994,1
Supply_Chain_Location_D,030,tfclean_saits_kairos50m_realw_full_seasonalonly,trend,0.1725979679640341,1
Supply_Chain_Location_D,030,tfclean_saits_kairos50m_realw_full_seasonalonly,seasonal,0.42315599051742925,1
Supply_Chain_Location_D,030,tfclean_saits_kairos50m_realw_full_seasonalonly,freq,0.32950921578514303,1
Supply_Chain_Location_D,030,tfclean_saits_kairos50m_realw_full_trendonly,trend,0.15899095632033386,1
Supply_Chain_Location_D,030,tfclean_saits_kairos50m_realw_full_trendonly,seasonal,0.4436928173697625,1
Supply_Chain_Location_D,030,tfclean_saits_kairos50m_realw_full_trendonly,freq,0.3242114156503887,1
Supply_Chain_Location_D,030,tfclean_saits_kairos50m_realw_resid,trend,0.17013479619261185,1
Supply_Chain_Location_D,030,tfclean_saits_kairos50m_realw_resid,seasonal,0.4339868445584707,1
Supply_Chain_Location_D,030,tfclean_saits_kairos50m_realw_resid,freq,0.330865450453827,1
Supply_Chain_Location_D,030,tfclean_saits_kairos50m_realw_resid_freqonly,trend,0.16780828291647137,1
Supply_Chain_Location_D,030,tfclean_saits_kairos50m_realw_resid_freqonly,seasonal,0.44594119649270686,1
Supply_Chain_Location_D,030,tfclean_saits_kairos50m_realw_resid_freqonly,freq,0.337431547208585,1
Supply_Chain_Location_D,030,tfclean_saits_kairos50m_realw_resid_seasonalonly,trend,0.1725979679640341,1
Supply_Chain_Location_D,030,tfclean_saits_kairos50m_realw_resid_seasonalonly,seasonal,0.42315599051742925,1
Supply_Chain_Location_D,030,tfclean_saits_kairos50m_realw_resid_seasonalonly,freq,0.32950921578514303,1
Supply_Chain_Location_D,030,tfclean_saits_kairos50m_realw_resid_trendonly,trend,0.15899095632033386,1
Supply_Chain_Location_D,030,tfclean_saits_kairos50m_realw_resid_trendonly,seasonal,0.4436928173697625,1
Supply_Chain_Location_D,030,tfclean_saits_kairos50m_realw_resid_trendonly,freq,0.3242114156503887,1
Supply_Chain_Location_D,030,tfclean_saits_timesfm2p5_realw_full,trend,0.16802258263811357,1
Supply_Chain_Location_D,030,tfclean_saits_timesfm2p5_realw_full,seasonal,0.43093194636949084,1
Supply_Chain_Location_D,030,tfclean_saits_timesfm2p5_realw_full,freq,0.3280607219633684,1
Supply_Chain_Location_D,030,tfclean_saits_timesfm2p5_realw_full_freqonly,trend,0.19347812769250686,1
Supply_Chain_Location_D,030,tfclean_saits_timesfm2p5_realw_full_freqonly,seasonal,0.4090799879923176,1
Supply_Chain_Location_D,030,tfclean_saits_timesfm2p5_realw_full_freqonly,freq,0.38569668155163994,1
Supply_Chain_Location_D,030,tfclean_saits_timesfm2p5_realw_full_seasonalonly,trend,0.1725979679640341,1
Supply_Chain_Location_D,030,tfclean_saits_timesfm2p5_realw_full_seasonalonly,seasonal,0.42315599051742925,1
Supply_Chain_Location_D,030,tfclean_saits_timesfm2p5_realw_full_seasonalonly,freq,0.32950921578514303,1
Supply_Chain_Location_D,030,tfclean_saits_timesfm2p5_realw_full_trendonly,trend,0.15899095632033386,1
Supply_Chain_Location_D,030,tfclean_saits_timesfm2p5_realw_full_trendonly,seasonal,0.4436928173697625,1
Supply_Chain_Location_D,030,tfclean_saits_timesfm2p5_realw_full_trendonly,freq,0.3242114156503887,1
Supply_Chain_Location_D,030,tfclean_saits_timesfm2p5_realw_resid,trend,0.16837829064301707,1
Supply_Chain_Location_D,030,tfclean_saits_timesfm2p5_realw_resid,seasonal,0.428837284099664,1
Supply_Chain_Location_D,030,tfclean_saits_timesfm2p5_realw_resid,freq,0.3286855618388,1
Supply_Chain_Location_D,030,tfclean_saits_timesfm2p5_realw_resid_freqonly,trend,0.16780828291647137,1
Supply_Chain_Location_D,030,tfclean_saits_timesfm2p5_realw_resid_freqonly,seasonal,0.44594119649270686,1
Supply_Chain_Location_D,030,tfclean_saits_timesfm2p5_realw_resid_freqonly,freq,0.337431547208585,1
Supply_Chain_Location_D,030,tfclean_saits_timesfm2p5_realw_resid_seasonalonly,trend,0.1725979679640341,1
Supply_Chain_Location_D,030,tfclean_saits_timesfm2p5_realw_resid_seasonalonly,seasonal,0.42315599051742925,1
Supply_Chain_Location_D,030,tfclean_saits_timesfm2p5_realw_resid_seasonalonly,freq,0.32950921578514303,1
Supply_Chain_Location_D,030,tfclean_saits_timesfm2p5_realw_resid_trendonly,trend,0.15899095632033386,1
Supply_Chain_Location_D,030,tfclean_saits_timesfm2p5_realw_resid_trendonly,seasonal,0.4436928173697625,1
Supply_Chain_Location_D,030,tfclean_saits_timesfm2p5_realw_resid_trendonly,freq,0.3242114156503887,1
weather,010,backward,trend,0.006870901642640392,1
weather,010,backward,seasonal,0.2793324884635499,1
weather,010,backward,freq,0.007819851107352331,1
weather,010,forward,trend,0.0084623675532942,1
weather,010,forward,seasonal,0.32360837197425085,1
weather,010,forward,freq,0.01681993512625559,1
weather,010,gp_rbf,trend,0.008612350938333643,1
weather,010,gp_rbf,seasonal,0.4900886271626057,1
weather,010,gp_rbf,freq,0.029922904369851948,1
weather,010,kalman_arima,trend,0.3027545222137076,1
weather,010,kalman_arima,seasonal,11.896348267440585,1
weather,010,kalman_arima,freq,0.3415070484626874,1
weather,010,kalman_struct,trend,0.007399983123571125,1
weather,010,kalman_struct,seasonal,0.2720884397217193,1
weather,010,kalman_struct,freq,0.011608245970885113,1
weather,010,linear,trend,0.007538813252064458,1
weather,010,linear,seasonal,0.2634722637725208,1
weather,010,linear,freq,0.00872429604411724,1
weather,010,mean,trend,0.00969865538235862,1
weather,010,mean,seasonal,0.3536288547657846,1
weather,010,mean,freq,0.014927645381585544,1
weather,010,saits,trend,0.4235341005519015,1
weather,010,saits,seasonal,6.345638283233678,1
weather,010,saits,freq,0.535224305717483,1
weather,010,tfclean_gp_rbf_chronos2_realw_full,trend,0.012562826225584862,1
weather,010,tfclean_gp_rbf_chronos2_realw_full,seasonal,0.515659976498932,1
weather,010,tfclean_gp_rbf_chronos2_realw_full,freq,0.033501853778709845,1
weather,010,tfclean_gp_rbf_chronos2_realw_full_freqonly,trend,0.01663882547650369,1
weather,010,tfclean_gp_rbf_chronos2_realw_full_freqonly,seasonal,0.5971770351280646,1
weather,010,tfclean_gp_rbf_chronos2_realw_full_freqonly,freq,0.03476092509345272,1
weather,010,tfclean_gp_rbf_chronos2_realw_full_seasonalonly,trend,0.008462209184975146,1
weather,010,tfclean_gp_rbf_chronos2_realw_full_seasonalonly,seasonal,0.42944811230518254,1
weather,010,tfclean_gp_rbf_chronos2_realw_full_seasonalonly,freq,0.030603367381449365,1
weather,010,tfclean_gp_rbf_chronos2_realw_full_trendonly,trend,0.008604455957998764,1
weather,010,tfclean_gp_rbf_chronos2_realw_full_trendonly,seasonal,0.4908915053452671,1
weather,010,tfclean_gp_rbf_chronos2_realw_full_trendonly,freq,0.029918032515983854,1
weather,010,tfclean_gp_rbf_chronos2_realw_resid,trend,0.00886028879574335,1
weather,010,tfclean_gp_rbf_chronos2_realw_resid,seasonal,0.396933543044159,1
weather,010,tfclean_gp_rbf_chronos2_realw_resid,freq,0.01641401830589567,1
weather,010,tfclean_gp_rbf_chronos2_realw_resid_freqonly,trend,0.42429057790250846,1
weather,010,tfclean_gp_rbf_chronos2_realw_resid_freqonly,seasonal,11.372501344665153,1
weather,010,tfclean_gp_rbf_chronos2_realw_resid_freqonly,freq,0.5716975952663443,1
weather,010,tfclean_gp_rbf_chronos2_realw_resid_seasonalonly,trend,0.008462209184975146,1
weather,010,tfclean_gp_rbf_chronos2_realw_resid_seasonalonly,seasonal,0.42944811230518254,1
weather,010,tfclean_gp_rbf_chronos2_realw_resid_seasonalonly,freq,0.030603367381449365,1
weather,010,tfclean_gp_rbf_chronos2_realw_resid_trendonly,trend,0.008604455957998764,1
weather,010,tfclean_gp_rbf_chronos2_realw_resid_trendonly,seasonal,0.4908915053452671,1
weather,010,tfclean_gp_rbf_chronos2_realw_resid_trendonly,freq,0.029918032515983854,1
weather,010,tfclean_gp_rbf_kairos50m_realw_full,trend,0.010239211356771749,1
weather,010,tfclean_gp_rbf_kairos50m_realw_full,seasonal,0.5823691474880165,1
weather,010,tfclean_gp_rbf_kairos50m_realw_full,freq,0.02592518843505349,1
weather,010,tfclean_gp_rbf_kairos50m_realw_full_freqonly,trend,0.01663882547650369,1
weather,010,tfclean_gp_rbf_kairos50m_realw_full_freqonly,seasonal,0.5971770351280646,1
weather,010,tfclean_gp_rbf_kairos50m_realw_full_freqonly,freq,0.03476092509345272,1
weather,010,tfclean_gp_rbf_kairos50m_realw_full_seasonalonly,trend,0.008462209184975146,1
weather,010,tfclean_gp_rbf_kairos50m_realw_full_seasonalonly,seasonal,0.42944811230518254,1
weather,010,tfclean_gp_rbf_kairos50m_realw_full_seasonalonly,freq,0.030603367381449365,1
weather,010,tfclean_gp_rbf_kairos50m_realw_full_trendonly,trend,0.008604455957998764,1
weather,010,tfclean_gp_rbf_kairos50m_realw_full_trendonly,seasonal,0.4908915053452671,1
weather,010,tfclean_gp_rbf_kairos50m_realw_full_trendonly,freq,0.029918032515983854,1
weather,010,tfclean_gp_rbf_kairos50m_realw_resid,trend,0.3159080016253036,1
weather,010,tfclean_gp_rbf_kairos50m_realw_resid,seasonal,15.926743265483136,1
weather,010,tfclean_gp_rbf_kairos50m_realw_resid,freq,0.712457261005951,1
weather,010,tfclean_gp_rbf_kairos50m_realw_resid_freqonly,trend,0.42429057790250846,1
weather,010,tfclean_gp_rbf_kairos50m_realw_resid_freqonly,seasonal,11.372501344665153,1
weather,010,tfclean_gp_rbf_kairos50m_realw_resid_freqonly,freq,0.5716975952663443,1
weather,010,tfclean_gp_rbf_kairos50m_realw_resid_seasonalonly,trend,0.008462209184975146,1
weather,010,tfclean_gp_rbf_kairos50m_realw_resid_seasonalonly,seasonal,0.42944811230518254,1
weather,010,tfclean_gp_rbf_kairos50m_realw_resid_seasonalonly,freq,0.030603367381449365,1
weather,010,tfclean_gp_rbf_kairos50m_realw_resid_trendonly,trend,0.008604455957998764,1
weather,010,tfclean_gp_rbf_kairos50m_realw_resid_trendonly,seasonal,0.4908915053452671,1
weather,010,tfclean_gp_rbf_kairos50m_realw_resid_trendonly,freq,0.029918032515983854,1
weather,010,tfclean_gp_rbf_timesfm2p5_realw_full,trend,0.010003537847729116,1
weather,010,tfclean_gp_rbf_timesfm2p5_realw_full,seasonal,0.44022316084427643,1
weather,010,tfclean_gp_rbf_timesfm2p5_realw_full,freq,0.02727523511021229,1
weather,010,tfclean_gp_rbf_timesfm2p5_realw_full_freqonly,trend,0.01663882547650369,1
weather,010,tfclean_gp_rbf_timesfm2p5_realw_full_freqonly,seasonal,0.5971770351280646,1
weather,010,tfclean_gp_rbf_timesfm2p5_realw_full_freqonly,freq,0.03476092509345272,1
weather,010,tfclean_gp_rbf_timesfm2p5_realw_full_seasonalonly,trend,0.008462209184975146,1
weather,010,tfclean_gp_rbf_timesfm2p5_realw_full_seasonalonly,seasonal,0.42944811230518254,1
weather,010,tfclean_gp_rbf_timesfm2p5_realw_full_seasonalonly,freq,0.030603367381449365,1
weather,010,tfclean_gp_rbf_timesfm2p5_realw_full_trendonly,trend,0.008604455957998764,1
weather,010,tfclean_gp_rbf_timesfm2p5_realw_full_trendonly,seasonal,0.4908915053452671,1
weather,010,tfclean_gp_rbf_timesfm2p5_realw_full_trendonly,freq,0.029918032515983854,1
weather,010,tfclean_gp_rbf_timesfm2p5_realw_resid,trend,0.008237390960424593,1
weather,010,tfclean_gp_rbf_timesfm2p5_realw_resid,seasonal,0.4201492426434121,1
weather,010,tfclean_gp_rbf_timesfm2p5_realw_resid,freq,0.025817973588070534,1
weather,010,tfclean_gp_rbf_timesfm2p5_realw_resid_freqonly,trend,0.42429057790250846,1
weather,010,tfclean_gp_rbf_timesfm2p5_realw_resid_freqonly,seasonal,11.372501344665153,1
weather,010,tfclean_gp_rbf_timesfm2p5_realw_resid_freqonly,freq,0.5716975952663443,1
weather,010,tfclean_gp_rbf_timesfm2p5_realw_resid_seasonalonly,trend,0.008462209184975146,1
weather,010,tfclean_gp_rbf_timesfm2p5_realw_resid_seasonalonly,seasonal,0.42944811230518254,1
weather,010,tfclean_gp_rbf_timesfm2p5_realw_resid_seasonalonly,freq,0.030603367381449365,1
weather,010,tfclean_gp_rbf_timesfm2p5_realw_resid_trendonly,trend,0.008604455957998764,1
weather,010,tfclean_gp_rbf_timesfm2p5_realw_resid_trendonly,seasonal,0.4908915053452671,1
weather,010,tfclean_gp_rbf_timesfm2p5_realw_resid_trendonly,freq,0.029918032515983854,1
weather,010,tfclean_linear_chronos2_realw_full,trend,0.14224319542132613,1
weather,010,tfclean_linear_chronos2_realw_full,seasonal,12.186545816753236,1
weather,010,tfclean_linear_chronos2_realw_full,freq,0.3615647004253346,1
weather,010,tfclean_linear_chronos2_realw_full_freqonly,trend,0.2836087944412311,1
weather,010,tfclean_linear_chronos2_realw_full_freqonly,seasonal,2.1411059946500144,1
weather,010,tfclean_linear_chronos2_realw_full_freqonly,freq,0.5352356709119935,1
weather,010,tfclean_linear_chronos2_realw_full_seasonalonly,trend,0.015924027904195812,1
weather,010,tfclean_linear_chronos2_realw_full_seasonalonly,seasonal,0.375748183912599,1
weather,010,tfclean_linear_chronos2_realw_full_seasonalonly,freq,0.012247033068882697,1
weather,010,tfclean_linear_chronos2_realw_full_trendonly,trend,0.015077409369471165,1
weather,010,tfclean_linear_chronos2_realw_full_trendonly,seasonal,0.41596085437434727,1
weather,010,tfclean_linear_chronos2_realw_full_trendonly,freq,0.02058255306612719,1
weather,010,tfclean_linear_chronos2_realw_resid,trend,0.007563234406649874,1
weather,010,tfclean_linear_chronos2_realw_resid,seasonal,0.2607459123220064,1
weather,010,tfclean_linear_chronos2_realw_resid,freq,0.007507009237053429,1
weather,010,tfclean_linear_chronos2_realw_resid_freqonly,trend,0.00765390088735621,1
weather,010,tfclean_linear_chronos2_realw_resid_freqonly,seasonal,0.2714013128023571,1
weather,010,tfclean_linear_chronos2_realw_resid_freqonly,freq,0.007782950344010052,1
weather,010,tfclean_linear_chronos2_realw_resid_seasonalonly,trend,0.015924027904195812,1
weather,010,tfclean_linear_chronos2_realw_resid_seasonalonly,seasonal,0.375748183912599,1
weather,010,tfclean_linear_chronos2_realw_resid_seasonalonly,freq,0.012247033068882697,1
weather,010,tfclean_linear_chronos2_realw_resid_trendonly,trend,0.015077409369471165,1
weather,010,tfclean_linear_chronos2_realw_resid_trendonly,seasonal,0.41596085437434727,1
weather,010,tfclean_linear_chronos2_realw_resid_trendonly,freq,0.02058255306612719,1
weather,010,tfclean_linear_kairos50m_realw_full,trend,0.4670280458673074,1
weather,010,tfclean_linear_kairos50m_realw_full,seasonal,13.292781933740287,1
weather,010,tfclean_linear_kairos50m_realw_full,freq,0.5745380274634115,1
weather,010,tfclean_linear_kairos50m_realw_full_freqonly,trend,0.2836087944412311,1
weather,010,tfclean_linear_kairos50m_realw_full_freqonly,seasonal,2.1411059946500144,1
weather,010,tfclean_linear_kairos50m_realw_full_freqonly,freq,0.5352356709119935,1
weather,010,tfclean_linear_kairos50m_realw_full_seasonalonly,trend,0.015924027904195812,1
weather,010,tfclean_linear_kairos50m_realw_full_seasonalonly,seasonal,0.375748183912599,1
weather,010,tfclean_linear_kairos50m_realw_full_seasonalonly,freq,0.012247033068882697,1
weather,010,tfclean_linear_kairos50m_realw_full_trendonly,trend,0.015077409369471165,1
weather,010,tfclean_linear_kairos50m_realw_full_trendonly,seasonal,0.41596085437434727,1
weather,010,tfclean_linear_kairos50m_realw_full_trendonly,freq,0.02058255306612719,1
weather,010,tfclean_linear_kairos50m_realw_resid,trend,0.007575468297486703,1
weather,010,tfclean_linear_kairos50m_realw_resid,seasonal,0.2540542284571625,1
weather,010,tfclean_linear_kairos50m_realw_resid,freq,0.00816467895147524,1
weather,010,tfclean_linear_kairos50m_realw_resid_freqonly,trend,0.00765390088735621,1
weather,010,tfclean_linear_kairos50m_realw_resid_freqonly,seasonal,0.2714013128023571,1
weather,010,tfclean_linear_kairos50m_realw_resid_freqonly,freq,0.007782950344010052,1
weather,010,tfclean_linear_kairos50m_realw_resid_seasonalonly,trend,0.015924027904195812,1
weather,010,tfclean_linear_kairos50m_realw_resid_seasonalonly,seasonal,0.375748183912599,1
weather,010,tfclean_linear_kairos50m_realw_resid_seasonalonly,freq,0.012247033068882697,1
weather,010,tfclean_linear_kairos50m_realw_resid_trendonly,trend,0.015077409369471165,1
weather,010,tfclean_linear_kairos50m_realw_resid_trendonly,seasonal,0.41596085437434727,1
weather,010,tfclean_linear_kairos50m_realw_resid_trendonly,freq,0.02058255306612719,1
weather,010,tfclean_linear_timesfm2p5_realw_full,trend,0.08931327178411126,1
weather,010,tfclean_linear_timesfm2p5_realw_full,seasonal,7.861472810007751,1
weather,010,tfclean_linear_timesfm2p5_realw_full,freq,0.19963706102299958,1
weather,010,tfclean_linear_timesfm2p5_realw_full_freqonly,trend,0.2836087944412311,1
weather,010,tfclean_linear_timesfm2p5_realw_full_freqonly,seasonal,2.1411059946500144,1
weather,010,tfclean_linear_timesfm2p5_realw_full_freqonly,freq,0.5352356709119935,1
weather,010,tfclean_linear_timesfm2p5_realw_full_seasonalonly,trend,0.015924027904195812,1
weather,010,tfclean_linear_timesfm2p5_realw_full_seasonalonly,seasonal,0.375748183912599,1
weather,010,tfclean_linear_timesfm2p5_realw_full_seasonalonly,freq,0.012247033068882697,1
weather,010,tfclean_linear_timesfm2p5_realw_full_trendonly,trend,0.015077409369471165,1
weather,010,tfclean_linear_timesfm2p5_realw_full_trendonly,seasonal,0.41596085437434727,1
weather,010,tfclean_linear_timesfm2p5_realw_full_trendonly,freq,0.02058255306612719,1
weather,010,tfclean_linear_timesfm2p5_realw_resid,trend,0.007562187401290293,1
weather,010,tfclean_linear_timesfm2p5_realw_resid,seasonal,0.27109836635521395,1
weather,010,tfclean_linear_timesfm2p5_realw_resid,freq,0.00764528504920482,1
weather,010,tfclean_linear_timesfm2p5_realw_resid_freqonly,trend,0.00765390088735621,1
weather,010,tfclean_linear_timesfm2p5_realw_resid_freqonly,seasonal,0.2714013128023571,1
weather,010,tfclean_linear_timesfm2p5_realw_resid_freqonly,freq,0.007782950344010052,1
weather,010,tfclean_linear_timesfm2p5_realw_resid_seasonalonly,trend,0.015924027904195812,1
weather,010,tfclean_linear_timesfm2p5_realw_resid_seasonalonly,seasonal,0.375748183912599,1
weather,010,tfclean_linear_timesfm2p5_realw_resid_seasonalonly,freq,0.012247033068882697,1
weather,010,tfclean_linear_timesfm2p5_realw_resid_trendonly,trend,0.015077409369471165,1
weather,010,tfclean_linear_timesfm2p5_realw_resid_trendonly,seasonal,0.41596085437434727,1
weather,010,tfclean_linear_timesfm2p5_realw_resid_trendonly,freq,0.02058255306612719,1
weather,010,tfclean_saits_chronos2_realw_full,trend,0.012500505676879008,1
weather,010,tfclean_saits_chronos2_realw_full,seasonal,0.49330351128699756,1
weather,010,tfclean_saits_chronos2_realw_full,freq,0.01900536297765982,1
weather,010,tfclean_saits_chronos2_realw_full_freqonly,trend,0.03698232188492177,1
weather,010,tfclean_saits_chronos2_realw_full_freqonly,seasonal,0.7134627268358823,1
weather,010,tfclean_saits_chronos2_realw_full_freqonly,freq,0.058328885915612604,1
weather,010,tfclean_saits_chronos2_realw_full_seasonalonly,trend,0.007858530086734043,1
weather,010,tfclean_saits_chronos2_realw_full_seasonalonly,seasonal,0.29996505199504225,1
weather,010,tfclean_saits_chronos2_realw_full_seasonalonly,freq,0.011174039168759083,1
weather,010,tfclean_saits_chronos2_realw_full_trendonly,trend,0.11525449703561919,1
weather,010,tfclean_saits_chronos2_realw_full_trendonly,seasonal,9.601977878199698,1
weather,010,tfclean_saits_chronos2_realw_full_trendonly,freq,0.27436114658496413,1
weather,010,tfclean_saits_chronos2_realw_resid,trend,0.22497307091174534,1
weather,010,tfclean_saits_chronos2_realw_resid,seasonal,13.979457396314217,1
weather,010,tfclean_saits_chronos2_realw_resid,freq,0.606802434358935,1
weather,010,tfclean_saits_chronos2_realw_resid_freqonly,trend,0.008113705072218173,1
weather,010,tfclean_saits_chronos2_realw_resid_freqonly,seasonal,0.4046819124579307,1
weather,010,tfclean_saits_chronos2_realw_resid_freqonly,freq,0.01418802392303702,1
weather,010,tfclean_saits_chronos2_realw_resid_seasonalonly,trend,0.007858530086734043,1
weather,010,tfclean_saits_chronos2_realw_resid_seasonalonly,seasonal,0.29996505199504225,1
weather,010,tfclean_saits_chronos2_realw_resid_seasonalonly,freq,0.011174039168759083,1
weather,010,tfclean_saits_chronos2_realw_resid_trendonly,trend,0.11525449703561919,1
weather,010,tfclean_saits_chronos2_realw_resid_trendonly,seasonal,9.601977878199698,1
weather,010,tfclean_saits_chronos2_realw_resid_trendonly,freq,0.27436114658496413,1
weather,010,tfclean_saits_kairos50m_realw_full,trend,0.007764287573443809,1
weather,010,tfclean_saits_kairos50m_realw_full,seasonal,0.2946228501248008,1
weather,010,tfclean_saits_kairos50m_realw_full,freq,0.008913655698554727,1
weather,010,tfclean_saits_kairos50m_realw_full_freqonly,trend,0.03698232188492177,1
weather,010,tfclean_saits_kairos50m_realw_full_freqonly,seasonal,0.7134627268358823,1
weather,010,tfclean_saits_kairos50m_realw_full_freqonly,freq,0.058328885915612604,1
weather,010,tfclean_saits_kairos50m_realw_full_seasonalonly,trend,0.007858530086734043,1
weather,010,tfclean_saits_kairos50m_realw_full_seasonalonly,seasonal,0.29996505199504225,1
weather,010,tfclean_saits_kairos50m_realw_full_seasonalonly,freq,0.011174039168759083,1
weather,010,tfclean_saits_kairos50m_realw_full_trendonly,trend,0.11525449703561919,1
weather,010,tfclean_saits_kairos50m_realw_full_trendonly,seasonal,9.601977878199698,1
weather,010,tfclean_saits_kairos50m_realw_full_trendonly,freq,0.27436114658496413,1
weather,010,tfclean_saits_kairos50m_realw_resid,trend,0.014798819136062284,1
weather,010,tfclean_saits_kairos50m_realw_resid,seasonal,0.30592149697715787,1
weather,010,tfclean_saits_kairos50m_realw_resid,freq,0.027301765713679396,1
weather,010,tfclean_saits_kairos50m_realw_resid_freqonly,trend,0.008113705072218173,1
weather,010,tfclean_saits_kairos50m_realw_resid_freqonly,seasonal,0.4046819124579307,1
weather,010,tfclean_saits_kairos50m_realw_resid_freqonly,freq,0.01418802392303702,1
weather,010,tfclean_saits_kairos50m_realw_resid_seasonalonly,trend,0.007858530086734043,1
weather,010,tfclean_saits_kairos50m_realw_resid_seasonalonly,seasonal,0.29996505199504225,1
weather,010,tfclean_saits_kairos50m_realw_resid_seasonalonly,freq,0.011174039168759083,1
weather,010,tfclean_saits_kairos50m_realw_resid_trendonly,trend,0.11525449703561919,1
weather,010,tfclean_saits_kairos50m_realw_resid_trendonly,seasonal,9.601977878199698,1
weather,010,tfclean_saits_kairos50m_realw_resid_trendonly,freq,0.27436114658496413,1
weather,010,tfclean_saits_timesfm2p5_realw_full,trend,0.008250061560535732,1
weather,010,tfclean_saits_timesfm2p5_realw_full,seasonal,0.3218251263117398,1
weather,010,tfclean_saits_timesfm2p5_realw_full,freq,0.010211525433233988,1
weather,010,tfclean_saits_timesfm2p5_realw_full_freqonly,trend,0.03698232188492177,1
weather,010,tfclean_saits_timesfm2p5_realw_full_freqonly,seasonal,0.7134627268358823,1
weather,010,tfclean_saits_timesfm2p5_realw_full_freqonly,freq,0.058328885915612604,1
weather,010,tfclean_saits_timesfm2p5_realw_full_seasonalonly,trend,0.007858530086734043,1
weather,010,tfclean_saits_timesfm2p5_realw_full_seasonalonly,seasonal,0.29996505199504225,1
weather,010,tfclean_saits_timesfm2p5_realw_full_seasonalonly,freq,0.011174039168759083,1
weather,010,tfclean_saits_timesfm2p5_realw_full_trendonly,trend,0.11525449703561919,1
weather,010,tfclean_saits_timesfm2p5_realw_full_trendonly,seasonal,9.601977878199698,1
weather,010,tfclean_saits_timesfm2p5_realw_full_trendonly,freq,0.27436114658496413,1
weather,010,tfclean_saits_timesfm2p5_realw_resid,trend,0.11445652726923633,1
weather,010,tfclean_saits_timesfm2p5_realw_resid,seasonal,11.305140981559573,1
weather,010,tfclean_saits_timesfm2p5_realw_resid,freq,0.276481128545228,1
weather,010,tfclean_saits_timesfm2p5_realw_resid_freqonly,trend,0.008113705072218173,1
weather,010,tfclean_saits_timesfm2p5_realw_resid_freqonly,seasonal,0.4046819124579307,1
weather,010,tfclean_saits_timesfm2p5_realw_resid_freqonly,freq,0.01418802392303702,1
weather,010,tfclean_saits_timesfm2p5_realw_resid_seasonalonly,trend,0.007858530086734043,1
weather,010,tfclean_saits_timesfm2p5_realw_resid_seasonalonly,seasonal,0.29996505199504225,1
weather,010,tfclean_saits_timesfm2p5_realw_resid_seasonalonly,freq,0.011174039168759083,1
weather,010,tfclean_saits_timesfm2p5_realw_resid_trendonly,trend,0.11525449703561919,1
weather,010,tfclean_saits_timesfm2p5_realw_resid_trendonly,seasonal,9.601977878199698,1
weather,010,tfclean_saits_timesfm2p5_realw_resid_trendonly,freq,0.27436114658496413,1
weather,020,backward,trend,0.021923028568908758,1
weather,020,backward,seasonal,0.7388661254487832,1
weather,020,backward,freq,0.026671488933134816,1
weather,020,chronos_forecast,trend,0.008439237348940403,1
weather,020,chronos_forecast,seasonal,0.3010838986521289,1
weather,020,chronos_forecast,freq,0.00876187498937761,1
weather,020,forward,trend,0.008175258486166775,1
weather,020,forward,seasonal,0.32537006394344425,1
weather,020,forward,freq,0.012310318003986884,1
weather,020,gp_rbf,trend,0.1577787891075303,1
weather,020,gp_rbf,seasonal,10.130239533147957,1
weather,020,gp_rbf,freq,0.49051738655219534,1
weather,020,kalman_arima,trend,0.22857091458722387,1
weather,020,kalman_arima,seasonal,9.444985897385694,1
weather,020,kalman_arima,freq,0.4982638551058406,1
weather,020,kalman_struct,trend,0.007854251570933115,1
weather,020,kalman_struct,seasonal,0.4031206551270232,1
weather,020,kalman_struct,freq,0.036530131098167086,1
weather,020,linear,trend,0.007153733457575885,1
weather,020,linear,seasonal,0.2706744796143827,1
weather,020,linear,freq,0.008800539125884946,1
weather,020,mean,trend,0.31006099338333903,1
weather,020,mean,seasonal,12.773481422085498,1
weather,020,mean,freq,0.640692853636419,1
weather,020,saits,trend,0.337906161222142,1
weather,020,saits,seasonal,14.886912414527343,1
weather,020,saits,freq,0.6751786482979877,1
weather,020,tfclean_gp_rbf_chronos2_realw_full,trend,0.3270788661779344,1
weather,020,tfclean_gp_rbf_chronos2_realw_full,seasonal,14.335488174562109,1
weather,020,tfclean_gp_rbf_chronos2_realw_full,freq,0.6931900330925157,1
weather,020,tfclean_gp_rbf_chronos2_realw_full_freqonly,trend,0.21334832973533083,1
weather,020,tfclean_gp_rbf_chronos2_realw_full_freqonly,seasonal,14.316234089749328,1
weather,020,tfclean_gp_rbf_chronos2_realw_full_freqonly,freq,0.7436220771910577,1
weather,020,tfclean_gp_rbf_chronos2_realw_full_seasonalonly,trend,0.009010088227563306,1
weather,020,tfclean_gp_rbf_chronos2_realw_full_seasonalonly,seasonal,0.43362151229896506,1
weather,020,tfclean_gp_rbf_chronos2_realw_full_seasonalonly,freq,0.014729634033436231,1
weather,020,tfclean_gp_rbf_chronos2_realw_full_trendonly,trend,0.15290259988571056,1
weather,020,tfclean_gp_rbf_chronos2_realw_full_trendonly,seasonal,11.264553729227536,1
weather,020,tfclean_gp_rbf_chronos2_realw_full_trendonly,freq,0.40623397003981193,1
weather,020,tfclean_gp_rbf_chronos2_realw_resid,trend,0.009374431041926305,1
weather,020,tfclean_gp_rbf_chronos2_realw_resid,seasonal,0.3477244625672261,1
weather,020,tfclean_gp_rbf_chronos2_realw_resid,freq,0.015303803869187638,1
weather,020,tfclean_gp_rbf_chronos2_realw_resid_freqonly,trend,0.01052105215179995,1
weather,020,tfclean_gp_rbf_chronos2_realw_resid_freqonly,seasonal,0.3861223146751012,1
weather,020,tfclean_gp_rbf_chronos2_realw_resid_freqonly,freq,0.015689025621482403,1
weather,020,tfclean_gp_rbf_chronos2_realw_resid_seasonalonly,trend,0.009010088227563306,1
weather,020,tfclean_gp_rbf_chronos2_realw_resid_seasonalonly,seasonal,0.43362151229896506,1
weather,020,tfclean_gp_rbf_chronos2_realw_resid_seasonalonly,freq,0.014729634033436231,1
weather,020,tfclean_gp_rbf_chronos2_realw_resid_trendonly,trend,0.15290259988571056,1
weather,020,tfclean_gp_rbf_chronos2_realw_resid_trendonly,seasonal,11.264553729227536,1
weather,020,tfclean_gp_rbf_chronos2_realw_resid_trendonly,freq,0.40623397003981193,1
weather,020,tfclean_gp_rbf_kairos50m_realw_full,trend,0.010141965869570372,1
weather,020,tfclean_gp_rbf_kairos50m_realw_full,seasonal,0.3662951740583024,1
weather,020,tfclean_gp_rbf_kairos50m_realw_full,freq,0.016574138695168317,1
weather,020,tfclean_gp_rbf_kairos50m_realw_full_freqonly,trend,0.21334832973533083,1
weather,020,tfclean_gp_rbf_kairos50m_realw_full_freqonly,seasonal,14.316234089749328,1
weather,020,tfclean_gp_rbf_kairos50m_realw_full_freqonly,freq,0.7436220771910577,1
weather,020,tfclean_gp_rbf_kairos50m_realw_full_seasonalonly,trend,0.009010088227563306,1
weather,020,tfclean_gp_rbf_kairos50m_realw_full_seasonalonly,seasonal,0.43362151229896506,1
weather,020,tfclean_gp_rbf_kairos50m_realw_full_seasonalonly,freq,0.014729634033436231,1
weather,020,tfclean_gp_rbf_kairos50m_realw_full_trendonly,trend,0.15290259988571056,1
weather,020,tfclean_gp_rbf_kairos50m_realw_full_trendonly,seasonal,11.264553729227536,1
weather,020,tfclean_gp_rbf_kairos50m_realw_full_trendonly,freq,0.40623397003981193,1
weather,020,tfclean_gp_rbf_kairos50m_realw_resid,trend,0.010710028105580728,1
weather,020,tfclean_gp_rbf_kairos50m_realw_resid,seasonal,0.38130360537338387,1
weather,020,tfclean_gp_rbf_kairos50m_realw_resid,freq,0.015615721150385673,1
weather,020,tfclean_gp_rbf_kairos50m_realw_resid_freqonly,trend,0.01052105215179995,1
weather,020,tfclean_gp_rbf_kairos50m_realw_resid_freqonly,seasonal,0.3861223146751012,1
weather,020,tfclean_gp_rbf_kairos50m_realw_resid_freqonly,freq,0.015689025621482403,1
weather,020,tfclean_gp_rbf_kairos50m_realw_resid_seasonalonly,trend,0.009010088227563306,1
weather,020,tfclean_gp_rbf_kairos50m_realw_resid_seasonalonly,seasonal,0.43362151229896506,1
weather,020,tfclean_gp_rbf_kairos50m_realw_resid_seasonalonly,freq,0.014729634033436231,1
weather,020,tfclean_gp_rbf_kairos50m_realw_resid_trendonly,trend,0.15290259988571056,1
weather,020,tfclean_gp_rbf_kairos50m_realw_resid_trendonly,seasonal,11.264553729227536,1
weather,020,tfclean_gp_rbf_kairos50m_realw_resid_trendonly,freq,0.40623397003981193,1
weather,020,tfclean_gp_rbf_timesfm2p5_realw_full,trend,0.2918280092040132,1
weather,020,tfclean_gp_rbf_timesfm2p5_realw_full,seasonal,14.89818686193421,1
weather,020,tfclean_gp_rbf_timesfm2p5_realw_full,freq,0.7127488988976619,1
weather,020,tfclean_gp_rbf_timesfm2p5_realw_full_freqonly,trend,0.21334832973533083,1
weather,020,tfclean_gp_rbf_timesfm2p5_realw_full_freqonly,seasonal,14.316234089749328,1
weather,020,tfclean_gp_rbf_timesfm2p5_realw_full_freqonly,freq,0.7436220771910577,1
weather,020,tfclean_gp_rbf_timesfm2p5_realw_full_seasonalonly,trend,0.009010088227563306,1
weather,020,tfclean_gp_rbf_timesfm2p5_realw_full_seasonalonly,seasonal,0.43362151229896506,1
weather,020,tfclean_gp_rbf_timesfm2p5_realw_full_seasonalonly,freq,0.014729634033436231,1
weather,020,tfclean_gp_rbf_timesfm2p5_realw_full_trendonly,trend,0.15290259988571056,1
weather,020,tfclean_gp_rbf_timesfm2p5_realw_full_trendonly,seasonal,11.264553729227536,1
weather,020,tfclean_gp_rbf_timesfm2p5_realw_full_trendonly,freq,0.40623397003981193,1
weather,020,tfclean_gp_rbf_timesfm2p5_realw_resid,trend,0.008524308090525352,1
weather,020,tfclean_gp_rbf_timesfm2p5_realw_resid,seasonal,0.3586187494333212,1
weather,020,tfclean_gp_rbf_timesfm2p5_realw_resid,freq,0.01012173656294787,1
weather,020,tfclean_gp_rbf_timesfm2p5_realw_resid_freqonly,trend,0.01052105215179995,1
weather,020,tfclean_gp_rbf_timesfm2p5_realw_resid_freqonly,seasonal,0.3861223146751012,1
weather,020,tfclean_gp_rbf_timesfm2p5_realw_resid_freqonly,freq,0.015689025621482403,1
weather,020,tfclean_gp_rbf_timesfm2p5_realw_resid_seasonalonly,trend,0.009010088227563306,1
weather,020,tfclean_gp_rbf_timesfm2p5_realw_resid_seasonalonly,seasonal,0.43362151229896506,1
weather,020,tfclean_gp_rbf_timesfm2p5_realw_resid_seasonalonly,freq,0.014729634033436231,1
weather,020,tfclean_gp_rbf_timesfm2p5_realw_resid_trendonly,trend,0.15290259988571056,1
weather,020,tfclean_gp_rbf_timesfm2p5_realw_resid_trendonly,seasonal,11.264553729227536,1
weather,020,tfclean_gp_rbf_timesfm2p5_realw_resid_trendonly,freq,0.40623397003981193,1
weather,020,tfclean_linear_chronos2_realw_full,trend,0.19951421924578874,1
weather,020,tfclean_linear_chronos2_realw_full,seasonal,10.464771155486126,1
weather,020,tfclean_linear_chronos2_realw_full,freq,0.41813481282642845,1
weather,020,tfclean_linear_chronos2_realw_full_freqonly,trend,0.21810385409148283,1
weather,020,tfclean_linear_chronos2_realw_full_freqonly,seasonal,1.6929869371776594,1
weather,020,tfclean_linear_chronos2_realw_full_freqonly,freq,0.3059926479389898,1
weather,020,tfclean_linear_chronos2_realw_full_seasonalonly,trend,0.03661891453239106,1
weather,020,tfclean_linear_chronos2_realw_full_seasonalonly,seasonal,4.250708908732609,1
weather,020,tfclean_linear_chronos2_realw_full_seasonalonly,freq,0.09847060711609038,1
weather,020,tfclean_linear_chronos2_realw_full_trendonly,trend,0.011913978316206119,1
weather,020,tfclean_linear_chronos2_realw_full_trendonly,seasonal,0.28608322138711356,1
weather,020,tfclean_linear_chronos2_realw_full_trendonly,freq,0.02290713781575912,1
weather,020,tfclean_linear_chronos2_realw_resid,trend,0.007837162075600063,1
weather,020,tfclean_linear_chronos2_realw_resid,seasonal,0.3001936937610808,1
weather,020,tfclean_linear_chronos2_realw_resid,freq,0.00805527422918481,1
weather,020,tfclean_linear_chronos2_realw_resid_freqonly,trend,0.2933942033734616,1
weather,020,tfclean_linear_chronos2_realw_resid_freqonly,seasonal,10.073224846604333,1
weather,020,tfclean_linear_chronos2_realw_resid_freqonly,freq,0.5372628302601531,1
weather,020,tfclean_linear_chronos2_realw_resid_seasonalonly,trend,0.03661891453239106,1
weather,020,tfclean_linear_chronos2_realw_resid_seasonalonly,seasonal,4.250708908732609,1
weather,020,tfclean_linear_chronos2_realw_resid_seasonalonly,freq,0.09847060711609038,1
weather,020,tfclean_linear_chronos2_realw_resid_trendonly,trend,0.011913978316206119,1
weather,020,tfclean_linear_chronos2_realw_resid_trendonly,seasonal,0.28608322138711356,1
weather,020,tfclean_linear_chronos2_realw_resid_trendonly,freq,0.02290713781575912,1
weather,020,tfclean_linear_kairos50m_realw_full,trend,0.054514705009132226,1
weather,020,tfclean_linear_kairos50m_realw_full,seasonal,0.9753844284767642,1
weather,020,tfclean_linear_kairos50m_realw_full,freq,0.17453469138039776,1
weather,020,tfclean_linear_kairos50m_realw_full_freqonly,trend,0.21810385409148283,1
weather,020,tfclean_linear_kairos50m_realw_full_freqonly,seasonal,1.6929869371776594,1
weather,020,tfclean_linear_kairos50m_realw_full_freqonly,freq,0.3059926479389898,1
weather,020,tfclean_linear_kairos50m_realw_full_seasonalonly,trend,0.03661891453239106,1
weather,020,tfclean_linear_kairos50m_realw_full_seasonalonly,seasonal,4.250708908732609,1
weather,020,tfclean_linear_kairos50m_realw_full_seasonalonly,freq,0.09847060711609038,1
weather,020,tfclean_linear_kairos50m_realw_full_trendonly,trend,0.011913978316206119,1
weather,020,tfclean_linear_kairos50m_realw_full_trendonly,seasonal,0.28608322138711356,1
weather,020,tfclean_linear_kairos50m_realw_full_trendonly,freq,0.02290713781575912,1
weather,020,tfclean_linear_kairos50m_realw_resid,trend,0.007524152853874605,1
weather,020,tfclean_linear_kairos50m_realw_resid,seasonal,0.28931003763149754,1
weather,020,tfclean_linear_kairos50m_realw_resid,freq,0.009183619201474019,1
weather,020,tfclean_linear_kairos50m_realw_resid_freqonly,trend,0.2933942033734616,1
weather,020,tfclean_linear_kairos50m_realw_resid_freqonly,seasonal,10.073224846604333,1
weather,020,tfclean_linear_kairos50m_realw_resid_freqonly,freq,0.5372628302601531,1
weather,020,tfclean_linear_kairos50m_realw_resid_seasonalonly,trend,0.03661891453239106,1
weather,020,tfclean_linear_kairos50m_realw_resid_seasonalonly,seasonal,4.250708908732609,1
weather,020,tfclean_linear_kairos50m_realw_resid_seasonalonly,freq,0.09847060711609038,1
weather,020,tfclean_linear_kairos50m_realw_resid_trendonly,trend,0.011913978316206119,1
weather,020,tfclean_linear_kairos50m_realw_resid_trendonly,seasonal,0.28608322138711356,1
weather,020,tfclean_linear_kairos50m_realw_resid_trendonly,freq,0.02290713781575912,1
weather,020,tfclean_linear_timesfm2p5_realw_full,trend,0.26267715853128576,1
weather,020,tfclean_linear_timesfm2p5_realw_full,seasonal,14.026427729274038,1
weather,020,tfclean_linear_timesfm2p5_realw_full,freq,0.5533632621757844,1
weather,020,tfclean_linear_timesfm2p5_realw_full_freqonly,trend,0.21810385409148283,1
weather,020,tfclean_linear_timesfm2p5_realw_full_freqonly,seasonal,1.6929869371776594,1
weather,020,tfclean_linear_timesfm2p5_realw_full_freqonly,freq,0.3059926479389898,1
weather,020,tfclean_linear_timesfm2p5_realw_full_seasonalonly,trend,0.03661891453239106,1
weather,020,tfclean_linear_timesfm2p5_realw_full_seasonalonly,seasonal,4.250708908732609,1
weather,020,tfclean_linear_timesfm2p5_realw_full_seasonalonly,freq,0.09847060711609038,1
weather,020,tfclean_linear_timesfm2p5_realw_full_trendonly,trend,0.011913978316206119,1
weather,020,tfclean_linear_timesfm2p5_realw_full_trendonly,seasonal,0.28608322138711356,1
weather,020,tfclean_linear_timesfm2p5_realw_full_trendonly,freq,0.02290713781575912,1
weather,020,tfclean_linear_timesfm2p5_realw_resid,trend,0.11480242765835351,1
weather,020,tfclean_linear_timesfm2p5_realw_resid,seasonal,11.373614761014087,1
weather,020,tfclean_linear_timesfm2p5_realw_resid,freq,0.3189147112564185,1
weather,020,tfclean_linear_timesfm2p5_realw_resid_freqonly,trend,0.2933942033734616,1
weather,020,tfclean_linear_timesfm2p5_realw_resid_freqonly,seasonal,10.073224846604333,1
weather,020,tfclean_linear_timesfm2p5_realw_resid_freqonly,freq,0.5372628302601531,1
weather,020,tfclean_linear_timesfm2p5_realw_resid_seasonalonly,trend,0.03661891453239106,1
weather,020,tfclean_linear_timesfm2p5_realw_resid_seasonalonly,seasonal,4.250708908732609,1
weather,020,tfclean_linear_timesfm2p5_realw_resid_seasonalonly,freq,0.09847060711609038,1
weather,020,tfclean_linear_timesfm2p5_realw_resid_trendonly,trend,0.011913978316206119,1
weather,020,tfclean_linear_timesfm2p5_realw_resid_trendonly,seasonal,0.28608322138711356,1
weather,020,tfclean_linear_timesfm2p5_realw_resid_trendonly,freq,0.02290713781575912,1
weather,020,tfclean_saits_chronos2_realw_full,trend,0.052946212436471136,1
weather,020,tfclean_saits_chronos2_realw_full,seasonal,0.9617906251586686,1
weather,020,tfclean_saits_chronos2_realw_full,freq,0.07728320327799083,1
weather,020,tfclean_saits_chronos2_realw_full_freqonly,trend,0.4245958767679859,1
weather,020,tfclean_saits_chronos2_realw_full_freqonly,seasonal,7.803476689898586,1
weather,020,tfclean_saits_chronos2_realw_full_freqonly,freq,0.3741615409252655,1
weather,020,tfclean_saits_chronos2_realw_full_seasonalonly,trend,0.1803338045775459,1
weather,020,tfclean_saits_chronos2_realw_full_seasonalonly,seasonal,13.263626277889308,1
weather,020,tfclean_saits_chronos2_realw_full_seasonalonly,freq,0.5167014904337713,1
weather,020,tfclean_saits_chronos2_realw_full_trendonly,trend,0.0207544091100964,1
weather,020,tfclean_saits_chronos2_realw_full_trendonly,seasonal,0.6715585894704028,1
weather,020,tfclean_saits_chronos2_realw_full_trendonly,freq,0.04699325432236286,1
weather,020,tfclean_saits_chronos2_realw_resid,trend,0.21261371795372355,1
weather,020,tfclean_saits_chronos2_realw_resid,seasonal,11.207974258815986,1
weather,020,tfclean_saits_chronos2_realw_resid,freq,0.5375806354863416,1
weather,020,tfclean_saits_chronos2_realw_resid_freqonly,trend,0.009056041595726119,1
weather,020,tfclean_saits_chronos2_realw_resid_freqonly,seasonal,0.3358912922799706,1
weather,020,tfclean_saits_chronos2_realw_resid_freqonly,freq,0.010028807495582293,1
weather,020,tfclean_saits_chronos2_realw_resid_seasonalonly,trend,0.1803338045775459,1
weather,020,tfclean_saits_chronos2_realw_resid_seasonalonly,seasonal,13.263626277889308,1
weather,020,tfclean_saits_chronos2_realw_resid_seasonalonly,freq,0.5167014904337713,1
weather,020,tfclean_saits_chronos2_realw_resid_trendonly,trend,0.0207544091100964,1
weather,020,tfclean_saits_chronos2_realw_resid_trendonly,seasonal,0.6715585894704028,1
weather,020,tfclean_saits_chronos2_realw_resid_trendonly,freq,0.04699325432236286,1
weather,020,tfclean_saits_kairos50m_realw_full,trend,0.009040810674281752,1
weather,020,tfclean_saits_kairos50m_realw_full,seasonal,0.3450905211965678,1
weather,020,tfclean_saits_kairos50m_realw_full,freq,0.009048015877784043,1
weather,020,tfclean_saits_kairos50m_realw_full_freqonly,trend,0.4245958767679859,1
weather,020,tfclean_saits_kairos50m_realw_full_freqonly,seasonal,7.803476689898586,1
weather,020,tfclean_saits_kairos50m_realw_full_freqonly,freq,0.3741615409252655,1
weather,020,tfclean_saits_kairos50m_realw_full_seasonalonly,trend,0.1803338045775459,1
weather,020,tfclean_saits_kairos50m_realw_full_seasonalonly,seasonal,13.263626277889308,1
weather,020,tfclean_saits_kairos50m_realw_full_seasonalonly,freq,0.5167014904337713,1
weather,020,tfclean_saits_kairos50m_realw_full_trendonly,trend,0.0207544091100964,1
weather,020,tfclean_saits_kairos50m_realw_full_trendonly,seasonal,0.6715585894704028,1
weather,020,tfclean_saits_kairos50m_realw_full_trendonly,freq,0.04699325432236286,1
weather,020,tfclean_saits_kairos50m_realw_resid,trend,0.008667776646690247,1
weather,020,tfclean_saits_kairos50m_realw_resid,seasonal,0.3450454021226266,1
weather,020,tfclean_saits_kairos50m_realw_resid,freq,0.011781888076795343,1
weather,020,tfclean_saits_kairos50m_realw_resid_freqonly,trend,0.009056041595726119,1
weather,020,tfclean_saits_kairos50m_realw_resid_freqonly,seasonal,0.3358912922799706,1
weather,020,tfclean_saits_kairos50m_realw_resid_freqonly,freq,0.010028807495582293,1
weather,020,tfclean_saits_kairos50m_realw_resid_seasonalonly,trend,0.1803338045775459,1
weather,020,tfclean_saits_kairos50m_realw_resid_seasonalonly,seasonal,13.263626277889308,1
weather,020,tfclean_saits_kairos50m_realw_resid_seasonalonly,freq,0.5167014904337713,1
weather,020,tfclean_saits_kairos50m_realw_resid_trendonly,trend,0.0207544091100964,1
weather,020,tfclean_saits_kairos50m_realw_resid_trendonly,seasonal,0.6715585894704028,1
weather,020,tfclean_saits_kairos50m_realw_resid_trendonly,freq,0.04699325432236286,1
weather,020,tfclean_saits_timesfm2p5_realw_full,trend,0.22229588747590043,1
weather,020,tfclean_saits_timesfm2p5_realw_full,seasonal,1.703160753389308,1
weather,020,tfclean_saits_timesfm2p5_realw_full,freq,0.45101604125981676,1
weather,020,tfclean_saits_timesfm2p5_realw_full_freqonly,trend,0.4245958767679859,1
weather,020,tfclean_saits_timesfm2p5_realw_full_freqonly,seasonal,7.803476689898586,1
weather,020,tfclean_saits_timesfm2p5_realw_full_freqonly,freq,0.3741615409252655,1
weather,020,tfclean_saits_timesfm2p5_realw_full_seasonalonly,trend,0.1803338045775459,1
weather,020,tfclean_saits_timesfm2p5_realw_full_seasonalonly,seasonal,13.263626277889308,1
weather,020,tfclean_saits_timesfm2p5_realw_full_seasonalonly,freq,0.5167014904337713,1
weather,020,tfclean_saits_timesfm2p5_realw_full_trendonly,trend,0.0207544091100964,1
weather,020,tfclean_saits_timesfm2p5_realw_full_trendonly,seasonal,0.6715585894704028,1
weather,020,tfclean_saits_timesfm2p5_realw_full_trendonly,freq,0.04699325432236286,1
weather,020,tfclean_saits_timesfm2p5_realw_resid,trend,0.08650448994938591,1
weather,020,tfclean_saits_timesfm2p5_realw_resid,seasonal,1.369340701345863,1
weather,020,tfclean_saits_timesfm2p5_realw_resid,freq,0.1500189851087747,1
weather,020,tfclean_saits_timesfm2p5_realw_resid_freqonly,trend,0.009056041595726119,1
weather,020,tfclean_saits_timesfm2p5_realw_resid_freqonly,seasonal,0.3358912922799706,1
weather,020,tfclean_saits_timesfm2p5_realw_resid_freqonly,freq,0.010028807495582293,1
weather,020,tfclean_saits_timesfm2p5_realw_resid_seasonalonly,trend,0.1803338045775459,1
weather,020,tfclean_saits_timesfm2p5_realw_resid_seasonalonly,seasonal,13.263626277889308,1
weather,020,tfclean_saits_timesfm2p5_realw_resid_seasonalonly,freq,0.5167014904337713,1
weather,020,tfclean_saits_timesfm2p5_realw_resid_trendonly,trend,0.0207544091100964,1
weather,020,tfclean_saits_timesfm2p5_realw_resid_trendonly,seasonal,0.6715585894704028,1
weather,020,tfclean_saits_timesfm2p5_realw_resid_trendonly,freq,0.04699325432236286,1
weather,030,backward,trend,0.024576989765272474,1
weather,030,backward,seasonal,0.6692412070995901,1
weather,030,backward,freq,0.3636506048668951,1
weather,030,chronos_forecast,trend,0.008272360298104344,1
weather,030,chronos_forecast,seasonal,0.29954795371532095,1
weather,030,chronos_forecast,freq,0.31109452070609955,1
weather,030,forward,trend,0.009126432374350433,1
weather,030,forward,seasonal,0.4081125757795674,1
weather,030,forward,freq,0.31478381608896,1
weather,030,gp_rbf,trend,0.009872199897731882,1
weather,030,gp_rbf,seasonal,0.4248076491795576,1
weather,030,gp_rbf,freq,0.31653719910507383,1
weather,030,kalman_arima,trend,0.2231932084331307,1
weather,030,kalman_arima,seasonal,14.61650865264304,1
weather,030,kalman_arima,freq,0.8775786794698766,1
weather,030,kalman_struct,trend,0.007980450535517547,1
weather,030,kalman_struct,seasonal,0.3008486213919425,1
weather,030,kalman_struct,freq,0.3049307244609337,1
weather,030,linear,trend,0.36190203258332604,1
weather,030,linear,seasonal,14.008513348604742,1
weather,030,linear,freq,0.67642090469768,1
weather,030,mean,trend,0.3152628223179609,1
weather,030,mean,seasonal,12.608561309872748,1
weather,030,mean,freq,0.730156029216232,1
weather,030,saits,trend,0.009963170527333467,1
weather,030,saits,seasonal,0.37637475286298266,1
weather,030,saits,freq,0.3165496744274428,1
weather,030,tfclean_chronos_forecast_chronos2_adaptive_full,trend,0.03893242052141529,1
weather,030,tfclean_chronos_forecast_chronos2_adaptive_full,seasonal,1.2069711935201417,1
weather,030,tfclean_chronos_forecast_chronos2_adaptive_full,freq,0.34845263006711935,1
weather,030,tfclean_chronos_forecast_chronos2_adaptive_resid,trend,0.2651857177472599,1
weather,030,tfclean_chronos_forecast_chronos2_adaptive_resid,seasonal,15.3858925193444,1
weather,030,tfclean_chronos_forecast_chronos2_adaptive_resid,freq,0.8818589253994488,1
weather,030,tfclean_chronos_forecast_chronos2_realw_full,trend,0.026981086873020265,1
weather,030,tfclean_chronos_forecast_chronos2_realw_full,seasonal,0.8639082005312446,1
weather,030,tfclean_chronos_forecast_chronos2_realw_full,freq,0.33089671916188584,1
weather,030,tfclean_chronos_forecast_chronos2_realw_resid,trend,0.008549609260869952,1
weather,030,tfclean_chronos_forecast_chronos2_realw_resid,seasonal,0.3079513991550068,1
weather,030,tfclean_chronos_forecast_chronos2_realw_resid,freq,0.31151481832020783,1
weather,030,tfclean_gp_rbf_chronos2_realw_full,trend,0.029678206498349905,1
weather,030,tfclean_gp_rbf_chronos2_realw_full,seasonal,0.9258939338555114,1
weather,030,tfclean_gp_rbf_chronos2_realw_full,freq,0.34092031807823425,1
weather,030,tfclean_gp_rbf_chronos2_realw_full_freqonly,trend,0.03843902788407131,1
weather,030,tfclean_gp_rbf_chronos2_realw_full_freqonly,seasonal,1.2466745401943848,1
weather,030,tfclean_gp_rbf_chronos2_realw_full_freqonly,freq,0.34740210231169283,1
weather,030,tfclean_gp_rbf_chronos2_realw_full_seasonalonly,trend,0.3024120517169238,1
weather,030,tfclean_gp_rbf_chronos2_realw_full_seasonalonly,seasonal,14.144398895949193,1
weather,030,tfclean_gp_rbf_chronos2_realw_full_seasonalonly,freq,0.9836281029914926,1
weather,030,tfclean_gp_rbf_chronos2_realw_full_trendonly,trend,0.00982815490626618,1
weather,030,tfclean_gp_rbf_chronos2_realw_full_trendonly,seasonal,0.4228896203404855,1
weather,030,tfclean_gp_rbf_chronos2_realw_full_trendonly,freq,0.31702618749432765,1
weather,030,tfclean_gp_rbf_chronos2_realw_resid,trend,0.01000458205245732,1
weather,030,tfclean_gp_rbf_chronos2_realw_resid,seasonal,0.4280733985438394,1
weather,030,tfclean_gp_rbf_chronos2_realw_resid,freq,0.316371648207062,1
weather,030,tfclean_gp_rbf_chronos2_realw_resid_freqonly,trend,0.010070311575443826,1
weather,030,tfclean_gp_rbf_chronos2_realw_resid_freqonly,seasonal,0.4272397597242714,1
weather,030,tfclean_gp_rbf_chronos2_realw_resid_freqonly,freq,0.3157007633328355,1
weather,030,tfclean_gp_rbf_chronos2_realw_resid_seasonalonly,trend,0.3024120517169238,1
weather,030,tfclean_gp_rbf_chronos2_realw_resid_seasonalonly,seasonal,14.144398895949193,1
weather,030,tfclean_gp_rbf_chronos2_realw_resid_seasonalonly,freq,0.9836281029914926,1
weather,030,tfclean_gp_rbf_chronos2_realw_resid_trendonly,trend,0.00982815490626618,1
weather,030,tfclean_gp_rbf_chronos2_realw_resid_trendonly,seasonal,0.4228896203404855,1
weather,030,tfclean_gp_rbf_chronos2_realw_resid_trendonly,freq,0.31702618749432765,1
weather,030,tfclean_gp_rbf_kairos50m_realw_full,trend,0.011911379726158725,1
weather,030,tfclean_gp_rbf_kairos50m_realw_full,seasonal,0.44981703504759685,1
weather,030,tfclean_gp_rbf_kairos50m_realw_full,freq,0.31494252118008453,1
weather,030,tfclean_gp_rbf_kairos50m_realw_full_freqonly,trend,0.03843902788407131,1
weather,030,tfclean_gp_rbf_kairos50m_realw_full_freqonly,seasonal,1.2466745401943848,1
weather,030,tfclean_gp_rbf_kairos50m_realw_full_freqonly,freq,0.34740210231169283,1
weather,030,tfclean_gp_rbf_kairos50m_realw_full_seasonalonly,trend,0.3024120517169238,1
weather,030,tfclean_gp_rbf_kairos50m_realw_full_seasonalonly,seasonal,14.144398895949193,1
weather,030,tfclean_gp_rbf_kairos50m_realw_full_seasonalonly,freq,0.9836281029914926,1
weather,030,tfclean_gp_rbf_kairos50m_realw_full_trendonly,trend,0.00982815490626618,1
weather,030,tfclean_gp_rbf_kairos50m_realw_full_trendonly,seasonal,0.4228896203404855,1
weather,030,tfclean_gp_rbf_kairos50m_realw_full_trendonly,freq,0.31702618749432765,1
weather,030,tfclean_gp_rbf_kairos50m_realw_resid,trend,0.0099003916334981,1
weather,030,tfclean_gp_rbf_kairos50m_realw_resid,seasonal,0.42848977338204486,1
weather,030,tfclean_gp_rbf_kairos50m_realw_resid,freq,0.3165474902542069,1
weather,030,tfclean_gp_rbf_kairos50m_realw_resid_freqonly,trend,0.010070311575443826,1
weather,030,tfclean_gp_rbf_kairos50m_realw_resid_freqonly,seasonal,0.4272397597242714,1
weather,030,tfclean_gp_rbf_kairos50m_realw_resid_freqonly,freq,0.3157007633328355,1
weather,030,tfclean_gp_rbf_kairos50m_realw_resid_seasonalonly,trend,0.3024120517169238,1
weather,030,tfclean_gp_rbf_kairos50m_realw_resid_seasonalonly,seasonal,14.144398895949193,1
weather,030,tfclean_gp_rbf_kairos50m_realw_resid_seasonalonly,freq,0.9836281029914926,1
weather,030,tfclean_gp_rbf_kairos50m_realw_resid_trendonly,trend,0.00982815490626618,1
weather,030,tfclean_gp_rbf_kairos50m_realw_resid_trendonly,seasonal,0.4228896203404855,1
weather,030,tfclean_gp_rbf_kairos50m_realw_resid_trendonly,freq,0.31702618749432765,1
weather,030,tfclean_gp_rbf_timesfm2p5_realw_full,trend,0.016447656062944713,1
weather,030,tfclean_gp_rbf_timesfm2p5_realw_full,seasonal,0.5360666499441112,1
weather,030,tfclean_gp_rbf_timesfm2p5_realw_full,freq,0.3207717305612881,1
weather,030,tfclean_gp_rbf_timesfm2p5_realw_full_freqonly,trend,0.03843902788407131,1
weather,030,tfclean_gp_rbf_timesfm2p5_realw_full_freqonly,seasonal,1.2466745401943848,1
weather,030,tfclean_gp_rbf_timesfm2p5_realw_full_freqonly,freq,0.34740210231169283,1
weather,030,tfclean_gp_rbf_timesfm2p5_realw_full_seasonalonly,trend,0.3024120517169238,1
weather,030,tfclean_gp_rbf_timesfm2p5_realw_full_seasonalonly,seasonal,14.144398895949193,1
weather,030,tfclean_gp_rbf_timesfm2p5_realw_full_seasonalonly,freq,0.9836281029914926,1
weather,030,tfclean_gp_rbf_timesfm2p5_realw_full_trendonly,trend,0.00982815490626618,1
weather,030,tfclean_gp_rbf_timesfm2p5_realw_full_trendonly,seasonal,0.4228896203404855,1
weather,030,tfclean_gp_rbf_timesfm2p5_realw_full_trendonly,freq,0.31702618749432765,1
weather,030,tfclean_gp_rbf_timesfm2p5_realw_resid,trend,0.18404672694639315,1
weather,030,tfclean_gp_rbf_timesfm2p5_realw_resid,seasonal,2.1069277072481762,1
weather,030,tfclean_gp_rbf_timesfm2p5_realw_resid,freq,0.6562712412659052,1
weather,030,tfclean_gp_rbf_timesfm2p5_realw_resid_freqonly,trend,0.010070311575443826,1
weather,030,tfclean_gp_rbf_timesfm2p5_realw_resid_freqonly,seasonal,0.4272397597242714,1
weather,030,tfclean_gp_rbf_timesfm2p5_realw_resid_freqonly,freq,0.3157007633328355,1
weather,030,tfclean_gp_rbf_timesfm2p5_realw_resid_seasonalonly,trend,0.3024120517169238,1
weather,030,tfclean_gp_rbf_timesfm2p5_realw_resid_seasonalonly,seasonal,14.144398895949193,1
weather,030,tfclean_gp_rbf_timesfm2p5_realw_resid_seasonalonly,freq,0.9836281029914926,1
weather,030,tfclean_gp_rbf_timesfm2p5_realw_resid_trendonly,trend,0.00982815490626618,1
weather,030,tfclean_gp_rbf_timesfm2p5_realw_resid_trendonly,seasonal,0.4228896203404855,1
weather,030,tfclean_gp_rbf_timesfm2p5_realw_resid_trendonly,freq,0.31702618749432765,1
weather,030,tfclean_linear_chronos2_realw_full,trend,0.06317286785664708,1
weather,030,tfclean_linear_chronos2_realw_full,seasonal,0.9392469640996796,1
weather,030,tfclean_linear_chronos2_realw_full,freq,0.4316455967284772,1
weather,030,tfclean_linear_chronos2_realw_full_freqonly,trend,0.3044942740867465,1
weather,030,tfclean_linear_chronos2_realw_full_freqonly,seasonal,6.311866602153166,1
weather,030,tfclean_linear_chronos2_realw_full_freqonly,freq,0.5573353566170038,1
weather,030,tfclean_linear_chronos2_realw_full_seasonalonly,trend,0.015529080257248563,1
weather,030,tfclean_linear_chronos2_realw_full_seasonalonly,seasonal,0.5172903650847847,1
weather,030,tfclean_linear_chronos2_realw_full_seasonalonly,freq,0.3260442760082632,1
weather,030,tfclean_linear_chronos2_realw_full_trendonly,trend,0.12835341678307827,1
weather,030,tfclean_linear_chronos2_realw_full_trendonly,seasonal,9.924826761080356,1
weather,030,tfclean_linear_chronos2_realw_full_trendonly,freq,0.5773309662872534,1
weather,030,tfclean_linear_chronos2_realw_resid,trend,0.00803456195731421,1
weather,030,tfclean_linear_chronos2_realw_resid,seasonal,0.3196032674485142,1
weather,030,tfclean_linear_chronos2_realw_resid,freq,0.30625554931404686,1
weather,030,tfclean_linear_chronos2_realw_resid_freqonly,trend,0.008053693965806758,1
weather,030,tfclean_linear_chronos2_realw_resid_freqonly,seasonal,0.3195333788948623,1
weather,030,tfclean_linear_chronos2_realw_resid_freqonly,freq,0.3066877301112421,1
weather,030,tfclean_linear_chronos2_realw_resid_seasonalonly,trend,0.015529080257248563,1
weather,030,tfclean_linear_chronos2_realw_resid_seasonalonly,seasonal,0.5172903650847847,1
weather,030,tfclean_linear_chronos2_realw_resid_seasonalonly,freq,0.3260442760082632,1
weather,030,tfclean_linear_chronos2_realw_resid_trendonly,trend,0.12835341678307827,1
weather,030,tfclean_linear_chronos2_realw_resid_trendonly,seasonal,9.924826761080356,1
weather,030,tfclean_linear_chronos2_realw_resid_trendonly,freq,0.5773309662872534,1
weather,030,tfclean_linear_kairos50m_realw_full,trend,0.010463945718598211,1
weather,030,tfclean_linear_kairos50m_realw_full,seasonal,0.35370249008654486,1
weather,030,tfclean_linear_kairos50m_realw_full,freq,0.312023953097624,1
weather,030,tfclean_linear_kairos50m_realw_full_freqonly,trend,0.3044942740867465,1
weather,030,tfclean_linear_kairos50m_realw_full_freqonly,seasonal,6.311866602153166,1
weather,030,tfclean_linear_kairos50m_realw_full_freqonly,freq,0.5573353566170038,1
weather,030,tfclean_linear_kairos50m_realw_full_seasonalonly,trend,0.015529080257248563,1
weather,030,tfclean_linear_kairos50m_realw_full_seasonalonly,seasonal,0.5172903650847847,1
weather,030,tfclean_linear_kairos50m_realw_full_seasonalonly,freq,0.3260442760082632,1
weather,030,tfclean_linear_kairos50m_realw_full_trendonly,trend,0.12835341678307827,1
weather,030,tfclean_linear_kairos50m_realw_full_trendonly,seasonal,9.924826761080356,1
weather,030,tfclean_linear_kairos50m_realw_full_trendonly,freq,0.5773309662872534,1
weather,030,tfclean_linear_kairos50m_realw_resid,trend,0.25122234400535043,1
weather,030,tfclean_linear_kairos50m_realw_resid,seasonal,15.589988237842993,1
weather,030,tfclean_linear_kairos50m_realw_resid,freq,0.7451413007818165,1
weather,030,tfclean_linear_kairos50m_realw_resid_freqonly,trend,0.008053693965806758,1
weather,030,tfclean_linear_kairos50m_realw_resid_freqonly,seasonal,0.3195333788948623,1
weather,030,tfclean_linear_kairos50m_realw_resid_freqonly,freq,0.3066877301112421,1
weather,030,tfclean_linear_kairos50m_realw_resid_seasonalonly,trend,0.015529080257248563,1
weather,030,tfclean_linear_kairos50m_realw_resid_seasonalonly,seasonal,0.5172903650847847,1
weather,030,tfclean_linear_kairos50m_realw_resid_seasonalonly,freq,0.3260442760082632,1
weather,030,tfclean_linear_kairos50m_realw_resid_trendonly,trend,0.12835341678307827,1
weather,030,tfclean_linear_kairos50m_realw_resid_trendonly,seasonal,9.924826761080356,1
weather,030,tfclean_linear_kairos50m_realw_resid_trendonly,freq,0.5773309662872534,1
weather,030,tfclean_linear_timesfm2p5_realw_full,trend,0.4492952744347087,1
weather,030,tfclean_linear_timesfm2p5_realw_full,seasonal,15.05521015714956,1
weather,030,tfclean_linear_timesfm2p5_realw_full,freq,0.5221756771690228,1
weather,030,tfclean_linear_timesfm2p5_realw_full_freqonly,trend,0.3044942740867465,1
weather,030,tfclean_linear_timesfm2p5_realw_full_freqonly,seasonal,6.311866602153166,1
weather,030,tfclean_linear_timesfm2p5_realw_full_freqonly,freq,0.5573353566170038,1
weather,030,tfclean_linear_timesfm2p5_realw_full_seasonalonly,trend,0.015529080257248563,1
weather,030,tfclean_linear_timesfm2p5_realw_full_seasonalonly,seasonal,0.5172903650847847,1
weather,030,tfclean_linear_timesfm2p5_realw_full_seasonalonly,freq,0.3260442760082632,1
weather,030,tfclean_linear_timesfm2p5_realw_full_trendonly,trend,0.12835341678307827,1
weather,030,tfclean_linear_timesfm2p5_realw_full_trendonly,seasonal,9.924826761080356,1
weather,030,tfclean_linear_timesfm2p5_realw_full_trendonly,freq,0.5773309662872534,1
weather,030,tfclean_linear_timesfm2p5_realw_resid,trend,0.1964461859573111,1
weather,030,tfclean_linear_timesfm2p5_realw_resid,seasonal,15.527476714496212,1
weather,030,tfclean_linear_timesfm2p5_realw_resid,freq,0.8009422024435305,1
weather,030,tfclean_linear_timesfm2p5_realw_resid_freqonly,trend,0.008053693965806758,1
weather,030,tfclean_linear_timesfm2p5_realw_resid_freqonly,seasonal,0.3195333788948623,1
weather,030,tfclean_linear_timesfm2p5_realw_resid_freqonly,freq,0.3066877301112421,1
weather,030,tfclean_linear_timesfm2p5_realw_resid_seasonalonly,trend,0.015529080257248563,1
weather,030,tfclean_linear_timesfm2p5_realw_resid_seasonalonly,seasonal,0.5172903650847847,1
weather,030,tfclean_linear_timesfm2p5_realw_resid_seasonalonly,freq,0.3260442760082632,1
weather,030,tfclean_linear_timesfm2p5_realw_resid_trendonly,trend,0.12835341678307827,1
weather,030,tfclean_linear_timesfm2p5_realw_resid_trendonly,seasonal,9.924826761080356,1
weather,030,tfclean_linear_timesfm2p5_realw_resid_trendonly,freq,0.5773309662872534,1
weather,030,tfclean_saits_chronos2_realw_full,trend,0.027714679443169347,1
weather,030,tfclean_saits_chronos2_realw_full,seasonal,0.8997244753892423,1
weather,030,tfclean_saits_chronos2_realw_full,freq,0.349906004218091,1
weather,030,tfclean_saits_chronos2_realw_full_freqonly,trend,0.6208651679386092,1
weather,030,tfclean_saits_chronos2_realw_full_freqonly,seasonal,1.2004476704691929,1
weather,030,tfclean_saits_chronos2_realw_full_freqonly,freq,0.8818892793227058,1
weather,030,tfclean_saits_chronos2_realw_full_seasonalonly,trend,0.01039552551830947,1
weather,030,tfclean_saits_chronos2_realw_full_seasonalonly,seasonal,0.4255588805702005,1
weather,030,tfclean_saits_chronos2_realw_full_seasonalonly,freq,0.31680795631269065,1
weather,030,tfclean_saits_chronos2_realw_full_trendonly,trend,0.009874453762924573,1
weather,030,tfclean_saits_chronos2_realw_full_trendonly,seasonal,0.37566861925866285,1
weather,030,tfclean_saits_chronos2_realw_full_trendonly,freq,0.31700766099149524,1
weather,030,tfclean_saits_chronos2_realw_resid,trend,0.010699303361337863,1
weather,030,tfclean_saits_chronos2_realw_resid,seasonal,0.3906005577420367,1
weather,030,tfclean_saits_chronos2_realw_resid,freq,0.3138203014304383,1
weather,030,tfclean_saits_chronos2_realw_resid_freqonly,trend,0.010863248037593882,1
weather,030,tfclean_saits_chronos2_realw_resid_freqonly,seasonal,0.39294432079839725,1
weather,030,tfclean_saits_chronos2_realw_resid_freqonly,freq,0.31432691358509807,1
weather,030,tfclean_saits_chronos2_realw_resid_seasonalonly,trend,0.01039552551830947,1
weather,030,tfclean_saits_chronos2_realw_resid_seasonalonly,seasonal,0.4255588805702005,1
weather,030,tfclean_saits_chronos2_realw_resid_seasonalonly,freq,0.31680795631269065,1
weather,030,tfclean_saits_chronos2_realw_resid_trendonly,trend,0.009874453762924573,1
weather,030,tfclean_saits_chronos2_realw_resid_trendonly,seasonal,0.37566861925866285,1
weather,030,tfclean_saits_chronos2_realw_resid_trendonly,freq,0.31700766099149524,1
weather,030,tfclean_saits_kairos50m_realw_full,trend,0.3331672502266638,1
weather,030,tfclean_saits_kairos50m_realw_full,seasonal,18.578023036345165,1
weather,030,tfclean_saits_kairos50m_realw_full,freq,0.7735488717201803,1
weather,030,tfclean_saits_kairos50m_realw_full_freqonly,trend,0.6208651679386092,1
weather,030,tfclean_saits_kairos50m_realw_full_freqonly,seasonal,1.2004476704691929,1
weather,030,tfclean_saits_kairos50m_realw_full_freqonly,freq,0.8818892793227058,1
weather,030,tfclean_saits_kairos50m_realw_full_seasonalonly,trend,0.01039552551830947,1
weather,030,tfclean_saits_kairos50m_realw_full_seasonalonly,seasonal,0.4255588805702005,1
weather,030,tfclean_saits_kairos50m_realw_full_seasonalonly,freq,0.31680795631269065,1
weather,030,tfclean_saits_kairos50m_realw_full_trendonly,trend,0.009874453762924573,1
weather,030,tfclean_saits_kairos50m_realw_full_trendonly,seasonal,0.37566861925866285,1
weather,030,tfclean_saits_kairos50m_realw_full_trendonly,freq,0.31700766099149524,1
weather,030,tfclean_saits_kairos50m_realw_resid,trend,0.26920928885486106,1
weather,030,tfclean_saits_kairos50m_realw_resid,seasonal,3.8090078936798926,1
weather,030,tfclean_saits_kairos50m_realw_resid,freq,0.7914610937322267,1
weather,030,tfclean_saits_kairos50m_realw_resid_freqonly,trend,0.010863248037593882,1
weather,030,tfclean_saits_kairos50m_realw_resid_freqonly,seasonal,0.39294432079839725,1
weather,030,tfclean_saits_kairos50m_realw_resid_freqonly,freq,0.31432691358509807,1
weather,030,tfclean_saits_kairos50m_realw_resid_seasonalonly,trend,0.01039552551830947,1
weather,030,tfclean_saits_kairos50m_realw_resid_seasonalonly,seasonal,0.4255588805702005,1
weather,030,tfclean_saits_kairos50m_realw_resid_seasonalonly,freq,0.31680795631269065,1
weather,030,tfclean_saits_kairos50m_realw_resid_trendonly,trend,0.009874453762924573,1
weather,030,tfclean_saits_kairos50m_realw_resid_trendonly,seasonal,0.37566861925866285,1
weather,030,tfclean_saits_kairos50m_realw_resid_trendonly,freq,0.31700766099149524,1
weather,030,tfclean_saits_timesfm2p5_realw_full,trend,0.014248987164147558,1
weather,030,tfclean_saits_timesfm2p5_realw_full,seasonal,0.4606634525622074,1
weather,030,tfclean_saits_timesfm2p5_realw_full,freq,0.32195200479696257,1
weather,030,tfclean_saits_timesfm2p5_realw_full_freqonly,trend,0.6208651679386092,1
weather,030,tfclean_saits_timesfm2p5_realw_full_freqonly,seasonal,1.2004476704691929,1
weather,030,tfclean_saits_timesfm2p5_realw_full_freqonly,freq,0.8818892793227058,1
weather,030,tfclean_saits_timesfm2p5_realw_full_seasonalonly,trend,0.01039552551830947,1
weather,030,tfclean_saits_timesfm2p5_realw_full_seasonalonly,seasonal,0.4255588805702005,1
weather,030,tfclean_saits_timesfm2p5_realw_full_seasonalonly,freq,0.31680795631269065,1
weather,030,tfclean_saits_timesfm2p5_realw_full_trendonly,trend,0.009874453762924573,1
weather,030,tfclean_saits_timesfm2p5_realw_full_trendonly,seasonal,0.37566861925866285,1
weather,030,tfclean_saits_timesfm2p5_realw_full_trendonly,freq,0.31700766099149524,1
weather,030,tfclean_saits_timesfm2p5_realw_resid,trend,0.010199079388950144,1
weather,030,tfclean_saits_timesfm2p5_realw_resid,seasonal,0.38371967324623296,1
weather,030,tfclean_saits_timesfm2p5_realw_resid,freq,0.31591871366658547,1
weather,030,tfclean_saits_timesfm2p5_realw_resid_freqonly,trend,0.010863248037593882,1
weather,030,tfclean_saits_timesfm2p5_realw_resid_freqonly,seasonal,0.39294432079839725,1
weather,030,tfclean_saits_timesfm2p5_realw_resid_freqonly,freq,0.31432691358509807,1
weather,030,tfclean_saits_timesfm2p5_realw_resid_seasonalonly,trend,0.01039552551830947,1
weather,030,tfclean_saits_timesfm2p5_realw_resid_seasonalonly,seasonal,0.4255588805702005,1
weather,030,tfclean_saits_timesfm2p5_realw_resid_seasonalonly,freq,0.31680795631269065,1
weather,030,tfclean_saits_timesfm2p5_realw_resid_trendonly,trend,0.009874453762924573,1
weather,030,tfclean_saits_timesfm2p5_realw_resid_trendonly,seasonal,0.37566861925866285,1
weather,030,tfclean_saits_timesfm2p5_realw_resid_trendonly,freq,0.31700766099149524,1
electricity,010,backward,trend,0.03698728890694724,1
electricity,010,backward,seasonal,0.2872041466754094,1
electricity,010,backward,freq,0.14640107196044172,1
electricity,010,chronos_forecast,trend,0.018014446045556298,1
electricity,010,chronos_forecast,seasonal,0.13437287141357915,1
electricity,010,chronos_forecast,freq,0.045825135406559116,1
electricity,010,forward,trend,0.03875891843990705,1
electricity,010,forward,seasonal,0.2898114592069452,1
electricity,010,forward,freq,0.14951290867842215,1
electricity,010,gp_rbf,trend,0.028160668529364333,1
electricity,010,gp_rbf,seasonal,0.28077025688437496,1
electricity,010,gp_rbf,freq,0.16269804035170235,1
electricity,010,kalman_arima,trend,0.03650886218716472,1
electricity,010,kalman_arima,seasonal,0.2904846535201943,1
electricity,010,kalman_arima,freq,0.15117721416110458,1
electricity,010,kalman_struct,trend,0.06303297432947098,1
electricity,010,kalman_struct,seasonal,0.2698309987028508,1
electricity,010,kalman_struct,freq,0.11813423119745096,1
electricity,010,linear,trend,0.032179737283677005,1
electricity,010,linear,seasonal,0.2956423423568157,1
electricity,010,linear,freq,0.1279695234516556,1
electricity,010,mean,trend,0.03770530350113762,1
electricity,010,mean,seasonal,0.2959220204104285,1
electricity,010,mean,freq,0.15985280391065254,1
electricity,010,saits,trend,0.029581372670351082,1
electricity,010,saits,seasonal,0.21029885514687446,1
electricity,010,saits,freq,0.10233524245761384,1
electricity,010,tfclean_chronos_forecast_chronos2_adaptive_full,trend,0.023896162112295425,1
electricity,010,tfclean_chronos_forecast_chronos2_adaptive_full,seasonal,0.16579721368258615,1
electricity,010,tfclean_chronos_forecast_chronos2_adaptive_full,freq,0.044219288798415884,1
electricity,010,tfclean_chronos_forecast_chronos2_adaptive_resid,trend,0.019580581235621612,1
electricity,010,tfclean_chronos_forecast_chronos2_adaptive_resid,seasonal,0.1504440804688099,1
electricity,010,tfclean_chronos_forecast_chronos2_adaptive_resid,freq,0.03589156377513016,1
electricity,010,tfclean_chronos_forecast_chronos2_realw_full,trend,0.017860440392184238,1
electricity,010,tfclean_chronos_forecast_chronos2_realw_full,seasonal,0.1341808738311206,1
electricity,010,tfclean_chronos_forecast_chronos2_realw_full,freq,0.043117681778898534,1
electricity,010,tfclean_chronos_forecast_chronos2_realw_resid,trend,0.018465038684736302,1
electricity,010,tfclean_chronos_forecast_chronos2_realw_resid,seasonal,0.13652353209833043,1
electricity,010,tfclean_chronos_forecast_chronos2_realw_resid,freq,0.030969263237408094,1
electricity,010,tfclean_gp_rbf_chronos2_realw_full,trend,0.02811858604555893,1
electricity,010,tfclean_gp_rbf_chronos2_realw_full,seasonal,0.28006636300695253,1
electricity,010,tfclean_gp_rbf_chronos2_realw_full,freq,0.16420458856671863,1
electricity,010,tfclean_gp_rbf_chronos2_realw_full_freqonly,trend,0.04896953382553165,1
electricity,010,tfclean_gp_rbf_chronos2_realw_full_freqonly,seasonal,0.2951377162152216,1
electricity,010,tfclean_gp_rbf_chronos2_realw_full_freqonly,freq,0.14296650047586143,1
electricity,010,tfclean_gp_rbf_chronos2_realw_full_seasonalonly,trend,0.028129266858503654,1
electricity,010,tfclean_gp_rbf_chronos2_realw_full_seasonalonly,seasonal,0.27954604758845203,1
electricity,010,tfclean_gp_rbf_chronos2_realw_full_seasonalonly,freq,0.16257308774269,1
electricity,010,tfclean_gp_rbf_chronos2_realw_full_trendonly,trend,0.028076412080608824,1
electricity,010,tfclean_gp_rbf_chronos2_realw_full_trendonly,seasonal,0.2757359882376422,1
electricity,010,tfclean_gp_rbf_chronos2_realw_full_trendonly,freq,0.17159744297327617,1
electricity,010,tfclean_gp_rbf_chronos2_realw_resid,trend,0.029526745706746356,1
electricity,010,tfclean_gp_rbf_chronos2_realw_resid,seasonal,0.29623547106200976,1
electricity,010,tfclean_gp_rbf_chronos2_realw_resid,freq,0.13749335058583573,1
electricity,010,tfclean_gp_rbf_chronos2_realw_resid_freqonly,trend,0.029045945928179783,1
electricity,010,tfclean_gp_rbf_chronos2_realw_resid_freqonly,seasonal,0.27865030239559085,1
electricity,010,tfclean_gp_rbf_chronos2_realw_resid_freqonly,freq,0.10900131842607315,1
electricity,010,tfclean_gp_rbf_chronos2_realw_resid_seasonalonly,trend,0.028129266858503654,1
electricity,010,tfclean_gp_rbf_chronos2_realw_resid_seasonalonly,seasonal,0.27954604758845203,1
electricity,010,tfclean_gp_rbf_chronos2_realw_resid_seasonalonly,freq,0.16257308774269,1
electricity,010,tfclean_gp_rbf_chronos2_realw_resid_trendonly,trend,0.028076412080608824,1
electricity,010,tfclean_gp_rbf_chronos2_realw_resid_trendonly,seasonal,0.2757359882376422,1
electricity,010,tfclean_gp_rbf_chronos2_realw_resid_trendonly,freq,0.17159744297327617,1
electricity,010,tfclean_gp_rbf_kairos50m_realw_full,trend,0.032109788801871944,1
electricity,010,tfclean_gp_rbf_kairos50m_realw_full,seasonal,0.28864813528732175,1
electricity,010,tfclean_gp_rbf_kairos50m_realw_full,freq,0.16308253395605604,1
electricity,010,tfclean_gp_rbf_kairos50m_realw_full_freqonly,trend,0.04896953382553165,1
electricity,010,tfclean_gp_rbf_kairos50m_realw_full_freqonly,seasonal,0.2951377162152216,1
electricity,010,tfclean_gp_rbf_kairos50m_realw_full_freqonly,freq,0.14296650047586143,1
electricity,010,tfclean_gp_rbf_kairos50m_realw_full_seasonalonly,trend,0.028129266858503654,1
electricity,010,tfclean_gp_rbf_kairos50m_realw_full_seasonalonly,seasonal,0.27954604758845203,1
electricity,010,tfclean_gp_rbf_kairos50m_realw_full_seasonalonly,freq,0.16257308774269,1
electricity,010,tfclean_gp_rbf_kairos50m_realw_full_trendonly,trend,0.028076412080608824,1
electricity,010,tfclean_gp_rbf_kairos50m_realw_full_trendonly,seasonal,0.2757359882376422,1
electricity,010,tfclean_gp_rbf_kairos50m_realw_full_trendonly,freq,0.17159744297327617,1
electricity,010,tfclean_gp_rbf_kairos50m_realw_resid,trend,0.029404703865694874,1
electricity,010,tfclean_gp_rbf_kairos50m_realw_resid,seasonal,0.30237938696396,1
electricity,010,tfclean_gp_rbf_kairos50m_realw_resid,freq,0.1486584801257271,1
electricity,010,tfclean_gp_rbf_kairos50m_realw_resid_freqonly,trend,0.029045945928179783,1
electricity,010,tfclean_gp_rbf_kairos50m_realw_resid_freqonly,seasonal,0.27865030239559085,1
electricity,010,tfclean_gp_rbf_kairos50m_realw_resid_freqonly,freq,0.10900131842607315,1
electricity,010,tfclean_gp_rbf_kairos50m_realw_resid_seasonalonly,trend,0.028129266858503654,1
electricity,010,tfclean_gp_rbf_kairos50m_realw_resid_seasonalonly,seasonal,0.27954604758845203,1
electricity,010,tfclean_gp_rbf_kairos50m_realw_resid_seasonalonly,freq,0.16257308774269,1
electricity,010,tfclean_gp_rbf_kairos50m_realw_resid_trendonly,trend,0.028076412080608824,1
electricity,010,tfclean_gp_rbf_kairos50m_realw_resid_trendonly,seasonal,0.2757359882376422,1
electricity,010,tfclean_gp_rbf_kairos50m_realw_resid_trendonly,freq,0.17159744297327617,1
electricity,010,tfclean_gp_rbf_timesfm2p5_realw_full,trend,0.03490185373873947,1
electricity,010,tfclean_gp_rbf_timesfm2p5_realw_full,seasonal,0.2899964151193238,1
electricity,010,tfclean_gp_rbf_timesfm2p5_realw_full,freq,0.1556437898364661,1
electricity,010,tfclean_gp_rbf_timesfm2p5_realw_full_freqonly,trend,0.04896953382553165,1
electricity,010,tfclean_gp_rbf_timesfm2p5_realw_full_freqonly,seasonal,0.2951377162152216,1
electricity,010,tfclean_gp_rbf_timesfm2p5_realw_full_freqonly,freq,0.14296650047586143,1
electricity,010,tfclean_gp_rbf_timesfm2p5_realw_full_seasonalonly,trend,0.028129266858503654,1
electricity,010,tfclean_gp_rbf_timesfm2p5_realw_full_seasonalonly,seasonal,0.27954604758845203,1
electricity,010,tfclean_gp_rbf_timesfm2p5_realw_full_seasonalonly,freq,0.16257308774269,1
electricity,010,tfclean_gp_rbf_timesfm2p5_realw_full_trendonly,trend,0.028076412080608824,1
electricity,010,tfclean_gp_rbf_timesfm2p5_realw_full_trendonly,seasonal,0.2757359882376422,1
electricity,010,tfclean_gp_rbf_timesfm2p5_realw_full_trendonly,freq,0.17159744297327617,1
electricity,010,tfclean_gp_rbf_timesfm2p5_realw_resid,trend,0.029193953596766097,1
electricity,010,tfclean_gp_rbf_timesfm2p5_realw_resid,seasonal,0.30304766109814785,1
electricity,010,tfclean_gp_rbf_timesfm2p5_realw_resid,freq,0.15066243554427408,1
electricity,010,tfclean_gp_rbf_timesfm2p5_realw_resid_freqonly,trend,0.029045945928179783,1
electricity,010,tfclean_gp_rbf_timesfm2p5_realw_resid_freqonly,seasonal,0.27865030239559085,1
electricity,010,tfclean_gp_rbf_timesfm2p5_realw_resid_freqonly,freq,0.10900131842607315,1
electricity,010,tfclean_gp_rbf_timesfm2p5_realw_resid_seasonalonly,trend,0.028129266858503654,1
electricity,010,tfclean_gp_rbf_timesfm2p5_realw_resid_seasonalonly,seasonal,0.27954604758845203,1
electricity,010,tfclean_gp_rbf_timesfm2p5_realw_resid_seasonalonly,freq,0.16257308774269,1
electricity,010,tfclean_gp_rbf_timesfm2p5_realw_resid_trendonly,trend,0.028076412080608824,1
electricity,010,tfclean_gp_rbf_timesfm2p5_realw_resid_trendonly,seasonal,0.2757359882376422,1
electricity,010,tfclean_gp_rbf_timesfm2p5_realw_resid_trendonly,freq,0.17159744297327617,1
electricity,010,tfclean_linear_chronos2_realw_full,trend,0.03223333763425973,1
electricity,010,tfclean_linear_chronos2_realw_full,seasonal,0.29574510839410917,1
electricity,010,tfclean_linear_chronos2_realw_full,freq,0.12950414900275495,1
electricity,010,tfclean_linear_chronos2_realw_full_freqonly,trend,0.048655692293053956,1
electricity,010,tfclean_linear_chronos2_realw_full_freqonly,seasonal,0.2943779654914267,1
electricity,010,tfclean_linear_chronos2_realw_full_freqonly,freq,0.14756252077850493,1
electricity,010,tfclean_linear_chronos2_realw_full_seasonalonly,trend,0.03215903619959738,1
electricity,010,tfclean_linear_chronos2_realw_full_seasonalonly,seasonal,0.29439748991237524,1
electricity,010,tfclean_linear_chronos2_realw_full_seasonalonly,freq,0.12796265208036664,1
electricity,010,tfclean_linear_chronos2_realw_full_trendonly,trend,0.0336382049894173,1
electricity,010,tfclean_linear_chronos2_realw_full_trendonly,seasonal,0.2918701058627737,1
electricity,010,tfclean_linear_chronos2_realw_full_trendonly,freq,0.14585702158744485,1
electricity,010,tfclean_linear_chronos2_realw_resid,trend,0.034051939036796014,1
electricity,010,tfclean_linear_chronos2_realw_resid,seasonal,0.30027565359396574,1
electricity,010,tfclean_linear_chronos2_realw_resid,freq,0.134402351009027,1
electricity,010,tfclean_linear_chronos2_realw_resid_freqonly,trend,0.03300590713338452,1
electricity,010,tfclean_linear_chronos2_realw_resid_freqonly,seasonal,0.28799224245217897,1
electricity,010,tfclean_linear_chronos2_realw_resid_freqonly,freq,0.11464579371304268,1
electricity,010,tfclean_linear_chronos2_realw_resid_seasonalonly,trend,0.03215903619959738,1
electricity,010,tfclean_linear_chronos2_realw_resid_seasonalonly,seasonal,0.29439748991237524,1
electricity,010,tfclean_linear_chronos2_realw_resid_seasonalonly,freq,0.12796265208036664,1
electricity,010,tfclean_linear_chronos2_realw_resid_trendonly,trend,0.0336382049894173,1
electricity,010,tfclean_linear_chronos2_realw_resid_trendonly,seasonal,0.2918701058627737,1
electricity,010,tfclean_linear_chronos2_realw_resid_trendonly,freq,0.14585702158744485,1
electricity,010,tfclean_linear_kairos50m_realw_full,trend,0.0336980171622689,1
electricity,010,tfclean_linear_kairos50m_realw_full,seasonal,0.2927984936253227,1
electricity,010,tfclean_linear_kairos50m_realw_full,freq,0.13753183302226513,1
electricity,010,tfclean_linear_kairos50m_realw_full_freqonly,trend,0.048655692293053956,1
electricity,010,tfclean_linear_kairos50m_realw_full_freqonly,seasonal,0.2943779654914267,1
electricity,010,tfclean_linear_kairos50m_realw_full_freqonly,freq,0.14756252077850493,1
electricity,010,tfclean_linear_kairos50m_realw_full_seasonalonly,trend,0.03215903619959738,1
electricity,010,tfclean_linear_kairos50m_realw_full_seasonalonly,seasonal,0.29439748991237524,1
electricity,010,tfclean_linear_kairos50m_realw_full_seasonalonly,freq,0.12796265208036664,1
electricity,010,tfclean_linear_kairos50m_realw_full_trendonly,trend,0.0336382049894173,1
electricity,010,tfclean_linear_kairos50m_realw_full_trendonly,seasonal,0.2918701058627737,1
electricity,010,tfclean_linear_kairos50m_realw_full_trendonly,freq,0.14585702158744485,1
electricity,010,tfclean_linear_kairos50m_realw_resid,trend,0.03392803976669648,1
electricity,010,tfclean_linear_kairos50m_realw_resid,seasonal,0.3024934711388555,1
electricity,010,tfclean_linear_kairos50m_realw_resid,freq,0.1440014721002611,1
electricity,010,tfclean_linear_kairos50m_realw_resid_freqonly,trend,0.03300590713338452,1
electricity,010,tfclean_linear_kairos50m_realw_resid_freqonly,seasonal,0.28799224245217897,1
electricity,010,tfclean_linear_kairos50m_realw_resid_freqonly,freq,0.11464579371304268,1
electricity,010,tfclean_linear_kairos50m_realw_resid_seasonalonly,trend,0.03215903619959738,1
electricity,010,tfclean_linear_kairos50m_realw_resid_seasonalonly,seasonal,0.29439748991237524,1
electricity,010,tfclean_linear_kairos50m_realw_resid_seasonalonly,freq,0.12796265208036664,1
electricity,010,tfclean_linear_kairos50m_realw_resid_trendonly,trend,0.0336382049894173,1
electricity,010,tfclean_linear_kairos50m_realw_resid_trendonly,seasonal,0.2918701058627737,1
electricity,010,tfclean_linear_kairos50m_realw_resid_trendonly,freq,0.14585702158744485,1
electricity,010,tfclean_linear_timesfm2p5_realw_full,trend,0.035732489248244924,1
electricity,010,tfclean_linear_timesfm2p5_realw_full,seasonal,0.2949048767690054,1
electricity,010,tfclean_linear_timesfm2p5_realw_full,freq,0.14151019715697524,1
electricity,010,tfclean_linear_timesfm2p5_realw_full_freqonly,trend,0.048655692293053956,1
electricity,010,tfclean_linear_timesfm2p5_realw_full_freqonly,seasonal,0.2943779654914267,1
electricity,010,tfclean_linear_timesfm2p5_realw_full_freqonly,freq,0.14756252077850493,1
electricity,010,tfclean_linear_timesfm2p5_realw_full_seasonalonly,trend,0.03215903619959738,1
electricity,010,tfclean_linear_timesfm2p5_realw_full_seasonalonly,seasonal,0.29439748991237524,1
electricity,010,tfclean_linear_timesfm2p5_realw_full_seasonalonly,freq,0.12796265208036664,1
electricity,010,tfclean_linear_timesfm2p5_realw_full_trendonly,trend,0.0336382049894173,1
electricity,010,tfclean_linear_timesfm2p5_realw_full_trendonly,seasonal,0.2918701058627737,1
electricity,010,tfclean_linear_timesfm2p5_realw_full_trendonly,freq,0.14585702158744485,1
electricity,010,tfclean_linear_timesfm2p5_realw_resid,trend,0.0335425961142044,1
electricity,010,tfclean_linear_timesfm2p5_realw_resid,seasonal,0.3026304797589821,1
electricity,010,tfclean_linear_timesfm2p5_realw_resid,freq,0.14462039294654594,1
electricity,010,tfclean_linear_timesfm2p5_realw_resid_freqonly,trend,0.03300590713338452,1
electricity,010,tfclean_linear_timesfm2p5_realw_resid_freqonly,seasonal,0.28799224245217897,1
electricity,010,tfclean_linear_timesfm2p5_realw_resid_freqonly,freq,0.11464579371304268,1
electricity,010,tfclean_linear_timesfm2p5_realw_resid_seasonalonly,trend,0.03215903619959738,1
electricity,010,tfclean_linear_timesfm2p5_realw_resid_seasonalonly,seasonal,0.29439748991237524,1
electricity,010,tfclean_linear_timesfm2p5_realw_resid_seasonalonly,freq,0.12796265208036664,1
electricity,010,tfclean_linear_timesfm2p5_realw_resid_trendonly,trend,0.0336382049894173,1
electricity,010,tfclean_linear_timesfm2p5_realw_resid_trendonly,seasonal,0.2918701058627737,1
electricity,010,tfclean_linear_timesfm2p5_realw_resid_trendonly,freq,0.14585702158744485,1
electricity,010,tfclean_saits_chronos2_realw_full,trend,0.029401046885566315,1
electricity,010,tfclean_saits_chronos2_realw_full,seasonal,0.2104222102547084,1
electricity,010,tfclean_saits_chronos2_realw_full,freq,0.10213460046096628,1
electricity,010,tfclean_saits_chronos2_realw_full_freqonly,trend,0.05132445574136969,1
electricity,010,tfclean_saits_chronos2_realw_full_freqonly,seasonal,0.2783605928198904,1
electricity,010,tfclean_saits_chronos2_realw_full_freqonly,freq,0.13624796652625776,1
electricity,010,tfclean_saits_chronos2_realw_full_seasonalonly,trend,0.029577816400418646,1
electricity,010,tfclean_saits_chronos2_realw_full_seasonalonly,seasonal,0.21016013059169003,1
electricity,010,tfclean_saits_chronos2_realw_full_seasonalonly,freq,0.10225414569006262,1
electricity,010,tfclean_saits_chronos2_realw_full_trendonly,trend,0.028288150573237365,1
electricity,010,tfclean_saits_chronos2_realw_full_trendonly,seasonal,0.21148768922373418,1
electricity,010,tfclean_saits_chronos2_realw_full_trendonly,freq,0.10217699665764918,1
electricity,010,tfclean_saits_chronos2_realw_resid,trend,0.03079702161591374,1
electricity,010,tfclean_saits_chronos2_realw_resid,seasonal,0.21241396466759105,1
electricity,010,tfclean_saits_chronos2_realw_resid,freq,0.09434221165438665,1
electricity,010,tfclean_saits_chronos2_realw_resid_freqonly,trend,0.03118675383815517,1
electricity,010,tfclean_saits_chronos2_realw_resid_freqonly,seasonal,0.21650083059526531,1
electricity,010,tfclean_saits_chronos2_realw_resid_freqonly,freq,0.08228951248739687,1
electricity,010,tfclean_saits_chronos2_realw_resid_seasonalonly,trend,0.029577816400418646,1
electricity,010,tfclean_saits_chronos2_realw_resid_seasonalonly,seasonal,0.21016013059169003,1
electricity,010,tfclean_saits_chronos2_realw_resid_seasonalonly,freq,0.10225414569006262,1
electricity,010,tfclean_saits_chronos2_realw_resid_trendonly,trend,0.028288150573237365,1
electricity,010,tfclean_saits_chronos2_realw_resid_trendonly,seasonal,0.21148768922373418,1
electricity,010,tfclean_saits_chronos2_realw_resid_trendonly,freq,0.10217699665764918,1
electricity,010,tfclean_saits_kairos50m_realw_full,trend,0.03452797988650311,1
electricity,010,tfclean_saits_kairos50m_realw_full,seasonal,0.23913594979820915,1
electricity,010,tfclean_saits_kairos50m_realw_full,freq,0.11248793079393364,1
electricity,010,tfclean_saits_kairos50m_realw_full_freqonly,trend,0.05132445574136969,1
electricity,010,tfclean_saits_kairos50m_realw_full_freqonly,seasonal,0.2783605928198904,1
electricity,010,tfclean_saits_kairos50m_realw_full_freqonly,freq,0.13624796652625776,1
electricity,010,tfclean_saits_kairos50m_realw_full_seasonalonly,trend,0.029577816400418646,1
electricity,010,tfclean_saits_kairos50m_realw_full_seasonalonly,seasonal,0.21016013059169003,1
electricity,010,tfclean_saits_kairos50m_realw_full_seasonalonly,freq,0.10225414569006262,1
electricity,010,tfclean_saits_kairos50m_realw_full_trendonly,trend,0.028288150573237365,1
electricity,010,tfclean_saits_kairos50m_realw_full_trendonly,seasonal,0.21148768922373418,1
electricity,010,tfclean_saits_kairos50m_realw_full_trendonly,freq,0.10217699665764918,1
electricity,010,tfclean_saits_kairos50m_realw_resid,trend,0.029751527051468697,1
electricity,010,tfclean_saits_kairos50m_realw_resid,seasonal,0.21242317167786645,1
electricity,010,tfclean_saits_kairos50m_realw_resid,freq,0.09646516927812698,1
electricity,010,tfclean_saits_kairos50m_realw_resid_freqonly,trend,0.03118675383815517,1
electricity,010,tfclean_saits_kairos50m_realw_resid_freqonly,seasonal,0.21650083059526531,1
electricity,010,tfclean_saits_kairos50m_realw_resid_freqonly,freq,0.08228951248739687,1
electricity,010,tfclean_saits_kairos50m_realw_resid_seasonalonly,trend,0.029577816400418646,1
electricity,010,tfclean_saits_kairos50m_realw_resid_seasonalonly,seasonal,0.21016013059169003,1
electricity,010,tfclean_saits_kairos50m_realw_resid_seasonalonly,freq,0.10225414569006262,1
electricity,010,tfclean_saits_kairos50m_realw_resid_trendonly,trend,0.028288150573237365,1
electricity,010,tfclean_saits_kairos50m_realw_resid_trendonly,seasonal,0.21148768922373418,1
electricity,010,tfclean_saits_kairos50m_realw_resid_trendonly,freq,0.10217699665764918,1
electricity,010,tfclean_saits_timesfm2p5_realw_full,trend,0.03785749248637339,1
electricity,010,tfclean_saits_timesfm2p5_realw_full,seasonal,0.24527036051867532,1
electricity,010,tfclean_saits_timesfm2p5_realw_full,freq,0.12335051218436455,1
electricity,010,tfclean_saits_timesfm2p5_realw_full_freqonly,trend,0.05132445574136969,1
electricity,010,tfclean_saits_timesfm2p5_realw_full_freqonly,seasonal,0.2783605928198904,1
electricity,010,tfclean_saits_timesfm2p5_realw_full_freqonly,freq,0.13624796652625776,1
electricity,010,tfclean_saits_timesfm2p5_realw_full_seasonalonly,trend,0.029577816400418646,1
electricity,010,tfclean_saits_timesfm2p5_realw_full_seasonalonly,seasonal,0.21016013059169003,1
electricity,010,tfclean_saits_timesfm2p5_realw_full_seasonalonly,freq,0.10225414569006262,1
electricity,010,tfclean_saits_timesfm2p5_realw_full_trendonly,trend,0.028288150573237365,1
electricity,010,tfclean_saits_timesfm2p5_realw_full_trendonly,seasonal,0.21148768922373418,1
electricity,010,tfclean_saits_timesfm2p5_realw_full_trendonly,freq,0.10217699665764918,1
electricity,010,tfclean_saits_timesfm2p5_realw_resid,trend,0.03006400258667184,1
electricity,010,tfclean_saits_timesfm2p5_realw_resid,seasonal,0.21197770795396137,1
electricity,010,tfclean_saits_timesfm2p5_realw_resid,freq,0.09774257538506402,1
electricity,010,tfclean_saits_timesfm2p5_realw_resid_freqonly,trend,0.03118675383815517,1
electricity,010,tfclean_saits_timesfm2p5_realw_resid_freqonly,seasonal,0.21650083059526531,1
electricity,010,tfclean_saits_timesfm2p5_realw_resid_freqonly,freq,0.08228951248739687,1
electricity,010,tfclean_saits_timesfm2p5_realw_resid_seasonalonly,trend,0.029577816400418646,1
electricity,010,tfclean_saits_timesfm2p5_realw_resid_seasonalonly,seasonal,0.21016013059169003,1
electricity,010,tfclean_saits_timesfm2p5_realw_resid_seasonalonly,freq,0.10225414569006262,1
electricity,010,tfclean_saits_timesfm2p5_realw_resid_trendonly,trend,0.028288150573237365,1
electricity,010,tfclean_saits_timesfm2p5_realw_resid_trendonly,seasonal,0.21148768922373418,1
electricity,010,tfclean_saits_timesfm2p5_realw_resid_trendonly,freq,0.10217699665764918,1
electricity,020,backward,trend,0.06187576713784992,1
electricity,020,backward,seasonal,0.457926988152306,1
electricity,020,backward,freq,0.3512160478777647,1
electricity,020,chronos_forecast,trend,0.021276798984558844,1
electricity,020,chronos_forecast,seasonal,0.16184096149421542,1
electricity,020,chronos_forecast,freq,0.12761953056404976,1
electricity,020,forward,trend,0.06154001376630719,1
electricity,020,forward,seasonal,0.4706392719817043,1
electricity,020,forward,freq,0.28967410788392506,1
electricity,020,gp_rbf,trend,0.037985976958062266,1
electricity,020,gp_rbf,seasonal,0.45612738691369975,1
electricity,020,gp_rbf,freq,0.31550353829318534,1
electricity,020,kalman_arima,trend,0.05326979227042613,1
electricity,020,kalman_arima,seasonal,0.44357438557942724,1
electricity,020,kalman_arima,freq,0.32447250211803497,1
electricity,020,kalman_struct,trend,0.09244927453604887,1
electricity,020,kalman_struct,seasonal,0.43668348566950643,1
electricity,020,kalman_struct,freq,0.37135482336744,1
electricity,020,linear,trend,0.04956706690274634,1
electricity,020,linear,seasonal,0.4620343201149155,1
electricity,020,linear,freq,0.3243621678341105,1
electricity,020,mean,trend,0.057296212463949184,1
electricity,020,mean,seasonal,0.4626695295789174,1
electricity,020,mean,freq,0.3332488843777115,1
electricity,020,saits,trend,0.03893036095536172,1
electricity,020,saits,seasonal,0.2539834076721382,1
electricity,020,saits,freq,0.16772783988764123,1
electricity,020,tfclean_chronos_forecast_chronos2_adaptive_full,trend,0.030644741848793015,1
electricity,020,tfclean_chronos_forecast_chronos2_adaptive_full,seasonal,0.21950959444362178,1
electricity,020,tfclean_chronos_forecast_chronos2_adaptive_full,freq,0.09661762167416502,1
electricity,020,tfclean_chronos_forecast_chronos2_adaptive_resid,trend,0.0234123372496345,1
electricity,020,tfclean_chronos_forecast_chronos2_adaptive_resid,seasonal,0.18181439025934476,1
electricity,020,tfclean_chronos_forecast_chronos2_adaptive_resid,freq,0.0791819789521882,1
electricity,020,tfclean_chronos_forecast_chronos2_realw_full,trend,0.021152017033373726,1
electricity,020,tfclean_chronos_forecast_chronos2_realw_full,seasonal,0.16164783509007827,1
electricity,020,tfclean_chronos_forecast_chronos2_realw_full,freq,0.12681098479656566,1
electricity,020,tfclean_chronos_forecast_chronos2_realw_resid,trend,0.02190314562618963,1
electricity,020,tfclean_chronos_forecast_chronos2_realw_resid,seasonal,0.16882455100482427,1
electricity,020,tfclean_chronos_forecast_chronos2_realw_resid,freq,0.06979908951170422,1
electricity,020,tfclean_chronos_forecast_chronos2_trend_only,trend,0.02054218055055688,1
electricity,020,tfclean_chronos_forecast_chronos2_trend_only,seasonal,0.16425764727080794,1
electricity,020,tfclean_chronos_forecast_chronos2_trend_only,freq,0.092257374967335,1
electricity,020,tfclean_gp_rbf_chronos2_realw_full,trend,0.03791994091350509,1
electricity,020,tfclean_gp_rbf_chronos2_realw_full,seasonal,0.45619827134999097,1
electricity,020,tfclean_gp_rbf_chronos2_realw_full,freq,0.31543709355789545,1
electricity,020,tfclean_gp_rbf_chronos2_realw_full_freqonly,trend,0.07459295577693849,1
electricity,020,tfclean_gp_rbf_chronos2_realw_full_freqonly,seasonal,0.4898792014655699,1
electricity,020,tfclean_gp_rbf_chronos2_realw_full_freqonly,freq,0.30318114110204025,1
electricity,020,tfclean_gp_rbf_chronos2_realw_full_seasonalonly,trend,0.03797498750218036,1
electricity,020,tfclean_gp_rbf_chronos2_realw_full_seasonalonly,seasonal,0.45479967351674033,1
electricity,020,tfclean_gp_rbf_chronos2_realw_full_seasonalonly,freq,0.315643267723637,1
electricity,020,tfclean_gp_rbf_chronos2_realw_full_trendonly,trend,0.03749816187847653,1
electricity,020,tfclean_gp_rbf_chronos2_realw_full_trendonly,seasonal,0.4537929279107992,1
electricity,020,tfclean_gp_rbf_chronos2_realw_full_trendonly,freq,0.31983841188674617,1
electricity,020,tfclean_gp_rbf_chronos2_realw_resid,trend,0.03814606475866988,1
electricity,020,tfclean_gp_rbf_chronos2_realw_resid,seasonal,0.458403437278846,1
electricity,020,tfclean_gp_rbf_chronos2_realw_resid,freq,0.27507264519515806,1
electricity,020,tfclean_gp_rbf_chronos2_realw_resid_freqonly,trend,0.03706055854498802,1
electricity,020,tfclean_gp_rbf_chronos2_realw_resid_freqonly,seasonal,0.4399570239510894,1
electricity,020,tfclean_gp_rbf_chronos2_realw_resid_freqonly,freq,0.23992463226963665,1
electricity,020,tfclean_gp_rbf_chronos2_realw_resid_seasonalonly,trend,0.03797498750218036,1
electricity,020,tfclean_gp_rbf_chronos2_realw_resid_seasonalonly,seasonal,0.45479967351674033,1
electricity,020,tfclean_gp_rbf_chronos2_realw_resid_seasonalonly,freq,0.315643267723637,1
electricity,020,tfclean_gp_rbf_chronos2_realw_resid_trendonly,trend,0.03749816187847653,1
electricity,020,tfclean_gp_rbf_chronos2_realw_resid_trendonly,seasonal,0.4537929279107992,1
electricity,020,tfclean_gp_rbf_chronos2_realw_resid_trendonly,freq,0.31983841188674617,1
electricity,020,tfclean_gp_rbf_kairos50m_realw_full,trend,0.04593157114349057,1
electricity,020,tfclean_gp_rbf_kairos50m_realw_full,seasonal,0.46955769730791475,1
electricity,020,tfclean_gp_rbf_kairos50m_realw_full,freq,0.3070519939899224,1
electricity,020,tfclean_gp_rbf_kairos50m_realw_full_freqonly,trend,0.07459295577693849,1
electricity,020,tfclean_gp_rbf_kairos50m_realw_full_freqonly,seasonal,0.4898792014655699,1
electricity,020,tfclean_gp_rbf_kairos50m_realw_full_freqonly,freq,0.30318114110204025,1
electricity,020,tfclean_gp_rbf_kairos50m_realw_full_seasonalonly,trend,0.03797498750218036,1
electricity,020,tfclean_gp_rbf_kairos50m_realw_full_seasonalonly,seasonal,0.45479967351674033,1
electricity,020,tfclean_gp_rbf_kairos50m_realw_full_seasonalonly,freq,0.315643267723637,1
electricity,020,tfclean_gp_rbf_kairos50m_realw_full_trendonly,trend,0.03749816187847653,1
electricity,020,tfclean_gp_rbf_kairos50m_realw_full_trendonly,seasonal,0.4537929279107992,1
electricity,020,tfclean_gp_rbf_kairos50m_realw_full_trendonly,freq,0.31983841188674617,1
electricity,020,tfclean_gp_rbf_kairos50m_realw_resid,trend,0.03834540679817806,1
electricity,020,tfclean_gp_rbf_kairos50m_realw_resid,seasonal,0.4624466104970312,1
electricity,020,tfclean_gp_rbf_kairos50m_realw_resid,freq,0.29109273718420436,1
electricity,020,tfclean_gp_rbf_kairos50m_realw_resid_freqonly,trend,0.03706055854498802,1
electricity,020,tfclean_gp_rbf_kairos50m_realw_resid_freqonly,seasonal,0.4399570239510894,1
electricity,020,tfclean_gp_rbf_kairos50m_realw_resid_freqonly,freq,0.23992463226963665,1
electricity,020,tfclean_gp_rbf_kairos50m_realw_resid_seasonalonly,trend,0.03797498750218036,1
electricity,020,tfclean_gp_rbf_kairos50m_realw_resid_seasonalonly,seasonal,0.45479967351674033,1
electricity,020,tfclean_gp_rbf_kairos50m_realw_resid_seasonalonly,freq,0.315643267723637,1
electricity,020,tfclean_gp_rbf_kairos50m_realw_resid_trendonly,trend,0.03749816187847653,1
electricity,020,tfclean_gp_rbf_kairos50m_realw_resid_trendonly,seasonal,0.4537929279107992,1
electricity,020,tfclean_gp_rbf_kairos50m_realw_resid_trendonly,freq,0.31983841188674617,1
electricity,020,tfclean_gp_rbf_timesfm2p5_realw_full,trend,0.05124561167054413,1
electricity,020,tfclean_gp_rbf_timesfm2p5_realw_full,seasonal,0.4737230874679735,1
electricity,020,tfclean_gp_rbf_timesfm2p5_realw_full,freq,0.3044273441786459,1
electricity,020,tfclean_gp_rbf_timesfm2p5_realw_full_freqonly,trend,0.07459295577693849,1
electricity,020,tfclean_gp_rbf_timesfm2p5_realw_full_freqonly,seasonal,0.4898792014655699,1
electricity,020,tfclean_gp_rbf_timesfm2p5_realw_full_freqonly,freq,0.30318114110204025,1
electricity,020,tfclean_gp_rbf_timesfm2p5_realw_full_seasonalonly,trend,0.03797498750218036,1
electricity,020,tfclean_gp_rbf_timesfm2p5_realw_full_seasonalonly,seasonal,0.45479967351674033,1
electricity,020,tfclean_gp_rbf_timesfm2p5_realw_full_seasonalonly,freq,0.315643267723637,1
electricity,020,tfclean_gp_rbf_timesfm2p5_realw_full_trendonly,trend,0.03749816187847653,1
electricity,020,tfclean_gp_rbf_timesfm2p5_realw_full_trendonly,seasonal,0.4537929279107992,1
electricity,020,tfclean_gp_rbf_timesfm2p5_realw_full_trendonly,freq,0.31983841188674617,1
electricity,020,tfclean_gp_rbf_timesfm2p5_realw_resid,trend,0.038510862665452034,1
electricity,020,tfclean_gp_rbf_timesfm2p5_realw_resid,seasonal,0.46338186742447207,1
electricity,020,tfclean_gp_rbf_timesfm2p5_realw_resid,freq,0.29570714613939736,1
electricity,020,tfclean_gp_rbf_timesfm2p5_realw_resid_freqonly,trend,0.03706055854498802,1
electricity,020,tfclean_gp_rbf_timesfm2p5_realw_resid_freqonly,seasonal,0.4399570239510894,1
electricity,020,tfclean_gp_rbf_timesfm2p5_realw_resid_freqonly,freq,0.23992463226963665,1
electricity,020,tfclean_gp_rbf_timesfm2p5_realw_resid_seasonalonly,trend,0.03797498750218036,1
electricity,020,tfclean_gp_rbf_timesfm2p5_realw_resid_seasonalonly,seasonal,0.45479967351674033,1
electricity,020,tfclean_gp_rbf_timesfm2p5_realw_resid_seasonalonly,freq,0.315643267723637,1
electricity,020,tfclean_gp_rbf_timesfm2p5_realw_resid_trendonly,trend,0.03749816187847653,1
electricity,020,tfclean_gp_rbf_timesfm2p5_realw_resid_trendonly,seasonal,0.4537929279107992,1
electricity,020,tfclean_gp_rbf_timesfm2p5_realw_resid_trendonly,freq,0.31983841188674617,1
electricity,020,tfclean_linear_chronos2_realw_full,trend,0.04933240221318887,1
electricity,020,tfclean_linear_chronos2_realw_full,seasonal,0.46222290299637353,1
electricity,020,tfclean_linear_chronos2_realw_full,freq,0.3245734613801424,1
electricity,020,tfclean_linear_chronos2_realw_full_freqonly,trend,0.07277182809903406,1
electricity,020,tfclean_linear_chronos2_realw_full_freqonly,seasonal,0.4909341750393376,1
electricity,020,tfclean_linear_chronos2_realw_full_freqonly,freq,0.30951274903063886,1
electricity,020,tfclean_linear_chronos2_realw_full_seasonalonly,trend,0.04953542977583783,1
electricity,020,tfclean_linear_chronos2_realw_full_seasonalonly,seasonal,0.4610621313207445,1
electricity,020,tfclean_linear_chronos2_realw_full_seasonalonly,freq,0.3244648524842544,1
electricity,020,tfclean_linear_chronos2_realw_full_trendonly,trend,0.046324074154953085,1
electricity,020,tfclean_linear_chronos2_realw_full_trendonly,seasonal,0.45719218140144985,1
electricity,020,tfclean_linear_chronos2_realw_full_trendonly,freq,0.3169405819574867,1
electricity,020,tfclean_linear_chronos2_realw_resid,trend,0.05016638488867392,1
electricity,020,tfclean_linear_chronos2_realw_resid,seasonal,0.46578695450965374,1
electricity,020,tfclean_linear_chronos2_realw_resid,freq,0.3078339771238989,1
electricity,020,tfclean_linear_chronos2_realw_resid_freqonly,trend,0.048437963751188515,1
electricity,020,tfclean_linear_chronos2_realw_resid_freqonly,seasonal,0.44495401997749817,1
electricity,020,tfclean_linear_chronos2_realw_resid_freqonly,freq,0.2827643312638739,1
electricity,020,tfclean_linear_chronos2_realw_resid_seasonalonly,trend,0.04953542977583783,1
electricity,020,tfclean_linear_chronos2_realw_resid_seasonalonly,seasonal,0.4610621313207445,1
electricity,020,tfclean_linear_chronos2_realw_resid_seasonalonly,freq,0.3244648524842544,1
electricity,020,tfclean_linear_chronos2_realw_resid_trendonly,trend,0.046324074154953085,1
electricity,020,tfclean_linear_chronos2_realw_resid_trendonly,seasonal,0.45719218140144985,1
electricity,020,tfclean_linear_chronos2_realw_resid_trendonly,freq,0.3169405819574867,1
electricity,020,tfclean_linear_kairos50m_realw_full,trend,0.04710766004924633,1
electricity,020,tfclean_linear_kairos50m_realw_full,seasonal,0.4690774951549832,1
electricity,020,tfclean_linear_kairos50m_realw_full,freq,0.31930043729183444,1
electricity,020,tfclean_linear_kairos50m_realw_full_freqonly,trend,0.07277182809903406,1
electricity,020,tfclean_linear_kairos50m_realw_full_freqonly,seasonal,0.4909341750393376,1
electricity,020,tfclean_linear_kairos50m_realw_full_freqonly,freq,0.30951274903063886,1
electricity,020,tfclean_linear_kairos50m_realw_full_seasonalonly,trend,0.04953542977583783,1
electricity,020,tfclean_linear_kairos50m_realw_full_seasonalonly,seasonal,0.4610621313207445,1
electricity,020,tfclean_linear_kairos50m_realw_full_seasonalonly,freq,0.3244648524842544,1
electricity,020,tfclean_linear_kairos50m_realw_full_trendonly,trend,0.046324074154953085,1
electricity,020,tfclean_linear_kairos50m_realw_full_trendonly,seasonal,0.45719218140144985,1
electricity,020,tfclean_linear_kairos50m_realw_full_trendonly,freq,0.3169405819574867,1
electricity,020,tfclean_linear_kairos50m_realw_resid,trend,0.04941590646848641,1
electricity,020,tfclean_linear_kairos50m_realw_resid,seasonal,0.4692771256500086,1
electricity,020,tfclean_linear_kairos50m_realw_resid,freq,0.31047572744417484,1
electricity,020,tfclean_linear_kairos50m_realw_resid_freqonly,trend,0.048437963751188515,1
electricity,020,tfclean_linear_kairos50m_realw_resid_freqonly,seasonal,0.44495401997749817,1
electricity,020,tfclean_linear_kairos50m_realw_resid_freqonly,freq,0.2827643312638739,1
electricity,020,tfclean_linear_kairos50m_realw_resid_seasonalonly,trend,0.04953542977583783,1
electricity,020,tfclean_linear_kairos50m_realw_resid_seasonalonly,seasonal,0.4610621313207445,1
electricity,020,tfclean_linear_kairos50m_realw_resid_seasonalonly,freq,0.3244648524842544,1
electricity,020,tfclean_linear_kairos50m_realw_resid_trendonly,trend,0.046324074154953085,1
electricity,020,tfclean_linear_kairos50m_realw_resid_trendonly,seasonal,0.45719218140144985,1
electricity,020,tfclean_linear_kairos50m_realw_resid_trendonly,freq,0.3169405819574867,1
electricity,020,tfclean_linear_timesfm2p5_realw_full,trend,0.05028229126659037,1
electricity,020,tfclean_linear_timesfm2p5_realw_full,seasonal,0.47650112049710347,1
electricity,020,tfclean_linear_timesfm2p5_realw_full,freq,0.31878281299545463,1
electricity,020,tfclean_linear_timesfm2p5_realw_full_freqonly,trend,0.07277182809903406,1
electricity,020,tfclean_linear_timesfm2p5_realw_full_freqonly,seasonal,0.4909341750393376,1
electricity,020,tfclean_linear_timesfm2p5_realw_full_freqonly,freq,0.30951274903063886,1
electricity,020,tfclean_linear_timesfm2p5_realw_full_seasonalonly,trend,0.04953542977583783,1
electricity,020,tfclean_linear_timesfm2p5_realw_full_seasonalonly,seasonal,0.4610621313207445,1
electricity,020,tfclean_linear_timesfm2p5_realw_full_seasonalonly,freq,0.3244648524842544,1
electricity,020,tfclean_linear_timesfm2p5_realw_full_trendonly,trend,0.046324074154953085,1
electricity,020,tfclean_linear_timesfm2p5_realw_full_trendonly,seasonal,0.45719218140144985,1
electricity,020,tfclean_linear_timesfm2p5_realw_full_trendonly,freq,0.3169405819574867,1
electricity,020,tfclean_linear_timesfm2p5_realw_resid,trend,0.05041973639821628,1
electricity,020,tfclean_linear_timesfm2p5_realw_resid,seasonal,0.47045730080710874,1
electricity,020,tfclean_linear_timesfm2p5_realw_resid,freq,0.3163501770464663,1
electricity,020,tfclean_linear_timesfm2p5_realw_resid_freqonly,trend,0.048437963751188515,1
electricity,020,tfclean_linear_timesfm2p5_realw_resid_freqonly,seasonal,0.44495401997749817,1
electricity,020,tfclean_linear_timesfm2p5_realw_resid_freqonly,freq,0.2827643312638739,1
electricity,020,tfclean_linear_timesfm2p5_realw_resid_seasonalonly,trend,0.04953542977583783,1
electricity,020,tfclean_linear_timesfm2p5_realw_resid_seasonalonly,seasonal,0.4610621313207445,1
electricity,020,tfclean_linear_timesfm2p5_realw_resid_seasonalonly,freq,0.3244648524842544,1
electricity,020,tfclean_linear_timesfm2p5_realw_resid_trendonly,trend,0.046324074154953085,1
electricity,020,tfclean_linear_timesfm2p5_realw_resid_trendonly,seasonal,0.45719218140144985,1
electricity,020,tfclean_linear_timesfm2p5_realw_resid_trendonly,freq,0.3169405819574867,1
electricity,020,tfclean_saits_chronos2_realw_full,trend,0.03867149567766146,1
electricity,020,tfclean_saits_chronos2_realw_full,seasonal,0.2542053757089476,1
electricity,020,tfclean_saits_chronos2_realw_full,freq,0.1674018901996136,1
electricity,020,tfclean_saits_chronos2_realw_full_freqonly,trend,0.07704283357136761,1
electricity,020,tfclean_saits_chronos2_realw_full_freqonly,seasonal,0.4525414050141167,1
electricity,020,tfclean_saits_chronos2_realw_full_freqonly,freq,0.28768612144728317,1
electricity,020,tfclean_saits_chronos2_realw_full_seasonalonly,trend,0.03892682674263571,1
electricity,020,tfclean_saits_chronos2_realw_full_seasonalonly,seasonal,0.2538768272528588,1
electricity,020,tfclean_saits_chronos2_realw_full_seasonalonly,freq,0.16768705724232938,1
electricity,020,tfclean_saits_chronos2_realw_full_trendonly,trend,0.03592088410148597,1
electricity,020,tfclean_saits_chronos2_realw_full_trendonly,seasonal,0.2560592118873492,1
electricity,020,tfclean_saits_chronos2_realw_full_trendonly,freq,0.1630178467372477,1
electricity,020,tfclean_saits_chronos2_realw_resid,trend,0.03963288509098472,1
electricity,020,tfclean_saits_chronos2_realw_resid,seasonal,0.2585858288311067,1
electricity,020,tfclean_saits_chronos2_realw_resid,freq,0.16135066044723317,1
electricity,020,tfclean_saits_chronos2_realw_resid_freqonly,trend,0.040543759420635254,1
electricity,020,tfclean_saits_chronos2_realw_resid_freqonly,seasonal,0.26131617730450957,1
electricity,020,tfclean_saits_chronos2_realw_resid_freqonly,freq,0.14610982694162333,1
electricity,020,tfclean_saits_chronos2_realw_resid_seasonalonly,trend,0.03892682674263571,1
electricity,020,tfclean_saits_chronos2_realw_resid_seasonalonly,seasonal,0.2538768272528588,1
electricity,020,tfclean_saits_chronos2_realw_resid_seasonalonly,freq,0.16768705724232938,1
electricity,020,tfclean_saits_chronos2_realw_resid_trendonly,trend,0.03592088410148597,1
electricity,020,tfclean_saits_chronos2_realw_resid_trendonly,seasonal,0.2560592118873492,1
electricity,020,tfclean_saits_chronos2_realw_resid_trendonly,freq,0.1630178467372477,1
electricity,020,tfclean_saits_kairos50m_realw_full,trend,0.04622478417388253,1
electricity,020,tfclean_saits_kairos50m_realw_full,seasonal,0.3215442051201576,1
electricity,020,tfclean_saits_kairos50m_realw_full,freq,0.2148196485637872,1
electricity,020,tfclean_saits_kairos50m_realw_full_freqonly,trend,0.07704283357136761,1
electricity,020,tfclean_saits_kairos50m_realw_full_freqonly,seasonal,0.4525414050141167,1
electricity,020,tfclean_saits_kairos50m_realw_full_freqonly,freq,0.28768612144728317,1
electricity,020,tfclean_saits_kairos50m_realw_full_seasonalonly,trend,0.03892682674263571,1
electricity,020,tfclean_saits_kairos50m_realw_full_seasonalonly,seasonal,0.2538768272528588,1
electricity,020,tfclean_saits_kairos50m_realw_full_seasonalonly,freq,0.16768705724232938,1
electricity,020,tfclean_saits_kairos50m_realw_full_trendonly,trend,0.03592088410148597,1
electricity,020,tfclean_saits_kairos50m_realw_full_trendonly,seasonal,0.2560592118873492,1
electricity,020,tfclean_saits_kairos50m_realw_full_trendonly,freq,0.1630178467372477,1
electricity,020,tfclean_saits_kairos50m_realw_resid,trend,0.03809918420078151,1
electricity,020,tfclean_saits_kairos50m_realw_resid,seasonal,0.2590208046194516,1
electricity,020,tfclean_saits_kairos50m_realw_resid,freq,0.16098718892414898,1
electricity,020,tfclean_saits_kairos50m_realw_resid_freqonly,trend,0.040543759420635254,1
electricity,020,tfclean_saits_kairos50m_realw_resid_freqonly,seasonal,0.26131617730450957,1
electricity,020,tfclean_saits_kairos50m_realw_resid_freqonly,freq,0.14610982694162333,1
electricity,020,tfclean_saits_kairos50m_realw_resid_seasonalonly,trend,0.03892682674263571,1
electricity,020,tfclean_saits_kairos50m_realw_resid_seasonalonly,seasonal,0.2538768272528588,1
electricity,020,tfclean_saits_kairos50m_realw_resid_seasonalonly,freq,0.16768705724232938,1
electricity,020,tfclean_saits_kairos50m_realw_resid_trendonly,trend,0.03592088410148597,1
electricity,020,tfclean_saits_kairos50m_realw_resid_trendonly,seasonal,0.2560592118873492,1
electricity,020,tfclean_saits_kairos50m_realw_resid_trendonly,freq,0.1630178467372477,1
electricity,020,tfclean_saits_timesfm2p5_realw_full,trend,0.052883919213733976,1
electricity,020,tfclean_saits_timesfm2p5_realw_full,seasonal,0.35192349834138337,1
electricity,020,tfclean_saits_timesfm2p5_realw_full,freq,0.24117975674025055,1
electricity,020,tfclean_saits_timesfm2p5_realw_full_freqonly,trend,0.07704283357136761,1
electricity,020,tfclean_saits_timesfm2p5_realw_full_freqonly,seasonal,0.4525414050141167,1
electricity,020,tfclean_saits_timesfm2p5_realw_full_freqonly,freq,0.28768612144728317,1
electricity,020,tfclean_saits_timesfm2p5_realw_full_seasonalonly,trend,0.03892682674263571,1
electricity,020,tfclean_saits_timesfm2p5_realw_full_seasonalonly,seasonal,0.2538768272528588,1
electricity,020,tfclean_saits_timesfm2p5_realw_full_seasonalonly,freq,0.16768705724232938,1
electricity,020,tfclean_saits_timesfm2p5_realw_full_trendonly,trend,0.03592088410148597,1
electricity,020,tfclean_saits_timesfm2p5_realw_full_trendonly,seasonal,0.2560592118873492,1
electricity,020,tfclean_saits_timesfm2p5_realw_full_trendonly,freq,0.1630178467372477,1
electricity,020,tfclean_saits_timesfm2p5_realw_resid,trend,0.03887245165456396,1
electricity,020,tfclean_saits_timesfm2p5_realw_resid,seasonal,0.25707672834522205,1
electricity,020,tfclean_saits_timesfm2p5_realw_resid,freq,0.16278677215352225,1
electricity,020,tfclean_saits_timesfm2p5_realw_resid_freqonly,trend,0.040543759420635254,1
electricity,020,tfclean_saits_timesfm2p5_realw_resid_freqonly,seasonal,0.26131617730450957,1
electricity,020,tfclean_saits_timesfm2p5_realw_resid_freqonly,freq,0.14610982694162333,1
electricity,020,tfclean_saits_timesfm2p5_realw_resid_seasonalonly,trend,0.03892682674263571,1
electricity,020,tfclean_saits_timesfm2p5_realw_resid_seasonalonly,seasonal,0.2538768272528588,1
electricity,020,tfclean_saits_timesfm2p5_realw_resid_seasonalonly,freq,0.16768705724232938,1
electricity,020,tfclean_saits_timesfm2p5_realw_resid_trendonly,trend,0.03592088410148597,1
electricity,020,tfclean_saits_timesfm2p5_realw_resid_trendonly,seasonal,0.2560592118873492,1
electricity,020,tfclean_saits_timesfm2p5_realw_resid_trendonly,freq,0.1630178467372477,1
electricity,030,backward,trend,0.07130061549706834,1
electricity,030,backward,seasonal,0.5542906412058366,1
electricity,030,backward,freq,0.3568070636908692,1
electricity,030,chronos_forecast,trend,0.028276599540014363,1
electricity,030,chronos_forecast,seasonal,0.221206152488734,1
electricity,030,chronos_forecast,freq,0.18334264106710801,1
electricity,030,forward,trend,0.0664320082956889,1
electricity,030,forward,seasonal,0.5434612345608794,1
electricity,030,forward,freq,0.35250814255000706,1
electricity,030,gp_rbf,trend,0.04301338856439599,1
electricity,030,gp_rbf,seasonal,0.5448715020078536,1
electricity,030,gp_rbf,freq,0.3544139823746684,1
electricity,030,kalman_arima,trend,0.0649436958609408,1
electricity,030,kalman_arima,seasonal,0.5220798844351139,1
electricity,030,kalman_arima,freq,0.3735825205880569,1
electricity,030,kalman_struct,trend,0.10871979772753092,1
electricity,030,kalman_struct,seasonal,0.5003007326800155,1
electricity,030,kalman_struct,freq,0.29717027128772594,1
electricity,030,linear,trend,0.05175831192540566,1
electricity,030,linear,seasonal,0.5398663913464776,1
electricity,030,linear,freq,0.3419165830516453,1
electricity,030,mean,trend,0.06936320366081873,1
electricity,030,mean,seasonal,0.5608499093658295,1
electricity,030,mean,freq,0.37267075953254764,1
electricity,030,saits,trend,0.04050651044062224,1
electricity,030,saits,seasonal,0.29325802707750526,1
electricity,030,saits,freq,0.2788853614778117,1
electricity,030,tfclean_chronos_forecast_chronos2_adaptive_full,trend,0.035061214291135005,1
electricity,030,tfclean_chronos_forecast_chronos2_adaptive_full,seasonal,0.24298296963949112,1
electricity,030,tfclean_chronos_forecast_chronos2_adaptive_full,freq,0.05691448598584177,1
electricity,030,tfclean_chronos_forecast_chronos2_adaptive_resid,trend,0.03144390466999757,1
electricity,030,tfclean_chronos_forecast_chronos2_adaptive_resid,seasonal,0.23063680507370052,1
electricity,030,tfclean_chronos_forecast_chronos2_adaptive_resid,freq,0.14050553231344545,1
electricity,030,tfclean_chronos_forecast_chronos2_realw_full,trend,0.028315978118242272,1
electricity,030,tfclean_chronos_forecast_chronos2_realw_full,seasonal,0.22143718851570743,1
electricity,030,tfclean_chronos_forecast_chronos2_realw_full,freq,0.18469293414506963,1
electricity,030,tfclean_chronos_forecast_chronos2_realw_resid,trend,0.02898743462110316,1
electricity,030,tfclean_chronos_forecast_chronos2_realw_resid,seasonal,0.2237761752490351,1
electricity,030,tfclean_chronos_forecast_chronos2_realw_resid,freq,0.0754210473309484,1
electricity,030,tfclean_chronos_forecast_chronos2_trend_only,trend,0.029068225570942182,1
electricity,030,tfclean_chronos_forecast_chronos2_trend_only,seasonal,0.22428729080022425,1
electricity,030,tfclean_chronos_forecast_chronos2_trend_only,freq,0.14092044492842873,1
electricity,030,tfclean_gp_rbf_chronos2_realw_full,trend,0.04302372995689466,1
electricity,030,tfclean_gp_rbf_chronos2_realw_full,seasonal,0.5444141761732064,1
electricity,030,tfclean_gp_rbf_chronos2_realw_full,freq,0.3545314075157605,1
electricity,030,tfclean_gp_rbf_chronos2_realw_full_freqonly,trend,0.09044729972056709,1
electricity,030,tfclean_gp_rbf_chronos2_realw_full_freqonly,seasonal,0.5821267258592997,1
electricity,030,tfclean_gp_rbf_chronos2_realw_full_freqonly,freq,0.3052039343092129,1
electricity,030,tfclean_gp_rbf_chronos2_realw_full_seasonalonly,trend,0.04305827960870935,1
electricity,030,tfclean_gp_rbf_chronos2_realw_full_seasonalonly,seasonal,0.541692866341376,1
electricity,030,tfclean_gp_rbf_chronos2_realw_full_seasonalonly,freq,0.3543287988572207,1
electricity,030,tfclean_gp_rbf_chronos2_realw_full_trendonly,trend,0.0435858644899767,1
electricity,030,tfclean_gp_rbf_chronos2_realw_full_trendonly,seasonal,0.5418051476016188,1
electricity,030,tfclean_gp_rbf_chronos2_realw_full_trendonly,freq,0.36086900400617067,1
electricity,030,tfclean_gp_rbf_chronos2_realw_resid,trend,0.042645006386052474,1
electricity,030,tfclean_gp_rbf_chronos2_realw_resid,seasonal,0.5530062070664874,1
electricity,030,tfclean_gp_rbf_chronos2_realw_resid,freq,0.30704539779837675,1
electricity,030,tfclean_gp_rbf_chronos2_realw_resid_freqonly,trend,0.042192207684911054,1
electricity,030,tfclean_gp_rbf_chronos2_realw_resid_freqonly,seasonal,0.5351104951977036,1
electricity,030,tfclean_gp_rbf_chronos2_realw_resid_freqonly,freq,0.2981497760283133,1
electricity,030,tfclean_gp_rbf_chronos2_realw_resid_seasonalonly,trend,0.04305827960870935,1
electricity,030,tfclean_gp_rbf_chronos2_realw_resid_seasonalonly,seasonal,0.541692866341376,1
electricity,030,tfclean_gp_rbf_chronos2_realw_resid_seasonalonly,freq,0.3543287988572207,1
electricity,030,tfclean_gp_rbf_chronos2_realw_resid_trendonly,trend,0.0435858644899767,1
electricity,030,tfclean_gp_rbf_chronos2_realw_resid_trendonly,seasonal,0.5418051476016188,1
electricity,030,tfclean_gp_rbf_chronos2_realw_resid_trendonly,freq,0.36086900400617067,1
electricity,030,tfclean_gp_rbf_kairos50m_realw_full,trend,0.052872796197688934,1
electricity,030,tfclean_gp_rbf_kairos50m_realw_full,seasonal,0.56105318773092,1
electricity,030,tfclean_gp_rbf_kairos50m_realw_full,freq,0.329756732414545,1
electricity,030,tfclean_gp_rbf_kairos50m_realw_full_freqonly,trend,0.09044729972056709,1
electricity,030,tfclean_gp_rbf_kairos50m_realw_full_freqonly,seasonal,0.5821267258592997,1
electricity,030,tfclean_gp_rbf_kairos50m_realw_full_freqonly,freq,0.3052039343092129,1
electricity,030,tfclean_gp_rbf_kairos50m_realw_full_seasonalonly,trend,0.04305827960870935,1
electricity,030,tfclean_gp_rbf_kairos50m_realw_full_seasonalonly,seasonal,0.541692866341376,1
electricity,030,tfclean_gp_rbf_kairos50m_realw_full_seasonalonly,freq,0.3543287988572207,1
electricity,030,tfclean_gp_rbf_kairos50m_realw_full_trendonly,trend,0.0435858644899767,1
electricity,030,tfclean_gp_rbf_kairos50m_realw_full_trendonly,seasonal,0.5418051476016188,1
electricity,030,tfclean_gp_rbf_kairos50m_realw_full_trendonly,freq,0.36086900400617067,1
electricity,030,tfclean_gp_rbf_kairos50m_realw_resid,trend,0.04318052426279621,1
electricity,030,tfclean_gp_rbf_kairos50m_realw_resid,seasonal,0.5564292116535791,1
electricity,030,tfclean_gp_rbf_kairos50m_realw_resid,freq,0.3163078921735338,1
electricity,030,tfclean_gp_rbf_kairos50m_realw_resid_freqonly,trend,0.042192207684911054,1
electricity,030,tfclean_gp_rbf_kairos50m_realw_resid_freqonly,seasonal,0.5351104951977036,1
electricity,030,tfclean_gp_rbf_kairos50m_realw_resid_freqonly,freq,0.2981497760283133,1
electricity,030,tfclean_gp_rbf_kairos50m_realw_resid_seasonalonly,trend,0.04305827960870935,1
electricity,030,tfclean_gp_rbf_kairos50m_realw_resid_seasonalonly,seasonal,0.541692866341376,1
electricity,030,tfclean_gp_rbf_kairos50m_realw_resid_seasonalonly,freq,0.3543287988572207,1
electricity,030,tfclean_gp_rbf_kairos50m_realw_resid_trendonly,trend,0.0435858644899767,1
electricity,030,tfclean_gp_rbf_kairos50m_realw_resid_trendonly,seasonal,0.5418051476016188,1
electricity,030,tfclean_gp_rbf_kairos50m_realw_resid_trendonly,freq,0.36086900400617067,1
electricity,030,tfclean_gp_rbf_timesfm2p5_realw_full,trend,0.0593870999504804,1
electricity,030,tfclean_gp_rbf_timesfm2p5_realw_full,seasonal,0.5673551502099161,1
electricity,030,tfclean_gp_rbf_timesfm2p5_realw_full,freq,0.3210874538294607,1
electricity,030,tfclean_gp_rbf_timesfm2p5_realw_full_freqonly,trend,0.09044729972056709,1
electricity,030,tfclean_gp_rbf_timesfm2p5_realw_full_freqonly,seasonal,0.5821267258592997,1
electricity,030,tfclean_gp_rbf_timesfm2p5_realw_full_freqonly,freq,0.3052039343092129,1
electricity,030,tfclean_gp_rbf_timesfm2p5_realw_full_seasonalonly,trend,0.04305827960870935,1
electricity,030,tfclean_gp_rbf_timesfm2p5_realw_full_seasonalonly,seasonal,0.541692866341376,1
electricity,030,tfclean_gp_rbf_timesfm2p5_realw_full_seasonalonly,freq,0.3543287988572207,1
electricity,030,tfclean_gp_rbf_timesfm2p5_realw_full_trendonly,trend,0.0435858644899767,1
electricity,030,tfclean_gp_rbf_timesfm2p5_realw_full_trendonly,seasonal,0.5418051476016188,1
electricity,030,tfclean_gp_rbf_timesfm2p5_realw_full_trendonly,freq,0.36086900400617067,1
electricity,030,tfclean_gp_rbf_timesfm2p5_realw_resid,trend,0.04315924467523846,1
electricity,030,tfclean_gp_rbf_timesfm2p5_realw_resid,seasonal,0.5564465206609812,1
electricity,030,tfclean_gp_rbf_timesfm2p5_realw_resid,freq,0.31720917508630275,1
electricity,030,tfclean_gp_rbf_timesfm2p5_realw_resid_freqonly,trend,0.042192207684911054,1
electricity,030,tfclean_gp_rbf_timesfm2p5_realw_resid_freqonly,seasonal,0.5351104951977036,1
electricity,030,tfclean_gp_rbf_timesfm2p5_realw_resid_freqonly,freq,0.2981497760283133,1
electricity,030,tfclean_gp_rbf_timesfm2p5_realw_resid_seasonalonly,trend,0.04305827960870935,1
electricity,030,tfclean_gp_rbf_timesfm2p5_realw_resid_seasonalonly,seasonal,0.541692866341376,1
electricity,030,tfclean_gp_rbf_timesfm2p5_realw_resid_seasonalonly,freq,0.3543287988572207,1
electricity,030,tfclean_gp_rbf_timesfm2p5_realw_resid_trendonly,trend,0.0435858644899767,1
electricity,030,tfclean_gp_rbf_timesfm2p5_realw_resid_trendonly,seasonal,0.5418051476016188,1
electricity,030,tfclean_gp_rbf_timesfm2p5_realw_resid_trendonly,freq,0.36086900400617067,1
electricity,030,tfclean_linear_chronos2_realw_full,trend,0.05158689083063859,1
electricity,030,tfclean_linear_chronos2_realw_full,seasonal,0.5404923779083003,1
electricity,030,tfclean_linear_chronos2_realw_full,freq,0.3448702476962006,1
electricity,030,tfclean_linear_chronos2_realw_full_freqonly,trend,0.08658457893850462,1
electricity,030,tfclean_linear_chronos2_realw_full_freqonly,seasonal,0.5757494853537067,1
electricity,030,tfclean_linear_chronos2_realw_full_freqonly,freq,0.30537370678053205,1
electricity,030,tfclean_linear_chronos2_realw_full_seasonalonly,trend,0.05191380686440381,1
electricity,030,tfclean_linear_chronos2_realw_full_seasonalonly,seasonal,0.5388138093796847,1
electricity,030,tfclean_linear_chronos2_realw_full_seasonalonly,freq,0.34337234854431853,1
electricity,030,tfclean_linear_chronos2_realw_full_trendonly,trend,0.048467026091677815,1
electricity,030,tfclean_linear_chronos2_realw_full_trendonly,seasonal,0.5365966969783099,1
electricity,030,tfclean_linear_chronos2_realw_full_trendonly,freq,0.3507045933386426,1
electricity,030,tfclean_linear_chronos2_realw_resid,trend,0.054350094761013094,1
electricity,030,tfclean_linear_chronos2_realw_resid,seasonal,0.559770485278805,1
electricity,030,tfclean_linear_chronos2_realw_resid,freq,0.36108265056202876,1
electricity,030,tfclean_linear_chronos2_realw_resid_freqonly,trend,0.052142080341459035,1
electricity,030,tfclean_linear_chronos2_realw_resid_freqonly,seasonal,0.5349172786815412,1
electricity,030,tfclean_linear_chronos2_realw_resid_freqonly,freq,0.34603378493889014,1
electricity,030,tfclean_linear_chronos2_realw_resid_seasonalonly,trend,0.05191380686440381,1
electricity,030,tfclean_linear_chronos2_realw_resid_seasonalonly,seasonal,0.5388138093796847,1
electricity,030,tfclean_linear_chronos2_realw_resid_seasonalonly,freq,0.34337234854431853,1
electricity,030,tfclean_linear_chronos2_realw_resid_trendonly,trend,0.048467026091677815,1
electricity,030,tfclean_linear_chronos2_realw_resid_trendonly,seasonal,0.5365966969783099,1
electricity,030,tfclean_linear_chronos2_realw_resid_trendonly,freq,0.3507045933386426,1
electricity,030,tfclean_linear_kairos50m_realw_full,trend,0.049407399098950956,1
electricity,030,tfclean_linear_kairos50m_realw_full,seasonal,0.5463258889529007,1
electricity,030,tfclean_linear_kairos50m_realw_full,freq,0.3392292678209315,1
electricity,030,tfclean_linear_kairos50m_realw_full_freqonly,trend,0.08658457893850462,1
electricity,030,tfclean_linear_kairos50m_realw_full_freqonly,seasonal,0.5757494853537067,1
electricity,030,tfclean_linear_kairos50m_realw_full_freqonly,freq,0.30537370678053205,1
electricity,030,tfclean_linear_kairos50m_realw_full_seasonalonly,trend,0.05191380686440381,1
electricity,030,tfclean_linear_kairos50m_realw_full_seasonalonly,seasonal,0.5388138093796847,1
electricity,030,tfclean_linear_kairos50m_realw_full_seasonalonly,freq,0.34337234854431853,1
electricity,030,tfclean_linear_kairos50m_realw_full_trendonly,trend,0.048467026091677815,1
electricity,030,tfclean_linear_kairos50m_realw_full_trendonly,seasonal,0.5365966969783099,1
electricity,030,tfclean_linear_kairos50m_realw_full_trendonly,freq,0.3507045933386426,1
electricity,030,tfclean_linear_kairos50m_realw_resid,trend,0.05309066532220272,1
electricity,030,tfclean_linear_kairos50m_realw_resid,seasonal,0.5613770861886962,1
electricity,030,tfclean_linear_kairos50m_realw_resid,freq,0.35341433085057944,1
electricity,030,tfclean_linear_kairos50m_realw_resid_freqonly,trend,0.052142080341459035,1
electricity,030,tfclean_linear_kairos50m_realw_resid_freqonly,seasonal,0.5349172786815412,1
electricity,030,tfclean_linear_kairos50m_realw_resid_freqonly,freq,0.34603378493889014,1
electricity,030,tfclean_linear_kairos50m_realw_resid_seasonalonly,trend,0.05191380686440381,1
electricity,030,tfclean_linear_kairos50m_realw_resid_seasonalonly,seasonal,0.5388138093796847,1
electricity,030,tfclean_linear_kairos50m_realw_resid_seasonalonly,freq,0.34337234854431853,1
electricity,030,tfclean_linear_kairos50m_realw_resid_trendonly,trend,0.048467026091677815,1
electricity,030,tfclean_linear_kairos50m_realw_resid_trendonly,seasonal,0.5365966969783099,1
electricity,030,tfclean_linear_kairos50m_realw_resid_trendonly,freq,0.3507045933386426,1
electricity,030,tfclean_linear_timesfm2p5_realw_full,trend,0.05443969028969353,1
electricity,030,tfclean_linear_timesfm2p5_realw_full,seasonal,0.5548432370311779,1
electricity,030,tfclean_linear_timesfm2p5_realw_full,freq,0.3341120131436313,1
electricity,030,tfclean_linear_timesfm2p5_realw_full_freqonly,trend,0.08658457893850462,1
electricity,030,tfclean_linear_timesfm2p5_realw_full_freqonly,seasonal,0.5757494853537067,1
electricity,030,tfclean_linear_timesfm2p5_realw_full_freqonly,freq,0.30537370678053205,1
electricity,030,tfclean_linear_timesfm2p5_realw_full_seasonalonly,trend,0.05191380686440381,1
electricity,030,tfclean_linear_timesfm2p5_realw_full_seasonalonly,seasonal,0.5388138093796847,1
electricity,030,tfclean_linear_timesfm2p5_realw_full_seasonalonly,freq,0.34337234854431853,1
electricity,030,tfclean_linear_timesfm2p5_realw_full_trendonly,trend,0.048467026091677815,1
electricity,030,tfclean_linear_timesfm2p5_realw_full_trendonly,seasonal,0.5365966969783099,1
electricity,030,tfclean_linear_timesfm2p5_realw_full_trendonly,freq,0.3507045933386426,1
electricity,030,tfclean_linear_timesfm2p5_realw_resid,trend,0.05453938472451793,1
electricity,030,tfclean_linear_timesfm2p5_realw_resid,seasonal,0.5644678936059524,1
electricity,030,tfclean_linear_timesfm2p5_realw_resid,freq,0.35031284214861896,1
electricity,030,tfclean_linear_timesfm2p5_realw_resid_freqonly,trend,0.052142080341459035,1
electricity,030,tfclean_linear_timesfm2p5_realw_resid_freqonly,seasonal,0.5349172786815412,1
electricity,030,tfclean_linear_timesfm2p5_realw_resid_freqonly,freq,0.34603378493889014,1
electricity,030,tfclean_linear_timesfm2p5_realw_resid_seasonalonly,trend,0.05191380686440381,1
electricity,030,tfclean_linear_timesfm2p5_realw_resid_seasonalonly,seasonal,0.5388138093796847,1
electricity,030,tfclean_linear_timesfm2p5_realw_resid_seasonalonly,freq,0.34337234854431853,1
electricity,030,tfclean_linear_timesfm2p5_realw_resid_trendonly,trend,0.048467026091677815,1
electricity,030,tfclean_linear_timesfm2p5_realw_resid_trendonly,seasonal,0.5365966969783099,1
electricity,030,tfclean_linear_timesfm2p5_realw_resid_trendonly,freq,0.3507045933386426,1
electricity,030,tfclean_saits_chronos2_realw_full,trend,0.04032908518385722,1
electricity,030,tfclean_saits_chronos2_realw_full,seasonal,0.2934318317376099,1
electricity,030,tfclean_saits_chronos2_realw_full,freq,0.27885545975224446,1
electricity,030,tfclean_saits_chronos2_realw_full_freqonly,trend,0.09182495189014357,1
electricity,030,tfclean_saits_chronos2_realw_full_freqonly,seasonal,0.5267057464596053,1
electricity,030,tfclean_saits_chronos2_realw_full_freqonly,freq,0.2891759385513277,1
electricity,030,tfclean_saits_chronos2_realw_full_seasonalonly,trend,0.04051421972823629,1
electricity,030,tfclean_saits_chronos2_realw_full_seasonalonly,seasonal,0.2932772555016931,1
electricity,030,tfclean_saits_chronos2_realw_full_seasonalonly,freq,0.2788899075452697,1
electricity,030,tfclean_saits_chronos2_realw_full_trendonly,trend,0.0394349666516531,1
electricity,030,tfclean_saits_chronos2_realw_full_trendonly,seasonal,0.2987369074238161,1
electricity,030,tfclean_saits_chronos2_realw_full_trendonly,freq,0.2750640540224166,1
electricity,030,tfclean_saits_chronos2_realw_resid,trend,0.04173164281648167,1
electricity,030,tfclean_saits_chronos2_realw_resid,seasonal,0.30380918681254787,1
electricity,030,tfclean_saits_chronos2_realw_resid,freq,0.28049182918528076,1
electricity,030,tfclean_saits_chronos2_realw_resid_freqonly,trend,0.04200077416963695,1
electricity,030,tfclean_saits_chronos2_realw_resid_freqonly,seasonal,0.3024195806992468,1
electricity,030,tfclean_saits_chronos2_realw_resid_freqonly,freq,0.27523013117179684,1
electricity,030,tfclean_saits_chronos2_realw_resid_seasonalonly,trend,0.04051421972823629,1
electricity,030,tfclean_saits_chronos2_realw_resid_seasonalonly,seasonal,0.2932772555016931,1
electricity,030,tfclean_saits_chronos2_realw_resid_seasonalonly,freq,0.2788899075452697,1
electricity,030,tfclean_saits_chronos2_realw_resid_trendonly,trend,0.0394349666516531,1
electricity,030,tfclean_saits_chronos2_realw_resid_trendonly,seasonal,0.2987369074238161,1
electricity,030,tfclean_saits_chronos2_realw_resid_trendonly,freq,0.2750640540224166,1
electricity,030,tfclean_saits_kairos50m_realw_full,trend,0.051882817925429016,1
electricity,030,tfclean_saits_kairos50m_realw_full,seasonal,0.3772339100661918,1
electricity,030,tfclean_saits_kairos50m_realw_full,freq,0.2891396221554455,1
electricity,030,tfclean_saits_kairos50m_realw_full_freqonly,trend,0.09182495189014357,1
electricity,030,tfclean_saits_kairos50m_realw_full_freqonly,seasonal,0.5267057464596053,1
electricity,030,tfclean_saits_kairos50m_realw_full_freqonly,freq,0.2891759385513277,1
electricity,030,tfclean_saits_kairos50m_realw_full_seasonalonly,trend,0.04051421972823629,1
electricity,030,tfclean_saits_kairos50m_realw_full_seasonalonly,seasonal,0.2932772555016931,1
electricity,030,tfclean_saits_kairos50m_realw_full_seasonalonly,freq,0.2788899075452697,1
electricity,030,tfclean_saits_kairos50m_realw_full_trendonly,trend,0.0394349666516531,1
electricity,030,tfclean_saits_kairos50m_realw_full_trendonly,seasonal,0.2987369074238161,1
electricity,030,tfclean_saits_kairos50m_realw_full_trendonly,freq,0.2750640540224166,1
electricity,030,tfclean_saits_kairos50m_realw_resid,trend,0.040597337315856324,1
electricity,030,tfclean_saits_kairos50m_realw_resid,seasonal,0.30071134099922775,1
electricity,030,tfclean_saits_kairos50m_realw_resid,freq,0.27970209043594924,1
electricity,030,tfclean_saits_kairos50m_realw_resid_freqonly,trend,0.04200077416963695,1
electricity,030,tfclean_saits_kairos50m_realw_resid_freqonly,seasonal,0.3024195806992468,1
electricity,030,tfclean_saits_kairos50m_realw_resid_freqonly,freq,0.27523013117179684,1
electricity,030,tfclean_saits_kairos50m_realw_resid_seasonalonly,trend,0.04051421972823629,1
electricity,030,tfclean_saits_kairos50m_realw_resid_seasonalonly,seasonal,0.2932772555016931,1
electricity,030,tfclean_saits_kairos50m_realw_resid_seasonalonly,freq,0.2788899075452697,1
electricity,030,tfclean_saits_kairos50m_realw_resid_trendonly,trend,0.0394349666516531,1
electricity,030,tfclean_saits_kairos50m_realw_resid_trendonly,seasonal,0.2987369074238161,1
electricity,030,tfclean_saits_kairos50m_realw_resid_trendonly,freq,0.2750640540224166,1
electricity,030,tfclean_saits_timesfm2p5_realw_full,trend,0.05953039753828562,1
electricity,030,tfclean_saits_timesfm2p5_realw_full,seasonal,0.4078580025156288,1
electricity,030,tfclean_saits_timesfm2p5_realw_full,freq,0.2861949434649483,1
electricity,030,tfclean_saits_timesfm2p5_realw_full_freqonly,trend,0.09182495189014357,1
electricity,030,tfclean_saits_timesfm2p5_realw_full_freqonly,seasonal,0.5267057464596053,1
electricity,030,tfclean_saits_timesfm2p5_realw_full_freqonly,freq,0.2891759385513277,1
electricity,030,tfclean_saits_timesfm2p5_realw_full_seasonalonly,trend,0.04051421972823629,1
electricity,030,tfclean_saits_timesfm2p5_realw_full_seasonalonly,seasonal,0.2932772555016931,1
electricity,030,tfclean_saits_timesfm2p5_realw_full_seasonalonly,freq,0.2788899075452697,1
electricity,030,tfclean_saits_timesfm2p5_realw_full_trendonly,trend,0.0394349666516531,1
electricity,030,tfclean_saits_timesfm2p5_realw_full_trendonly,seasonal,0.2987369074238161,1
electricity,030,tfclean_saits_timesfm2p5_realw_full_trendonly,freq,0.2750640540224166,1
electricity,030,tfclean_saits_timesfm2p5_realw_resid,trend,0.04097881309205655,1
electricity,030,tfclean_saits_timesfm2p5_realw_resid,seasonal,0.29900193410954923,1
electricity,030,tfclean_saits_timesfm2p5_realw_resid,freq,0.27922767620443084,1
electricity,030,tfclean_saits_timesfm2p5_realw_resid_freqonly,trend,0.04200077416963695,1
electricity,030,tfclean_saits_timesfm2p5_realw_resid_freqonly,seasonal,0.3024195806992468,1
electricity,030,tfclean_saits_timesfm2p5_realw_resid_freqonly,freq,0.27523013117179684,1
electricity,030,tfclean_saits_timesfm2p5_realw_resid_seasonalonly,trend,0.04051421972823629,1
electricity,030,tfclean_saits_timesfm2p5_realw_resid_seasonalonly,seasonal,0.2932772555016931,1
electricity,030,tfclean_saits_timesfm2p5_realw_resid_seasonalonly,freq,0.2788899075452697,1
electricity,030,tfclean_saits_timesfm2p5_realw_resid_trendonly,trend,0.0394349666516531,1
electricity,030,tfclean_saits_timesfm2p5_realw_resid_trendonly,seasonal,0.2987369074238161,1
electricity,030,tfclean_saits_timesfm2p5_realw_resid_trendonly,freq,0.2750640540224166,1
traffic,010,backward,trend,0.09690044609401101,1
traffic,010,backward,seasonal,0.18092465110743197,1
traffic,010,backward,freq,0.25859248823394143,1
traffic,010,chronos_forecast,trend,0.01494771100604449,1
traffic,010,chronos_forecast,seasonal,0.05238123724101387,1
traffic,010,chronos_forecast,freq,0.02349839264944803,1
traffic,010,forward,trend,0.0759611063260436,1
traffic,010,forward,seasonal,0.17644547256082832,1
traffic,010,forward,freq,0.259444577533768,1
traffic,010,gp_rbf,trend,0.06253745075672087,1
traffic,010,gp_rbf,seasonal,0.17819051667143324,1
traffic,010,gp_rbf,freq,0.2456467984637187,1
traffic,010,kalman_arima,trend,0.05460073308565812,1
traffic,010,kalman_arima,seasonal,0.1735304118072678,1
traffic,010,kalman_arima,freq,0.2079187328855307,1
traffic,010,kalman_struct,trend,0.28238386830706436,1
traffic,010,kalman_struct,seasonal,0.16432218809364418,1
traffic,010,kalman_struct,freq,0.20936035474590245,1
traffic,010,linear,trend,0.07644214443227718,1
traffic,010,linear,seasonal,0.17353505802889896,1
traffic,010,linear,freq,0.2368957776095599,1
traffic,010,mean,trend,0.056741124242053034,1
traffic,010,mean,seasonal,0.1866114893992824,1
traffic,010,mean,freq,0.22117141190744108,1
traffic,010,saits,trend,0.03576214485167717,1
traffic,010,saits,seasonal,0.09914127883450809,1
traffic,010,saits,freq,0.11408495336550703,1
traffic,010,tfclean_chronos_forecast_chronos2_adaptive_full,trend,0.03203504529988674,1
traffic,010,tfclean_chronos_forecast_chronos2_adaptive_full,seasonal,0.114660405015363,1
traffic,010,tfclean_chronos_forecast_chronos2_adaptive_full,freq,0.11032481717079258,1
traffic,010,tfclean_chronos_forecast_chronos2_adaptive_resid,trend,0.015088237388813276,1
traffic,010,tfclean_chronos_forecast_chronos2_adaptive_resid,seasonal,0.05533117451787158,1
traffic,010,tfclean_chronos_forecast_chronos2_adaptive_resid,freq,0.013785852348357963,1
traffic,010,tfclean_chronos_forecast_chronos2_realw_full,trend,0.01494771100604449,1
traffic,010,tfclean_chronos_forecast_chronos2_realw_full,seasonal,0.05238123724101387,1
traffic,010,tfclean_chronos_forecast_chronos2_realw_full,freq,0.02349839264944803,1
traffic,010,tfclean_chronos_forecast_chronos2_realw_resid,trend,0.01494771100604449,1
traffic,010,tfclean_chronos_forecast_chronos2_realw_resid,seasonal,0.05238123724101387,1
traffic,010,tfclean_chronos_forecast_chronos2_realw_resid,freq,0.02349839264944803,1
traffic,010,tfclean_chronos_forecast_chronos2_trend_only,trend,0.014310019519238062,1
traffic,010,tfclean_chronos_forecast_chronos2_trend_only,seasonal,0.05199343903911933,1
traffic,010,tfclean_chronos_forecast_chronos2_trend_only,freq,0.017338359639193935,1
traffic,010,tfclean_gp_rbf_chronos2_realw_full,trend,0.06253745075672087,1
traffic,010,tfclean_gp_rbf_chronos2_realw_full,seasonal,0.17819051667143324,1
traffic,010,tfclean_gp_rbf_chronos2_realw_full,freq,0.2456467984637187,1
traffic,010,tfclean_gp_rbf_chronos2_realw_full_freqonly,trend,0.05814330110658688,1
traffic,010,tfclean_gp_rbf_chronos2_realw_full_freqonly,seasonal,0.18291812436509589,1
traffic,010,tfclean_gp_rbf_chronos2_realw_full_freqonly,freq,0.23781706123067847,1
traffic,010,tfclean_gp_rbf_chronos2_realw_full_seasonalonly,trend,0.06172717813150461,1
traffic,010,tfclean_gp_rbf_chronos2_realw_full_seasonalonly,seasonal,0.1722355142998789,1
traffic,010,tfclean_gp_rbf_chronos2_realw_full_seasonalonly,freq,0.24737178652539787,1
traffic,010,tfclean_gp_rbf_chronos2_realw_full_trendonly,trend,0.06182069824617765,1
traffic,010,tfclean_gp_rbf_chronos2_realw_full_trendonly,seasonal,0.1743869654636438,1
traffic,010,tfclean_gp_rbf_chronos2_realw_full_trendonly,freq,0.2704640709497373,1
traffic,010,tfclean_gp_rbf_chronos2_realw_resid,trend,0.06253745075672087,1
traffic,010,tfclean_gp_rbf_chronos2_realw_resid,seasonal,0.17819051667143324,1
traffic,010,tfclean_gp_rbf_chronos2_realw_resid,freq,0.2456467984637187,1
traffic,010,tfclean_gp_rbf_chronos2_realw_resid_freqonly,trend,0.06711302003328158,1
traffic,010,tfclean_gp_rbf_chronos2_realw_resid_freqonly,seasonal,0.17671009973351476,1
traffic,010,tfclean_gp_rbf_chronos2_realw_resid_freqonly,freq,0.1851894904078598,1
traffic,010,tfclean_gp_rbf_chronos2_realw_resid_seasonalonly,trend,0.06172717813150461,1
traffic,010,tfclean_gp_rbf_chronos2_realw_resid_seasonalonly,seasonal,0.1722355142998789,1
traffic,010,tfclean_gp_rbf_chronos2_realw_resid_seasonalonly,freq,0.24737178652539787,1
traffic,010,tfclean_gp_rbf_chronos2_realw_resid_trendonly,trend,0.06182069824617765,1
traffic,010,tfclean_gp_rbf_chronos2_realw_resid_trendonly,seasonal,0.1743869654636438,1
traffic,010,tfclean_gp_rbf_chronos2_realw_resid_trendonly,freq,0.2704640709497373,1
traffic,010,tfclean_gp_rbf_kairos50m_realw_full,trend,0.06253745075672087,1
traffic,010,tfclean_gp_rbf_kairos50m_realw_full,seasonal,0.17819051667143324,1
traffic,010,tfclean_gp_rbf_kairos50m_realw_full,freq,0.2456467984637187,1
traffic,010,tfclean_gp_rbf_kairos50m_realw_full_freqonly,trend,0.05814330110658688,1
traffic,010,tfclean_gp_rbf_kairos50m_realw_full_freqonly,seasonal,0.18291812436509589,1
traffic,010,tfclean_gp_rbf_kairos50m_realw_full_freqonly,freq,0.23781706123067847,1
traffic,010,tfclean_gp_rbf_kairos50m_realw_full_seasonalonly,trend,0.06172717813150461,1
traffic,010,tfclean_gp_rbf_kairos50m_realw_full_seasonalonly,seasonal,0.1722355142998789,1
traffic,010,tfclean_gp_rbf_kairos50m_realw_full_seasonalonly,freq,0.24737178652539787,1
traffic,010,tfclean_gp_rbf_kairos50m_realw_full_trendonly,trend,0.06182069824617765,1
traffic,010,tfclean_gp_rbf_kairos50m_realw_full_trendonly,seasonal,0.1743869654636438,1
traffic,010,tfclean_gp_rbf_kairos50m_realw_full_trendonly,freq,0.2704640709497373,1
traffic,010,tfclean_gp_rbf_kairos50m_realw_resid,trend,0.06253745075672087,1
traffic,010,tfclean_gp_rbf_kairos50m_realw_resid,seasonal,0.17819051667143324,1
traffic,010,tfclean_gp_rbf_kairos50m_realw_resid,freq,0.2456467984637187,1
traffic,010,tfclean_gp_rbf_kairos50m_realw_resid_freqonly,trend,0.06711302003328158,1
traffic,010,tfclean_gp_rbf_kairos50m_realw_resid_freqonly,seasonal,0.17671009973351476,1
traffic,010,tfclean_gp_rbf_kairos50m_realw_resid_freqonly,freq,0.1851894904078598,1
traffic,010,tfclean_gp_rbf_kairos50m_realw_resid_seasonalonly,trend,0.06172717813150461,1
traffic,010,tfclean_gp_rbf_kairos50m_realw_resid_seasonalonly,seasonal,0.1722355142998789,1
traffic,010,tfclean_gp_rbf_kairos50m_realw_resid_seasonalonly,freq,0.24737178652539787,1
traffic,010,tfclean_gp_rbf_kairos50m_realw_resid_trendonly,trend,0.06182069824617765,1
traffic,010,tfclean_gp_rbf_kairos50m_realw_resid_trendonly,seasonal,0.1743869654636438,1
traffic,010,tfclean_gp_rbf_kairos50m_realw_resid_trendonly,freq,0.2704640709497373,1
traffic,010,tfclean_gp_rbf_timesfm2p5_realw_full,trend,0.06253745075672087,1
traffic,010,tfclean_gp_rbf_timesfm2p5_realw_full,seasonal,0.17819051667143324,1
traffic,010,tfclean_gp_rbf_timesfm2p5_realw_full,freq,0.2456467984637187,1
traffic,010,tfclean_gp_rbf_timesfm2p5_realw_full_freqonly,trend,0.05814330110658688,1
traffic,010,tfclean_gp_rbf_timesfm2p5_realw_full_freqonly,seasonal,0.18291812436509589,1
traffic,010,tfclean_gp_rbf_timesfm2p5_realw_full_freqonly,freq,0.23781706123067847,1
traffic,010,tfclean_gp_rbf_timesfm2p5_realw_full_seasonalonly,trend,0.06172717813150461,1
traffic,010,tfclean_gp_rbf_timesfm2p5_realw_full_seasonalonly,seasonal,0.1722355142998789,1
traffic,010,tfclean_gp_rbf_timesfm2p5_realw_full_seasonalonly,freq,0.24737178652539787,1
traffic,010,tfclean_gp_rbf_timesfm2p5_realw_full_trendonly,trend,0.06182069824617765,1
traffic,010,tfclean_gp_rbf_timesfm2p5_realw_full_trendonly,seasonal,0.1743869654636438,1
traffic,010,tfclean_gp_rbf_timesfm2p5_realw_full_trendonly,freq,0.2704640709497373,1
traffic,010,tfclean_gp_rbf_timesfm2p5_realw_resid,trend,0.06253745075672087,1
traffic,010,tfclean_gp_rbf_timesfm2p5_realw_resid,seasonal,0.17819051667143324,1
traffic,010,tfclean_gp_rbf_timesfm2p5_realw_resid,freq,0.2456467984637187,1
traffic,010,tfclean_gp_rbf_timesfm2p5_realw_resid_freqonly,trend,0.06711302003328158,1
traffic,010,tfclean_gp_rbf_timesfm2p5_realw_resid_freqonly,seasonal,0.17671009973351476,1
traffic,010,tfclean_gp_rbf_timesfm2p5_realw_resid_freqonly,freq,0.1851894904078598,1
traffic,010,tfclean_gp_rbf_timesfm2p5_realw_resid_seasonalonly,trend,0.06172717813150461,1
traffic,010,tfclean_gp_rbf_timesfm2p5_realw_resid_seasonalonly,seasonal,0.1722355142998789,1
traffic,010,tfclean_gp_rbf_timesfm2p5_realw_resid_seasonalonly,freq,0.24737178652539787,1
traffic,010,tfclean_gp_rbf_timesfm2p5_realw_resid_trendonly,trend,0.06182069824617765,1
traffic,010,tfclean_gp_rbf_timesfm2p5_realw_resid_trendonly,seasonal,0.1743869654636438,1
traffic,010,tfclean_gp_rbf_timesfm2p5_realw_resid_trendonly,freq,0.2704640709497373,1
traffic,010,tfclean_linear_chronos2_realw_full,trend,0.07644214443227718,1
traffic,010,tfclean_linear_chronos2_realw_full,seasonal,0.17353505802889896,1
traffic,010,tfclean_linear_chronos2_realw_full,freq,0.2368957776095599,1
traffic,010,tfclean_linear_chronos2_realw_full_freqonly,trend,0.05894323768255272,1
traffic,010,tfclean_linear_chronos2_realw_full_freqonly,seasonal,0.18118025119621642,1
traffic,010,tfclean_linear_chronos2_realw_full_freqonly,freq,0.24460775862119818,1
traffic,010,tfclean_linear_chronos2_realw_full_seasonalonly,trend,0.07377164171050234,1
traffic,010,tfclean_linear_chronos2_realw_full_seasonalonly,seasonal,0.1655014357437956,1
traffic,010,tfclean_linear_chronos2_realw_full_seasonalonly,freq,0.23795578268420517,1
traffic,010,tfclean_linear_chronos2_realw_full_trendonly,trend,0.06428161972329223,1
traffic,010,tfclean_linear_chronos2_realw_full_trendonly,seasonal,0.16959540552182292,1
traffic,010,tfclean_linear_chronos2_realw_full_trendonly,freq,0.245891283905777,1
traffic,010,tfclean_linear_chronos2_realw_resid,trend,0.07644214443227718,1
traffic,010,tfclean_linear_chronos2_realw_resid,seasonal,0.17353505802889896,1
traffic,010,tfclean_linear_chronos2_realw_resid,freq,0.2368957776095599,1
traffic,010,tfclean_linear_chronos2_realw_resid_freqonly,trend,0.09136834746399346,1
traffic,010,tfclean_linear_chronos2_realw_resid_freqonly,seasonal,0.1635767347532711,1
traffic,010,tfclean_linear_chronos2_realw_resid_freqonly,freq,0.18364598852311945,1
traffic,010,tfclean_linear_chronos2_realw_resid_seasonalonly,trend,0.07377164171050234,1
traffic,010,tfclean_linear_chronos2_realw_resid_seasonalonly,seasonal,0.1655014357437956,1
traffic,010,tfclean_linear_chronos2_realw_resid_seasonalonly,freq,0.23795578268420517,1
traffic,010,tfclean_linear_chronos2_realw_resid_trendonly,trend,0.06428161972329223,1
traffic,010,tfclean_linear_chronos2_realw_resid_trendonly,seasonal,0.16959540552182292,1
traffic,010,tfclean_linear_chronos2_realw_resid_trendonly,freq,0.245891283905777,1
traffic,010,tfclean_linear_kairos50m_realw_full,trend,0.07644214443227718,1
traffic,010,tfclean_linear_kairos50m_realw_full,seasonal,0.17353505802889896,1
traffic,010,tfclean_linear_kairos50m_realw_full,freq,0.2368957776095599,1
traffic,010,tfclean_linear_kairos50m_realw_full_freqonly,trend,0.05894323768255272,1
traffic,010,tfclean_linear_kairos50m_realw_full_freqonly,seasonal,0.18118025119621642,1
traffic,010,tfclean_linear_kairos50m_realw_full_freqonly,freq,0.24460775862119818,1
traffic,010,tfclean_linear_kairos50m_realw_full_seasonalonly,trend,0.07377164171050234,1
traffic,010,tfclean_linear_kairos50m_realw_full_seasonalonly,seasonal,0.1655014357437956,1
traffic,010,tfclean_linear_kairos50m_realw_full_seasonalonly,freq,0.23795578268420517,1
traffic,010,tfclean_linear_kairos50m_realw_full_trendonly,trend,0.06428161972329223,1
traffic,010,tfclean_linear_kairos50m_realw_full_trendonly,seasonal,0.16959540552182292,1
traffic,010,tfclean_linear_kairos50m_realw_full_trendonly,freq,0.245891283905777,1
traffic,010,tfclean_linear_kairos50m_realw_resid,trend,0.07644214443227718,1
traffic,010,tfclean_linear_kairos50m_realw_resid,seasonal,0.17353505802889896,1
traffic,010,tfclean_linear_kairos50m_realw_resid,freq,0.2368957776095599,1
traffic,010,tfclean_linear_kairos50m_realw_resid_freqonly,trend,0.09136834746399346,1
traffic,010,tfclean_linear_kairos50m_realw_resid_freqonly,seasonal,0.1635767347532711,1
traffic,010,tfclean_linear_kairos50m_realw_resid_freqonly,freq,0.18364598852311945,1
traffic,010,tfclean_linear_kairos50m_realw_resid_seasonalonly,trend,0.07377164171050234,1
traffic,010,tfclean_linear_kairos50m_realw_resid_seasonalonly,seasonal,0.1655014357437956,1
traffic,010,tfclean_linear_kairos50m_realw_resid_seasonalonly,freq,0.23795578268420517,1
traffic,010,tfclean_linear_kairos50m_realw_resid_trendonly,trend,0.06428161972329223,1
traffic,010,tfclean_linear_kairos50m_realw_resid_trendonly,seasonal,0.16959540552182292,1
traffic,010,tfclean_linear_kairos50m_realw_resid_trendonly,freq,0.245891283905777,1
traffic,010,tfclean_linear_timesfm2p5_realw_full,trend,0.07644214443227718,1
traffic,010,tfclean_linear_timesfm2p5_realw_full,seasonal,0.17353505802889896,1
traffic,010,tfclean_linear_timesfm2p5_realw_full,freq,0.2368957776095599,1
traffic,010,tfclean_linear_timesfm2p5_realw_full_freqonly,trend,0.05894323768255272,1
traffic,010,tfclean_linear_timesfm2p5_realw_full_freqonly,seasonal,0.18118025119621642,1
traffic,010,tfclean_linear_timesfm2p5_realw_full_freqonly,freq,0.24460775862119818,1
traffic,010,tfclean_linear_timesfm2p5_realw_full_seasonalonly,trend,0.07377164171050234,1
traffic,010,tfclean_linear_timesfm2p5_realw_full_seasonalonly,seasonal,0.1655014357437956,1
traffic,010,tfclean_linear_timesfm2p5_realw_full_seasonalonly,freq,0.23795578268420517,1
traffic,010,tfclean_linear_timesfm2p5_realw_full_trendonly,trend,0.06428161972329223,1
traffic,010,tfclean_linear_timesfm2p5_realw_full_trendonly,seasonal,0.16959540552182292,1
traffic,010,tfclean_linear_timesfm2p5_realw_full_trendonly,freq,0.245891283905777,1
traffic,010,tfclean_linear_timesfm2p5_realw_resid,trend,0.07644214443227718,1
traffic,010,tfclean_linear_timesfm2p5_realw_resid,seasonal,0.17353505802889896,1
traffic,010,tfclean_linear_timesfm2p5_realw_resid,freq,0.2368957776095599,1
traffic,010,tfclean_linear_timesfm2p5_realw_resid_freqonly,trend,0.09136834746399346,1
traffic,010,tfclean_linear_timesfm2p5_realw_resid_freqonly,seasonal,0.1635767347532711,1
traffic,010,tfclean_linear_timesfm2p5_realw_resid_freqonly,freq,0.18364598852311945,1
traffic,010,tfclean_linear_timesfm2p5_realw_resid_seasonalonly,trend,0.07377164171050234,1
traffic,010,tfclean_linear_timesfm2p5_realw_resid_seasonalonly,seasonal,0.1655014357437956,1
traffic,010,tfclean_linear_timesfm2p5_realw_resid_seasonalonly,freq,0.23795578268420517,1
traffic,010,tfclean_linear_timesfm2p5_realw_resid_trendonly,trend,0.06428161972329223,1
traffic,010,tfclean_linear_timesfm2p5_realw_resid_trendonly,seasonal,0.16959540552182292,1
traffic,010,tfclean_linear_timesfm2p5_realw_resid_trendonly,freq,0.245891283905777,1
traffic,010,tfclean_saits_chronos2_realw_full,trend,0.03576214485167717,1
traffic,010,tfclean_saits_chronos2_realw_full,seasonal,0.09914127883450809,1
traffic,010,tfclean_saits_chronos2_realw_full,freq,0.11408495336550703,1
traffic,010,tfclean_saits_chronos2_realw_full_freqonly,trend,0.0644861865753726,1
traffic,010,tfclean_saits_chronos2_realw_full_freqonly,seasonal,0.18208980628827556,1
traffic,010,tfclean_saits_chronos2_realw_full_freqonly,freq,0.20110555558135101,1
traffic,010,tfclean_saits_chronos2_realw_full_seasonalonly,trend,0.03576214485167717,1
traffic,010,tfclean_saits_chronos2_realw_full_seasonalonly,seasonal,0.09914127883450624,1
traffic,010,tfclean_saits_chronos2_realw_full_seasonalonly,freq,0.11408495336547797,1
traffic,010,tfclean_saits_chronos2_realw_full_trendonly,trend,0.03358292160508318,1
traffic,010,tfclean_saits_chronos2_realw_full_trendonly,seasonal,0.09939098950895539,1
traffic,010,tfclean_saits_chronos2_realw_full_trendonly,freq,0.1160613660716524,1
traffic,010,tfclean_saits_chronos2_realw_resid,trend,0.03576214485167717,1
traffic,010,tfclean_saits_chronos2_realw_resid,seasonal,0.09914127883450809,1
traffic,010,tfclean_saits_chronos2_realw_resid,freq,0.11408495336550703,1
traffic,010,tfclean_saits_chronos2_realw_resid_freqonly,trend,0.040566217006502606,1
traffic,010,tfclean_saits_chronos2_realw_resid_freqonly,seasonal,0.09522852704531631,1
traffic,010,tfclean_saits_chronos2_realw_resid_freqonly,freq,0.08909626330030457,1
traffic,010,tfclean_saits_chronos2_realw_resid_seasonalonly,trend,0.03576214485167717,1
traffic,010,tfclean_saits_chronos2_realw_resid_seasonalonly,seasonal,0.09914127883450624,1
traffic,010,tfclean_saits_chronos2_realw_resid_seasonalonly,freq,0.11408495336547797,1
traffic,010,tfclean_saits_chronos2_realw_resid_trendonly,trend,0.03358292160508318,1
traffic,010,tfclean_saits_chronos2_realw_resid_trendonly,seasonal,0.09939098950895539,1
traffic,010,tfclean_saits_chronos2_realw_resid_trendonly,freq,0.1160613660716524,1
traffic,010,tfclean_saits_kairos50m_realw_full,trend,0.03576214485167717,1
traffic,010,tfclean_saits_kairos50m_realw_full,seasonal,0.09914127883450809,1
traffic,010,tfclean_saits_kairos50m_realw_full,freq,0.11408495336550703,1
traffic,010,tfclean_saits_kairos50m_realw_full_freqonly,trend,0.0644861865753726,1
traffic,010,tfclean_saits_kairos50m_realw_full_freqonly,seasonal,0.18208980628827556,1
traffic,010,tfclean_saits_kairos50m_realw_full_freqonly,freq,0.20110555558135101,1
traffic,010,tfclean_saits_kairos50m_realw_full_seasonalonly,trend,0.03576214485167717,1
traffic,010,tfclean_saits_kairos50m_realw_full_seasonalonly,seasonal,0.09914127883450624,1
traffic,010,tfclean_saits_kairos50m_realw_full_seasonalonly,freq,0.11408495336547797,1
traffic,010,tfclean_saits_kairos50m_realw_full_trendonly,trend,0.03358292160508318,1
traffic,010,tfclean_saits_kairos50m_realw_full_trendonly,seasonal,0.09939098950895539,1
traffic,010,tfclean_saits_kairos50m_realw_full_trendonly,freq,0.1160613660716524,1
traffic,010,tfclean_saits_kairos50m_realw_resid,trend,0.03576214485167717,1
traffic,010,tfclean_saits_kairos50m_realw_resid,seasonal,0.09914127883450809,1
traffic,010,tfclean_saits_kairos50m_realw_resid,freq,0.11408495336550703,1
traffic,010,tfclean_saits_kairos50m_realw_resid_freqonly,trend,0.040566217006502606,1
traffic,010,tfclean_saits_kairos50m_realw_resid_freqonly,seasonal,0.09522852704531631,1
traffic,010,tfclean_saits_kairos50m_realw_resid_freqonly,freq,0.08909626330030457,1
traffic,010,tfclean_saits_kairos50m_realw_resid_seasonalonly,trend,0.03576214485167717,1
traffic,010,tfclean_saits_kairos50m_realw_resid_seasonalonly,seasonal,0.09914127883450624,1
traffic,010,tfclean_saits_kairos50m_realw_resid_seasonalonly,freq,0.11408495336547797,1
traffic,010,tfclean_saits_kairos50m_realw_resid_trendonly,trend,0.03358292160508318,1
traffic,010,tfclean_saits_kairos50m_realw_resid_trendonly,seasonal,0.09939098950895539,1
traffic,010,tfclean_saits_kairos50m_realw_resid_trendonly,freq,0.1160613660716524,1
traffic,010,tfclean_saits_timesfm2p5_realw_full,trend,0.03576214485167717,1
traffic,010,tfclean_saits_timesfm2p5_realw_full,seasonal,0.09914127883450809,1
traffic,010,tfclean_saits_timesfm2p5_realw_full,freq,0.11408495336550703,1
traffic,010,tfclean_saits_timesfm2p5_realw_full_freqonly,trend,0.0644861865753726,1
traffic,010,tfclean_saits_timesfm2p5_realw_full_freqonly,seasonal,0.18208980628827556,1
traffic,010,tfclean_saits_timesfm2p5_realw_full_freqonly,freq,0.20110555558135101,1
traffic,010,tfclean_saits_timesfm2p5_realw_full_seasonalonly,trend,0.03576214485167717,1
traffic,010,tfclean_saits_timesfm2p5_realw_full_seasonalonly,seasonal,0.09914127883450624,1
traffic,010,tfclean_saits_timesfm2p5_realw_full_seasonalonly,freq,0.11408495336547797,1
traffic,010,tfclean_saits_timesfm2p5_realw_full_trendonly,trend,0.03358292160508318,1
traffic,010,tfclean_saits_timesfm2p5_realw_full_trendonly,seasonal,0.09939098950895539,1
traffic,010,tfclean_saits_timesfm2p5_realw_full_trendonly,freq,0.1160613660716524,1
traffic,010,tfclean_saits_timesfm2p5_realw_resid,trend,0.03576214485167717,1
traffic,010,tfclean_saits_timesfm2p5_realw_resid,seasonal,0.09914127883450809,1
traffic,010,tfclean_saits_timesfm2p5_realw_resid,freq,0.11408495336550703,1
traffic,010,tfclean_saits_timesfm2p5_realw_resid_freqonly,trend,0.040566217006502606,1
traffic,010,tfclean_saits_timesfm2p5_realw_resid_freqonly,seasonal,0.09522852704531631,1
traffic,010,tfclean_saits_timesfm2p5_realw_resid_freqonly,freq,0.08909626330030457,1
traffic,010,tfclean_saits_timesfm2p5_realw_resid_seasonalonly,trend,0.03576214485167717,1
traffic,010,tfclean_saits_timesfm2p5_realw_resid_seasonalonly,seasonal,0.09914127883450624,1
traffic,010,tfclean_saits_timesfm2p5_realw_resid_seasonalonly,freq,0.11408495336547797,1
traffic,010,tfclean_saits_timesfm2p5_realw_resid_trendonly,trend,0.03358292160508318,1
traffic,010,tfclean_saits_timesfm2p5_realw_resid_trendonly,seasonal,0.09939098950895539,1
traffic,010,tfclean_saits_timesfm2p5_realw_resid_trendonly,freq,0.1160613660716524,1
traffic,020,backward,trend,0.1582958687722599,1
traffic,020,backward,seasonal,0.32297042278763494,1
traffic,020,backward,freq,0.26859655671288174,1
traffic,020,chronos_forecast,trend,0.025811118764076015,1
traffic,020,chronos_forecast,seasonal,0.07528707380478188,1
traffic,020,chronos_forecast,freq,0.05754595766244025,1
traffic,020,forward,trend,0.17597101091489034,1
traffic,020,forward,seasonal,0.3285084081865041,1
traffic,020,forward,freq,0.29679686921060683,1
traffic,020,gp_rbf,trend,0.102927980003947,1
traffic,020,gp_rbf,seasonal,0.3475549329054809,1
traffic,020,gp_rbf,freq,0.27328974521930954,1
traffic,020,kalman_arima,trend,0.0924986183037815,1
traffic,020,kalman_arima,seasonal,0.31831208204683614,1
traffic,020,kalman_arima,freq,0.3066062605781848,1
traffic,020,kalman_struct,trend,0.4097991779994892,1
traffic,020,kalman_struct,seasonal,0.3542389841261882,1
traffic,020,kalman_struct,freq,0.24852565014986863,1
traffic,020,linear,trend,0.16083445255472695,1
traffic,020,linear,seasonal,0.34108220021192087,1
traffic,020,linear,freq,0.251583548472532,1
traffic,020,mean,trend,0.09185051783952677,1
traffic,020,mean,seasonal,0.3384001697361054,1
traffic,020,mean,freq,0.28704791564600757,1
traffic,020,saits,trend,0.0599025858665197,1
traffic,020,saits,seasonal,0.12905755910526784,1
traffic,020,saits,freq,0.25332942475033693,1
traffic,020,tfclean_chronos_forecast_chronos2_adaptive_full,trend,0.039291481659156295,1
traffic,020,tfclean_chronos_forecast_chronos2_adaptive_full,seasonal,0.14116617558212288,1
traffic,020,tfclean_chronos_forecast_chronos2_adaptive_full,freq,0.19938015193653338,1
traffic,020,tfclean_chronos_forecast_chronos2_adaptive_resid,trend,0.025798627170820213,1
traffic,020,tfclean_chronos_forecast_chronos2_adaptive_resid,seasonal,0.0852654523128946,1
traffic,020,tfclean_chronos_forecast_chronos2_adaptive_resid,freq,0.034577526946085034,1
traffic,020,tfclean_chronos_forecast_chronos2_realw_full,trend,0.025811118764076015,1
traffic,020,tfclean_chronos_forecast_chronos2_realw_full,seasonal,0.07528707380478188,1
traffic,020,tfclean_chronos_forecast_chronos2_realw_full,freq,0.05754595766244025,1
traffic,020,tfclean_chronos_forecast_chronos2_realw_resid,trend,0.025811118764076015,1
traffic,020,tfclean_chronos_forecast_chronos2_realw_resid,seasonal,0.07528707380478188,1
traffic,020,tfclean_chronos_forecast_chronos2_realw_resid,freq,0.05754595766244025,1
traffic,020,tfclean_chronos_forecast_chronos2_trend_only,trend,0.026219758815606127,1
traffic,020,tfclean_chronos_forecast_chronos2_trend_only,seasonal,0.07657678244887274,1
traffic,020,tfclean_chronos_forecast_chronos2_trend_only,freq,0.04672276733337232,1
traffic,020,tfclean_gp_rbf_chronos2_realw_full,trend,0.102927980003947,1
traffic,020,tfclean_gp_rbf_chronos2_realw_full,seasonal,0.3475549329054809,1
traffic,020,tfclean_gp_rbf_chronos2_realw_full,freq,0.27328974521930954,1
traffic,020,tfclean_gp_rbf_chronos2_realw_full_freqonly,trend,0.08120133511776229,1
traffic,020,tfclean_gp_rbf_chronos2_realw_full_freqonly,seasonal,0.3472752517673805,1
traffic,020,tfclean_gp_rbf_chronos2_realw_full_freqonly,freq,0.3048977211722012,1
traffic,020,tfclean_gp_rbf_chronos2_realw_full_seasonalonly,trend,0.1040736870195626,1
traffic,020,tfclean_gp_rbf_chronos2_realw_full_seasonalonly,seasonal,0.32505600410780416,1
traffic,020,tfclean_gp_rbf_chronos2_realw_full_seasonalonly,freq,0.2703430730939752,1
traffic,020,tfclean_gp_rbf_chronos2_realw_full_trendonly,trend,0.09578321695647986,1
traffic,020,tfclean_gp_rbf_chronos2_realw_full_trendonly,seasonal,0.3439949685531173,1
traffic,020,tfclean_gp_rbf_chronos2_realw_full_trendonly,freq,0.27613686610747973,1
traffic,020,tfclean_gp_rbf_chronos2_realw_resid,trend,0.102927980003947,1
traffic,020,tfclean_gp_rbf_chronos2_realw_resid,seasonal,0.3475549329054809,1
traffic,020,tfclean_gp_rbf_chronos2_realw_resid,freq,0.27328974521930954,1
traffic,020,tfclean_gp_rbf_chronos2_realw_resid_freqonly,trend,0.10239223944219,1
traffic,020,tfclean_gp_rbf_chronos2_realw_resid_freqonly,seasonal,0.333150409010898,1
traffic,020,tfclean_gp_rbf_chronos2_realw_resid_freqonly,freq,0.3530414674928484,1
traffic,020,tfclean_gp_rbf_chronos2_realw_resid_seasonalonly,trend,0.1040736870195626,1
traffic,020,tfclean_gp_rbf_chronos2_realw_resid_seasonalonly,seasonal,0.32505600410780416,1
traffic,020,tfclean_gp_rbf_chronos2_realw_resid_seasonalonly,freq,0.2703430730939752,1
traffic,020,tfclean_gp_rbf_chronos2_realw_resid_trendonly,trend,0.09578321695647986,1
traffic,020,tfclean_gp_rbf_chronos2_realw_resid_trendonly,seasonal,0.3439949685531173,1
traffic,020,tfclean_gp_rbf_chronos2_realw_resid_trendonly,freq,0.27613686610747973,1
traffic,020,tfclean_gp_rbf_kairos50m_realw_full,trend,0.102927980003947,1
traffic,020,tfclean_gp_rbf_kairos50m_realw_full,seasonal,0.3475549329054809,1
traffic,020,tfclean_gp_rbf_kairos50m_realw_full,freq,0.27328974521930954,1
traffic,020,tfclean_gp_rbf_kairos50m_realw_full_freqonly,trend,0.08120133511776229,1
traffic,020,tfclean_gp_rbf_kairos50m_realw_full_freqonly,seasonal,0.3472752517673805,1
traffic,020,tfclean_gp_rbf_kairos50m_realw_full_freqonly,freq,0.3048977211722012,1
traffic,020,tfclean_gp_rbf_kairos50m_realw_full_seasonalonly,trend,0.1040736870195626,1
traffic,020,tfclean_gp_rbf_kairos50m_realw_full_seasonalonly,seasonal,0.32505600410780416,1
traffic,020,tfclean_gp_rbf_kairos50m_realw_full_seasonalonly,freq,0.2703430730939752,1
traffic,020,tfclean_gp_rbf_kairos50m_realw_full_trendonly,trend,0.09578321695647986,1
traffic,020,tfclean_gp_rbf_kairos50m_realw_full_trendonly,seasonal,0.3439949685531173,1
traffic,020,tfclean_gp_rbf_kairos50m_realw_full_trendonly,freq,0.27613686610747973,1
traffic,020,tfclean_gp_rbf_kairos50m_realw_resid,trend,0.102927980003947,1
traffic,020,tfclean_gp_rbf_kairos50m_realw_resid,seasonal,0.3475549329054809,1
traffic,020,tfclean_gp_rbf_kairos50m_realw_resid,freq,0.27328974521930954,1
traffic,020,tfclean_gp_rbf_kairos50m_realw_resid_freqonly,trend,0.10239223944219,1
traffic,020,tfclean_gp_rbf_kairos50m_realw_resid_freqonly,seasonal,0.333150409010898,1
traffic,020,tfclean_gp_rbf_kairos50m_realw_resid_freqonly,freq,0.3530414674928484,1
traffic,020,tfclean_gp_rbf_kairos50m_realw_resid_seasonalonly,trend,0.1040736870195626,1
traffic,020,tfclean_gp_rbf_kairos50m_realw_resid_seasonalonly,seasonal,0.32505600410780416,1
traffic,020,tfclean_gp_rbf_kairos50m_realw_resid_seasonalonly,freq,0.2703430730939752,1
traffic,020,tfclean_gp_rbf_kairos50m_realw_resid_trendonly,trend,0.09578321695647986,1
traffic,020,tfclean_gp_rbf_kairos50m_realw_resid_trendonly,seasonal,0.3439949685531173,1
traffic,020,tfclean_gp_rbf_kairos50m_realw_resid_trendonly,freq,0.27613686610747973,1
traffic,020,tfclean_gp_rbf_timesfm2p5_realw_full,trend,0.102927980003947,1
traffic,020,tfclean_gp_rbf_timesfm2p5_realw_full,seasonal,0.3475549329054809,1
traffic,020,tfclean_gp_rbf_timesfm2p5_realw_full,freq,0.27328974521930954,1
traffic,020,tfclean_gp_rbf_timesfm2p5_realw_full_freqonly,trend,0.08120133511776229,1
traffic,020,tfclean_gp_rbf_timesfm2p5_realw_full_freqonly,seasonal,0.3472752517673805,1
traffic,020,tfclean_gp_rbf_timesfm2p5_realw_full_freqonly,freq,0.3048977211722012,1
traffic,020,tfclean_gp_rbf_timesfm2p5_realw_full_seasonalonly,trend,0.1040736870195626,1
traffic,020,tfclean_gp_rbf_timesfm2p5_realw_full_seasonalonly,seasonal,0.32505600410780416,1
traffic,020,tfclean_gp_rbf_timesfm2p5_realw_full_seasonalonly,freq,0.2703430730939752,1
traffic,020,tfclean_gp_rbf_timesfm2p5_realw_full_trendonly,trend,0.09578321695647986,1
traffic,020,tfclean_gp_rbf_timesfm2p5_realw_full_trendonly,seasonal,0.3439949685531173,1
traffic,020,tfclean_gp_rbf_timesfm2p5_realw_full_trendonly,freq,0.27613686610747973,1
traffic,020,tfclean_gp_rbf_timesfm2p5_realw_resid,trend,0.102927980003947,1
traffic,020,tfclean_gp_rbf_timesfm2p5_realw_resid,seasonal,0.3475549329054809,1
traffic,020,tfclean_gp_rbf_timesfm2p5_realw_resid,freq,0.27328974521930954,1
traffic,020,tfclean_gp_rbf_timesfm2p5_realw_resid_freqonly,trend,0.10239223944219,1
traffic,020,tfclean_gp_rbf_timesfm2p5_realw_resid_freqonly,seasonal,0.333150409010898,1
traffic,020,tfclean_gp_rbf_timesfm2p5_realw_resid_freqonly,freq,0.3530414674928484,1
traffic,020,tfclean_gp_rbf_timesfm2p5_realw_resid_seasonalonly,trend,0.1040736870195626,1
traffic,020,tfclean_gp_rbf_timesfm2p5_realw_resid_seasonalonly,seasonal,0.32505600410780416,1
traffic,020,tfclean_gp_rbf_timesfm2p5_realw_resid_seasonalonly,freq,0.2703430730939752,1
traffic,020,tfclean_gp_rbf_timesfm2p5_realw_resid_trendonly,trend,0.09578321695647986,1
traffic,020,tfclean_gp_rbf_timesfm2p5_realw_resid_trendonly,seasonal,0.3439949685531173,1
traffic,020,tfclean_gp_rbf_timesfm2p5_realw_resid_trendonly,freq,0.27613686610747973,1
traffic,020,tfclean_linear_chronos2_realw_full,trend,0.16083445255472695,1
traffic,020,tfclean_linear_chronos2_realw_full,seasonal,0.34108220021192087,1
traffic,020,tfclean_linear_chronos2_realw_full,freq,0.251583548472532,1
traffic,020,tfclean_linear_chronos2_realw_full_freqonly,trend,0.08825297272145526,1
traffic,020,tfclean_linear_chronos2_realw_full_freqonly,seasonal,0.3411166190581931,1
traffic,020,tfclean_linear_chronos2_realw_full_freqonly,freq,0.3052524965523152,1
traffic,020,tfclean_linear_chronos2_realw_full_seasonalonly,trend,0.15690391986370167,1
traffic,020,tfclean_linear_chronos2_realw_full_seasonalonly,seasonal,0.3085450823804995,1
traffic,020,tfclean_linear_chronos2_realw_full_seasonalonly,freq,0.24301877677845277,1
traffic,020,tfclean_linear_chronos2_realw_full_trendonly,trend,0.14189069777907545,1
traffic,020,tfclean_linear_chronos2_realw_full_trendonly,seasonal,0.3218611401786064,1
traffic,020,tfclean_linear_chronos2_realw_full_trendonly,freq,0.26381094252683795,1
traffic,020,tfclean_linear_chronos2_realw_resid,trend,0.16083445255472695,1
traffic,020,tfclean_linear_chronos2_realw_resid,seasonal,0.34108220021192087,1
traffic,020,tfclean_linear_chronos2_realw_resid,freq,0.251583548472532,1
traffic,020,tfclean_linear_chronos2_realw_resid_freqonly,trend,0.15495898726065666,1
traffic,020,tfclean_linear_chronos2_realw_resid_freqonly,seasonal,0.2998610708920787,1
traffic,020,tfclean_linear_chronos2_realw_resid_freqonly,freq,0.38001925758829114,1
traffic,020,tfclean_linear_chronos2_realw_resid_seasonalonly,trend,0.15690391986370167,1
traffic,020,tfclean_linear_chronos2_realw_resid_seasonalonly,seasonal,0.3085450823804995,1
traffic,020,tfclean_linear_chronos2_realw_resid_seasonalonly,freq,0.24301877677845277,1
traffic,020,tfclean_linear_chronos2_realw_resid_trendonly,trend,0.14189069777907545,1
traffic,020,tfclean_linear_chronos2_realw_resid_trendonly,seasonal,0.3218611401786064,1
traffic,020,tfclean_linear_chronos2_realw_resid_trendonly,freq,0.26381094252683795,1
traffic,020,tfclean_linear_kairos50m_realw_full,trend,0.16083445255472695,1
traffic,020,tfclean_linear_kairos50m_realw_full,seasonal,0.34108220021192087,1
traffic,020,tfclean_linear_kairos50m_realw_full,freq,0.251583548472532,1
traffic,020,tfclean_linear_kairos50m_realw_full_freqonly,trend,0.08825297272145526,1
traffic,020,tfclean_linear_kairos50m_realw_full_freqonly,seasonal,0.3411166190581931,1
traffic,020,tfclean_linear_kairos50m_realw_full_freqonly,freq,0.3052524965523152,1
traffic,020,tfclean_linear_kairos50m_realw_full_seasonalonly,trend,0.15690391986370167,1
traffic,020,tfclean_linear_kairos50m_realw_full_seasonalonly,seasonal,0.3085450823804995,1
traffic,020,tfclean_linear_kairos50m_realw_full_seasonalonly,freq,0.24301877677845277,1
traffic,020,tfclean_linear_kairos50m_realw_full_trendonly,trend,0.14189069777907545,1
traffic,020,tfclean_linear_kairos50m_realw_full_trendonly,seasonal,0.3218611401786064,1
traffic,020,tfclean_linear_kairos50m_realw_full_trendonly,freq,0.26381094252683795,1
traffic,020,tfclean_linear_kairos50m_realw_resid,trend,0.16083445255472695,1
traffic,020,tfclean_linear_kairos50m_realw_resid,seasonal,0.34108220021192087,1
traffic,020,tfclean_linear_kairos50m_realw_resid,freq,0.251583548472532,1
traffic,020,tfclean_linear_kairos50m_realw_resid_freqonly,trend,0.15495898726065666,1
traffic,020,tfclean_linear_kairos50m_realw_resid_freqonly,seasonal,0.2998610708920787,1
traffic,020,tfclean_linear_kairos50m_realw_resid_freqonly,freq,0.38001925758829114,1
traffic,020,tfclean_linear_kairos50m_realw_resid_seasonalonly,trend,0.15690391986370167,1
traffic,020,tfclean_linear_kairos50m_realw_resid_seasonalonly,seasonal,0.3085450823804995,1
traffic,020,tfclean_linear_kairos50m_realw_resid_seasonalonly,freq,0.24301877677845277,1
traffic,020,tfclean_linear_kairos50m_realw_resid_trendonly,trend,0.14189069777907545,1
traffic,020,tfclean_linear_kairos50m_realw_resid_trendonly,seasonal,0.3218611401786064,1
traffic,020,tfclean_linear_kairos50m_realw_resid_trendonly,freq,0.26381094252683795,1
traffic,020,tfclean_linear_timesfm2p5_realw_full,trend,0.16083445255472695,1
traffic,020,tfclean_linear_timesfm2p5_realw_full,seasonal,0.34108220021192087,1
traffic,020,tfclean_linear_timesfm2p5_realw_full,freq,0.251583548472532,1
traffic,020,tfclean_linear_timesfm2p5_realw_full_freqonly,trend,0.08825297272145526,1
traffic,020,tfclean_linear_timesfm2p5_realw_full_freqonly,seasonal,0.3411166190581931,1
traffic,020,tfclean_linear_timesfm2p5_realw_full_freqonly,freq,0.3052524965523152,1
traffic,020,tfclean_linear_timesfm2p5_realw_full_seasonalonly,trend,0.15690391986370167,1
traffic,020,tfclean_linear_timesfm2p5_realw_full_seasonalonly,seasonal,0.3085450823804995,1
traffic,020,tfclean_linear_timesfm2p5_realw_full_seasonalonly,freq,0.24301877677845277,1
traffic,020,tfclean_linear_timesfm2p5_realw_full_trendonly,trend,0.14189069777907545,1
traffic,020,tfclean_linear_timesfm2p5_realw_full_trendonly,seasonal,0.3218611401786064,1
traffic,020,tfclean_linear_timesfm2p5_realw_full_trendonly,freq,0.26381094252683795,1
traffic,020,tfclean_linear_timesfm2p5_realw_resid,trend,0.16083445255472695,1
traffic,020,tfclean_linear_timesfm2p5_realw_resid,seasonal,0.34108220021192087,1
traffic,020,tfclean_linear_timesfm2p5_realw_resid,freq,0.251583548472532,1
traffic,020,tfclean_linear_timesfm2p5_realw_resid_freqonly,trend,0.15495898726065666,1
traffic,020,tfclean_linear_timesfm2p5_realw_resid_freqonly,seasonal,0.2998610708920787,1
traffic,020,tfclean_linear_timesfm2p5_realw_resid_freqonly,freq,0.38001925758829114,1
traffic,020,tfclean_linear_timesfm2p5_realw_resid_seasonalonly,trend,0.15690391986370167,1
traffic,020,tfclean_linear_timesfm2p5_realw_resid_seasonalonly,seasonal,0.3085450823804995,1
traffic,020,tfclean_linear_timesfm2p5_realw_resid_seasonalonly,freq,0.24301877677845277,1
traffic,020,tfclean_linear_timesfm2p5_realw_resid_trendonly,trend,0.14189069777907545,1
traffic,020,tfclean_linear_timesfm2p5_realw_resid_trendonly,seasonal,0.3218611401786064,1
traffic,020,tfclean_linear_timesfm2p5_realw_resid_trendonly,freq,0.26381094252683795,1
traffic,020,tfclean_saits_chronos2_realw_full,trend,0.0599025858665197,1
traffic,020,tfclean_saits_chronos2_realw_full,seasonal,0.12905755910526784,1
traffic,020,tfclean_saits_chronos2_realw_full,freq,0.25332942475033693,1
traffic,020,tfclean_saits_chronos2_realw_full_freqonly,trend,0.08015387682351298,1
traffic,020,tfclean_saits_chronos2_realw_full_freqonly,seasonal,0.3131643024898012,1
traffic,020,tfclean_saits_chronos2_realw_full_freqonly,freq,0.3085507548908508,1
traffic,020,tfclean_saits_chronos2_realw_full_seasonalonly,trend,0.059902628426196126,1
traffic,020,tfclean_saits_chronos2_realw_full_seasonalonly,seasonal,0.1290583045120606,1
traffic,020,tfclean_saits_chronos2_realw_full_seasonalonly,freq,0.2533288467684577,1
traffic,020,tfclean_saits_chronos2_realw_full_trendonly,trend,0.058787280592652785,1
traffic,020,tfclean_saits_chronos2_realw_full_trendonly,seasonal,0.12902963228291717,1
traffic,020,tfclean_saits_chronos2_realw_full_trendonly,freq,0.25179753163132473,1
traffic,020,tfclean_saits_chronos2_realw_resid,trend,0.0599025858665197,1
traffic,020,tfclean_saits_chronos2_realw_resid,seasonal,0.12905755910526784,1
traffic,020,tfclean_saits_chronos2_realw_resid,freq,0.25332942475033693,1
traffic,020,tfclean_saits_chronos2_realw_resid_freqonly,trend,0.06123925146778911,1
traffic,020,tfclean_saits_chronos2_realw_resid_freqonly,seasonal,0.12512039716567225,1
traffic,020,tfclean_saits_chronos2_realw_resid_freqonly,freq,0.23675267263549055,1
traffic,020,tfclean_saits_chronos2_realw_resid_seasonalonly,trend,0.059902628426196126,1
traffic,020,tfclean_saits_chronos2_realw_resid_seasonalonly,seasonal,0.1290583045120606,1
traffic,020,tfclean_saits_chronos2_realw_resid_seasonalonly,freq,0.2533288467684577,1
traffic,020,tfclean_saits_chronos2_realw_resid_trendonly,trend,0.058787280592652785,1
traffic,020,tfclean_saits_chronos2_realw_resid_trendonly,seasonal,0.12902963228291717,1
traffic,020,tfclean_saits_chronos2_realw_resid_trendonly,freq,0.25179753163132473,1
traffic,020,tfclean_saits_kairos50m_realw_full,trend,0.0599025858665197,1
traffic,020,tfclean_saits_kairos50m_realw_full,seasonal,0.12905755910526784,1
traffic,020,tfclean_saits_kairos50m_realw_full,freq,0.25332942475033693,1
traffic,020,tfclean_saits_kairos50m_realw_full_freqonly,trend,0.08015387682351298,1
traffic,020,tfclean_saits_kairos50m_realw_full_freqonly,seasonal,0.3131643024898012,1
traffic,020,tfclean_saits_kairos50m_realw_full_freqonly,freq,0.3085507548908508,1
traffic,020,tfclean_saits_kairos50m_realw_full_seasonalonly,trend,0.059902628426196126,1
traffic,020,tfclean_saits_kairos50m_realw_full_seasonalonly,seasonal,0.1290583045120606,1
traffic,020,tfclean_saits_kairos50m_realw_full_seasonalonly,freq,0.2533288467684577,1
traffic,020,tfclean_saits_kairos50m_realw_full_trendonly,trend,0.058787280592652785,1
traffic,020,tfclean_saits_kairos50m_realw_full_trendonly,seasonal,0.12902963228291717,1
traffic,020,tfclean_saits_kairos50m_realw_full_trendonly,freq,0.25179753163132473,1
traffic,020,tfclean_saits_kairos50m_realw_resid,trend,0.0599025858665197,1
traffic,020,tfclean_saits_kairos50m_realw_resid,seasonal,0.12905755910526784,1
traffic,020,tfclean_saits_kairos50m_realw_resid,freq,0.25332942475033693,1
traffic,020,tfclean_saits_kairos50m_realw_resid_freqonly,trend,0.06123925146778911,1
traffic,020,tfclean_saits_kairos50m_realw_resid_freqonly,seasonal,0.12512039716567225,1
traffic,020,tfclean_saits_kairos50m_realw_resid_freqonly,freq,0.23675267263549055,1
traffic,020,tfclean_saits_kairos50m_realw_resid_seasonalonly,trend,0.059902628426196126,1
traffic,020,tfclean_saits_kairos50m_realw_resid_seasonalonly,seasonal,0.1290583045120606,1
traffic,020,tfclean_saits_kairos50m_realw_resid_seasonalonly,freq,0.2533288467684577,1
traffic,020,tfclean_saits_kairos50m_realw_resid_trendonly,trend,0.058787280592652785,1
traffic,020,tfclean_saits_kairos50m_realw_resid_trendonly,seasonal,0.12902963228291717,1
traffic,020,tfclean_saits_kairos50m_realw_resid_trendonly,freq,0.25179753163132473,1
traffic,020,tfclean_saits_timesfm2p5_realw_full,trend,0.0599025858665197,1
traffic,020,tfclean_saits_timesfm2p5_realw_full,seasonal,0.12905755910526784,1
traffic,020,tfclean_saits_timesfm2p5_realw_full,freq,0.25332942475033693,1
traffic,020,tfclean_saits_timesfm2p5_realw_full_freqonly,trend,0.08015387682351298,1
traffic,020,tfclean_saits_timesfm2p5_realw_full_freqonly,seasonal,0.3131643024898012,1
traffic,020,tfclean_saits_timesfm2p5_realw_full_freqonly,freq,0.3085507548908508,1
traffic,020,tfclean_saits_timesfm2p5_realw_full_seasonalonly,trend,0.059902628426196126,1
traffic,020,tfclean_saits_timesfm2p5_realw_full_seasonalonly,seasonal,0.1290583045120606,1
traffic,020,tfclean_saits_timesfm2p5_realw_full_seasonalonly,freq,0.2533288467684577,1
traffic,020,tfclean_saits_timesfm2p5_realw_full_trendonly,trend,0.058787280592652785,1
traffic,020,tfclean_saits_timesfm2p5_realw_full_trendonly,seasonal,0.12902963228291717,1
traffic,020,tfclean_saits_timesfm2p5_realw_full_trendonly,freq,0.25179753163132473,1
traffic,020,tfclean_saits_timesfm2p5_realw_resid,trend,0.0599025858665197,1
traffic,020,tfclean_saits_timesfm2p5_realw_resid,seasonal,0.12905755910526784,1
traffic,020,tfclean_saits_timesfm2p5_realw_resid,freq,0.25332942475033693,1
traffic,020,tfclean_saits_timesfm2p5_realw_resid_freqonly,trend,0.06123925146778911,1
traffic,020,tfclean_saits_timesfm2p5_realw_resid_freqonly,seasonal,0.12512039716567225,1
traffic,020,tfclean_saits_timesfm2p5_realw_resid_freqonly,freq,0.23675267263549055,1
traffic,020,tfclean_saits_timesfm2p5_realw_resid_seasonalonly,trend,0.059902628426196126,1
traffic,020,tfclean_saits_timesfm2p5_realw_resid_seasonalonly,seasonal,0.1290583045120606,1
traffic,020,tfclean_saits_timesfm2p5_realw_resid_seasonalonly,freq,0.2533288467684577,1
traffic,020,tfclean_saits_timesfm2p5_realw_resid_trendonly,trend,0.058787280592652785,1
traffic,020,tfclean_saits_timesfm2p5_realw_resid_trendonly,seasonal,0.12902963228291717,1
traffic,020,tfclean_saits_timesfm2p5_realw_resid_trendonly,freq,0.25179753163132473,1
traffic,030,backward,trend,0.24769569207730105,1
traffic,030,backward,seasonal,0.44979269612361666,1
traffic,030,backward,freq,0.4246517845520713,1
traffic,030,chronos_forecast,trend,0.024691970571944423,1
traffic,030,chronos_forecast,seasonal,0.07829376660339794,1
traffic,030,chronos_forecast,freq,0.06517140226700034,1
traffic,030,forward,trend,0.2387396568708228,1
traffic,030,forward,seasonal,0.42816042075884403,1
traffic,030,forward,freq,0.49028487493878775,1
traffic,030,gp_rbf,trend,0.12649534576937163,1
traffic,030,gp_rbf,seasonal,0.4380814443339439,1
traffic,030,gp_rbf,freq,0.4513079993054886,1
traffic,030,kalman_arima,trend,0.11974619738082969,1
traffic,030,kalman_arima,seasonal,0.4284766124761581,1
traffic,030,kalman_arima,freq,0.4607109678975792,1
traffic,030,kalman_struct,trend,0.5850793429389338,1
traffic,030,kalman_struct,seasonal,0.41112812321123093,1
traffic,030,kalman_struct,freq,0.3380286721615797,1
traffic,030,linear,trend,0.22743807766762084,1
traffic,030,linear,seasonal,0.4501152935120672,1
traffic,030,linear,freq,0.41009447649466013,1
traffic,030,mean,trend,0.12525765536717315,1
traffic,030,mean,seasonal,0.4546395468293897,1
traffic,030,mean,freq,0.4330006094603914,1
traffic,030,saits,trend,0.05922260452367432,1
traffic,030,saits,seasonal,0.1448901564429416,1
traffic,030,saits,freq,0.33363785544338,1
traffic,030,tfclean_chronos_forecast_chronos2_adaptive_full,trend,0.05018637332099471,1
traffic,030,tfclean_chronos_forecast_chronos2_adaptive_full,seasonal,0.17713395236434598,1
traffic,030,tfclean_chronos_forecast_chronos2_adaptive_full,freq,0.3153529125503103,1
traffic,030,tfclean_chronos_forecast_chronos2_adaptive_resid,trend,0.025491728138649083,1
traffic,030,tfclean_chronos_forecast_chronos2_adaptive_resid,seasonal,0.08012262954785458,1
traffic,030,tfclean_chronos_forecast_chronos2_adaptive_resid,freq,0.05387040503735237,1
traffic,030,tfclean_chronos_forecast_chronos2_realw_full,trend,0.024691970571944423,1
traffic,030,tfclean_chronos_forecast_chronos2_realw_full,seasonal,0.07829376660339794,1
traffic,030,tfclean_chronos_forecast_chronos2_realw_full,freq,0.06517140226700034,1
traffic,030,tfclean_chronos_forecast_chronos2_realw_resid,trend,0.024691970571944423,1
traffic,030,tfclean_chronos_forecast_chronos2_realw_resid,seasonal,0.07829376660339794,1
traffic,030,tfclean_chronos_forecast_chronos2_realw_resid,freq,0.06517140226700034,1
traffic,030,tfclean_chronos_forecast_chronos2_trend_only,trend,0.025029762706803443,1
traffic,030,tfclean_chronos_forecast_chronos2_trend_only,seasonal,0.07892024822431556,1
traffic,030,tfclean_chronos_forecast_chronos2_trend_only,freq,0.05736803882964085,1
traffic,030,tfclean_gp_rbf_chronos2_realw_full,trend,0.12649534576937163,1
traffic,030,tfclean_gp_rbf_chronos2_realw_full,seasonal,0.4380814443339439,1
traffic,030,tfclean_gp_rbf_chronos2_realw_full,freq,0.4513079993054886,1
traffic,030,tfclean_gp_rbf_chronos2_realw_full_freqonly,trend,0.11737373453998273,1
traffic,030,tfclean_gp_rbf_chronos2_realw_full_freqonly,seasonal,0.4463849608329992,1
traffic,030,tfclean_gp_rbf_chronos2_realw_full_freqonly,freq,0.45602096555125493,1
traffic,030,tfclean_gp_rbf_chronos2_realw_full_seasonalonly,trend,0.12613236412341622,1
traffic,030,tfclean_gp_rbf_chronos2_realw_full_seasonalonly,seasonal,0.4089620869326554,1
traffic,030,tfclean_gp_rbf_chronos2_realw_full_seasonalonly,freq,0.4421164924376649,1
traffic,030,tfclean_gp_rbf_chronos2_realw_full_trendonly,trend,0.11536237350508124,1
traffic,030,tfclean_gp_rbf_chronos2_realw_full_trendonly,seasonal,0.42899089273539043,1
traffic,030,tfclean_gp_rbf_chronos2_realw_full_trendonly,freq,0.4708927582626651,1
traffic,030,tfclean_gp_rbf_chronos2_realw_resid,trend,0.12649534576937163,1
traffic,030,tfclean_gp_rbf_chronos2_realw_resid,seasonal,0.4380814443339439,1
traffic,030,tfclean_gp_rbf_chronos2_realw_resid,freq,0.4513079993054886,1
traffic,030,tfclean_gp_rbf_chronos2_realw_resid_freqonly,trend,0.1160180775747196,1
traffic,030,tfclean_gp_rbf_chronos2_realw_resid_freqonly,seasonal,0.42880249836035594,1
traffic,030,tfclean_gp_rbf_chronos2_realw_resid_freqonly,freq,0.4994877307627559,1
traffic,030,tfclean_gp_rbf_chronos2_realw_resid_seasonalonly,trend,0.12613236412341622,1
traffic,030,tfclean_gp_rbf_chronos2_realw_resid_seasonalonly,seasonal,0.4089620869326554,1
traffic,030,tfclean_gp_rbf_chronos2_realw_resid_seasonalonly,freq,0.4421164924376649,1
traffic,030,tfclean_gp_rbf_chronos2_realw_resid_trendonly,trend,0.11536237350508124,1
traffic,030,tfclean_gp_rbf_chronos2_realw_resid_trendonly,seasonal,0.42899089273539043,1
traffic,030,tfclean_gp_rbf_chronos2_realw_resid_trendonly,freq,0.4708927582626651,1
traffic,030,tfclean_gp_rbf_kairos50m_realw_full,trend,0.12649534576937163,1
traffic,030,tfclean_gp_rbf_kairos50m_realw_full,seasonal,0.4380814443339439,1
traffic,030,tfclean_gp_rbf_kairos50m_realw_full,freq,0.4513079993054886,1
traffic,030,tfclean_gp_rbf_kairos50m_realw_full_freqonly,trend,0.11737373453998273,1
traffic,030,tfclean_gp_rbf_kairos50m_realw_full_freqonly,seasonal,0.4463849608329992,1
traffic,030,tfclean_gp_rbf_kairos50m_realw_full_freqonly,freq,0.45602096555125493,1
traffic,030,tfclean_gp_rbf_kairos50m_realw_full_seasonalonly,trend,0.12613236412341622,1
traffic,030,tfclean_gp_rbf_kairos50m_realw_full_seasonalonly,seasonal,0.4089620869326554,1
traffic,030,tfclean_gp_rbf_kairos50m_realw_full_seasonalonly,freq,0.4421164924376649,1
traffic,030,tfclean_gp_rbf_kairos50m_realw_full_trendonly,trend,0.11536237350508124,1
traffic,030,tfclean_gp_rbf_kairos50m_realw_full_trendonly,seasonal,0.42899089273539043,1
traffic,030,tfclean_gp_rbf_kairos50m_realw_full_trendonly,freq,0.4708927582626651,1
traffic,030,tfclean_gp_rbf_kairos50m_realw_resid,trend,0.12649534576937163,1
traffic,030,tfclean_gp_rbf_kairos50m_realw_resid,seasonal,0.4380814443339439,1
traffic,030,tfclean_gp_rbf_kairos50m_realw_resid,freq,0.4513079993054886,1
traffic,030,tfclean_gp_rbf_kairos50m_realw_resid_freqonly,trend,0.1160180775747196,1
traffic,030,tfclean_gp_rbf_kairos50m_realw_resid_freqonly,seasonal,0.42880249836035594,1
traffic,030,tfclean_gp_rbf_kairos50m_realw_resid_freqonly,freq,0.4994877307627559,1
traffic,030,tfclean_gp_rbf_kairos50m_realw_resid_seasonalonly,trend,0.12613236412341622,1
traffic,030,tfclean_gp_rbf_kairos50m_realw_resid_seasonalonly,seasonal,0.4089620869326554,1
traffic,030,tfclean_gp_rbf_kairos50m_realw_resid_seasonalonly,freq,0.4421164924376649,1
traffic,030,tfclean_gp_rbf_kairos50m_realw_resid_trendonly,trend,0.11536237350508124,1
traffic,030,tfclean_gp_rbf_kairos50m_realw_resid_trendonly,seasonal,0.42899089273539043,1
traffic,030,tfclean_gp_rbf_kairos50m_realw_resid_trendonly,freq,0.4708927582626651,1
traffic,030,tfclean_gp_rbf_timesfm2p5_realw_full,trend,0.12649534576937163,1
traffic,030,tfclean_gp_rbf_timesfm2p5_realw_full,seasonal,0.4380814443339439,1
traffic,030,tfclean_gp_rbf_timesfm2p5_realw_full,freq,0.4513079993054886,1
traffic,030,tfclean_gp_rbf_timesfm2p5_realw_full_freqonly,trend,0.11737373453998273,1
traffic,030,tfclean_gp_rbf_timesfm2p5_realw_full_freqonly,seasonal,0.4463849608329992,1
traffic,030,tfclean_gp_rbf_timesfm2p5_realw_full_freqonly,freq,0.45602096555125493,1
traffic,030,tfclean_gp_rbf_timesfm2p5_realw_full_seasonalonly,trend,0.12613236412341622,1
traffic,030,tfclean_gp_rbf_timesfm2p5_realw_full_seasonalonly,seasonal,0.4089620869326554,1
traffic,030,tfclean_gp_rbf_timesfm2p5_realw_full_seasonalonly,freq,0.4421164924376649,1
traffic,030,tfclean_gp_rbf_timesfm2p5_realw_full_trendonly,trend,0.11536237350508124,1
traffic,030,tfclean_gp_rbf_timesfm2p5_realw_full_trendonly,seasonal,0.42899089273539043,1
traffic,030,tfclean_gp_rbf_timesfm2p5_realw_full_trendonly,freq,0.4708927582626651,1
traffic,030,tfclean_gp_rbf_timesfm2p5_realw_resid,trend,0.12649534576937163,1
traffic,030,tfclean_gp_rbf_timesfm2p5_realw_resid,seasonal,0.4380814443339439,1
traffic,030,tfclean_gp_rbf_timesfm2p5_realw_resid,freq,0.4513079993054886,1
traffic,030,tfclean_gp_rbf_timesfm2p5_realw_resid_freqonly,trend,0.1160180775747196,1
traffic,030,tfclean_gp_rbf_timesfm2p5_realw_resid_freqonly,seasonal,0.42880249836035594,1
traffic,030,tfclean_gp_rbf_timesfm2p5_realw_resid_freqonly,freq,0.4994877307627559,1
traffic,030,tfclean_gp_rbf_timesfm2p5_realw_resid_seasonalonly,trend,0.12613236412341622,1
traffic,030,tfclean_gp_rbf_timesfm2p5_realw_resid_seasonalonly,seasonal,0.4089620869326554,1
traffic,030,tfclean_gp_rbf_timesfm2p5_realw_resid_seasonalonly,freq,0.4421164924376649,1
traffic,030,tfclean_gp_rbf_timesfm2p5_realw_resid_trendonly,trend,0.11536237350508124,1
traffic,030,tfclean_gp_rbf_timesfm2p5_realw_resid_trendonly,seasonal,0.42899089273539043,1
traffic,030,tfclean_gp_rbf_timesfm2p5_realw_resid_trendonly,freq,0.4708927582626651,1
traffic,030,tfclean_linear_chronos2_realw_full,trend,0.22743807766762084,1
traffic,030,tfclean_linear_chronos2_realw_full,seasonal,0.4501152935120672,1
traffic,030,tfclean_linear_chronos2_realw_full,freq,0.41009447649466013,1
traffic,030,tfclean_linear_chronos2_realw_full_freqonly,trend,0.12644745777798969,1
traffic,030,tfclean_linear_chronos2_realw_full_freqonly,seasonal,0.44667990276135233,1
traffic,030,tfclean_linear_chronos2_realw_full_freqonly,freq,0.45509362202583714,1
traffic,030,tfclean_linear_chronos2_realw_full_seasonalonly,trend,0.2168389271585683,1
traffic,030,tfclean_linear_chronos2_realw_full_seasonalonly,seasonal,0.4146839006421601,1
traffic,030,tfclean_linear_chronos2_realw_full_seasonalonly,freq,0.4025255915677914,1
traffic,030,tfclean_linear_chronos2_realw_full_trendonly,trend,0.1965273726428973,1
traffic,030,tfclean_linear_chronos2_realw_full_trendonly,seasonal,0.42697330001378625,1
traffic,030,tfclean_linear_chronos2_realw_full_trendonly,freq,0.48918049587930884,1
traffic,030,tfclean_linear_chronos2_realw_resid,trend,0.22743807766762084,1
traffic,030,tfclean_linear_chronos2_realw_resid,seasonal,0.4501152935120672,1
traffic,030,tfclean_linear_chronos2_realw_resid,freq,0.41009447649466013,1
traffic,030,tfclean_linear_chronos2_realw_resid_freqonly,trend,0.22783771039052886,1
traffic,030,tfclean_linear_chronos2_realw_resid_freqonly,seasonal,0.43113896462489065,1
traffic,030,tfclean_linear_chronos2_realw_resid_freqonly,freq,0.5576949270102846,1
traffic,030,tfclean_linear_chronos2_realw_resid_seasonalonly,trend,0.2168389271585683,1
traffic,030,tfclean_linear_chronos2_realw_resid_seasonalonly,seasonal,0.4146839006421601,1
traffic,030,tfclean_linear_chronos2_realw_resid_seasonalonly,freq,0.4025255915677914,1
traffic,030,tfclean_linear_chronos2_realw_resid_trendonly,trend,0.1965273726428973,1
traffic,030,tfclean_linear_chronos2_realw_resid_trendonly,seasonal,0.42697330001378625,1
traffic,030,tfclean_linear_chronos2_realw_resid_trendonly,freq,0.48918049587930884,1
traffic,030,tfclean_linear_kairos50m_realw_full,trend,0.22743807766762084,1
traffic,030,tfclean_linear_kairos50m_realw_full,seasonal,0.4501152935120672,1
traffic,030,tfclean_linear_kairos50m_realw_full,freq,0.41009447649466013,1
traffic,030,tfclean_linear_kairos50m_realw_full_freqonly,trend,0.12644745777798969,1
traffic,030,tfclean_linear_kairos50m_realw_full_freqonly,seasonal,0.44667990276135233,1
traffic,030,tfclean_linear_kairos50m_realw_full_freqonly,freq,0.45509362202583714,1
traffic,030,tfclean_linear_kairos50m_realw_full_seasonalonly,trend,0.2168389271585683,1
traffic,030,tfclean_linear_kairos50m_realw_full_seasonalonly,seasonal,0.4146839006421601,1
traffic,030,tfclean_linear_kairos50m_realw_full_seasonalonly,freq,0.4025255915677914,1
traffic,030,tfclean_linear_kairos50m_realw_full_trendonly,trend,0.1965273726428973,1
traffic,030,tfclean_linear_kairos50m_realw_full_trendonly,seasonal,0.42697330001378625,1
traffic,030,tfclean_linear_kairos50m_realw_full_trendonly,freq,0.48918049587930884,1
traffic,030,tfclean_linear_kairos50m_realw_resid,trend,0.22743807766762084,1
traffic,030,tfclean_linear_kairos50m_realw_resid,seasonal,0.4501152935120672,1
traffic,030,tfclean_linear_kairos50m_realw_resid,freq,0.41009447649466013,1
traffic,030,tfclean_linear_kairos50m_realw_resid_freqonly,trend,0.22783771039052886,1
traffic,030,tfclean_linear_kairos50m_realw_resid_freqonly,seasonal,0.43113896462489065,1
traffic,030,tfclean_linear_kairos50m_realw_resid_freqonly,freq,0.5576949270102846,1
traffic,030,tfclean_linear_kairos50m_realw_resid_seasonalonly,trend,0.2168389271585683,1
traffic,030,tfclean_linear_kairos50m_realw_resid_seasonalonly,seasonal,0.4146839006421601,1
traffic,030,tfclean_linear_kairos50m_realw_resid_seasonalonly,freq,0.4025255915677914,1
traffic,030,tfclean_linear_kairos50m_realw_resid_trendonly,trend,0.1965273726428973,1
traffic,030,tfclean_linear_kairos50m_realw_resid_trendonly,seasonal,0.42697330001378625,1
traffic,030,tfclean_linear_kairos50m_realw_resid_trendonly,freq,0.48918049587930884,1
traffic,030,tfclean_linear_timesfm2p5_realw_full,trend,0.22743807766762084,1
traffic,030,tfclean_linear_timesfm2p5_realw_full,seasonal,0.4501152935120672,1
traffic,030,tfclean_linear_timesfm2p5_realw_full,freq,0.41009447649466013,1
traffic,030,tfclean_linear_timesfm2p5_realw_full_freqonly,trend,0.12644745777798969,1
traffic,030,tfclean_linear_timesfm2p5_realw_full_freqonly,seasonal,0.44667990276135233,1
traffic,030,tfclean_linear_timesfm2p5_realw_full_freqonly,freq,0.45509362202583714,1
traffic,030,tfclean_linear_timesfm2p5_realw_full_seasonalonly,trend,0.2168389271585683,1
traffic,030,tfclean_linear_timesfm2p5_realw_full_seasonalonly,seasonal,0.4146839006421601,1
traffic,030,tfclean_linear_timesfm2p5_realw_full_seasonalonly,freq,0.4025255915677914,1
traffic,030,tfclean_linear_timesfm2p5_realw_full_trendonly,trend,0.1965273726428973,1
traffic,030,tfclean_linear_timesfm2p5_realw_full_trendonly,seasonal,0.42697330001378625,1
traffic,030,tfclean_linear_timesfm2p5_realw_full_trendonly,freq,0.48918049587930884,1
traffic,030,tfclean_linear_timesfm2p5_realw_resid,trend,0.22743807766762084,1
traffic,030,tfclean_linear_timesfm2p5_realw_resid,seasonal,0.4501152935120672,1
traffic,030,tfclean_linear_timesfm2p5_realw_resid,freq,0.41009447649466013,1
traffic,030,tfclean_linear_timesfm2p5_realw_resid_freqonly,trend,0.22783771039052886,1
traffic,030,tfclean_linear_timesfm2p5_realw_resid_freqonly,seasonal,0.43113896462489065,1
traffic,030,tfclean_linear_timesfm2p5_realw_resid_freqonly,freq,0.5576949270102846,1
traffic,030,tfclean_linear_timesfm2p5_realw_resid_seasonalonly,trend,0.2168389271585683,1
traffic,030,tfclean_linear_timesfm2p5_realw_resid_seasonalonly,seasonal,0.4146839006421601,1
traffic,030,tfclean_linear_timesfm2p5_realw_resid_seasonalonly,freq,0.4025255915677914,1
traffic,030,tfclean_linear_timesfm2p5_realw_resid_trendonly,trend,0.1965273726428973,1
traffic,030,tfclean_linear_timesfm2p5_realw_resid_trendonly,seasonal,0.42697330001378625,1
traffic,030,tfclean_linear_timesfm2p5_realw_resid_trendonly,freq,0.48918049587930884,1
traffic,030,tfclean_saits_chronos2_realw_full,trend,0.05922260452367432,1
traffic,030,tfclean_saits_chronos2_realw_full,seasonal,0.1448901564429416,1
traffic,030,tfclean_saits_chronos2_realw_full,freq,0.33363785544338,1
traffic,030,tfclean_saits_chronos2_realw_full_freqonly,trend,0.114634263036694,1
traffic,030,tfclean_saits_chronos2_realw_full_freqonly,seasonal,0.40469511361208127,1
traffic,030,tfclean_saits_chronos2_realw_full_freqonly,freq,0.44653483162585533,1
traffic,030,tfclean_saits_chronos2_realw_full_seasonalonly,trend,0.059192434903510956,1
traffic,030,tfclean_saits_chronos2_realw_full_seasonalonly,seasonal,0.1448778928507464,1
traffic,030,tfclean_saits_chronos2_realw_full_seasonalonly,freq,0.3333644359539974,1
traffic,030,tfclean_saits_chronos2_realw_full_trendonly,trend,0.05742990940715874,1
traffic,030,tfclean_saits_chronos2_realw_full_trendonly,seasonal,0.1449961471129438,1
traffic,030,tfclean_saits_chronos2_realw_full_trendonly,freq,0.33197097336596293,1
traffic,030,tfclean_saits_chronos2_realw_resid,trend,0.05922260452367432,1
traffic,030,tfclean_saits_chronos2_realw_resid,seasonal,0.1448901564429416,1
traffic,030,tfclean_saits_chronos2_realw_resid,freq,0.33363785544338,1
traffic,030,tfclean_saits_chronos2_realw_resid_freqonly,trend,0.06116573796693187,1
traffic,030,tfclean_saits_chronos2_realw_resid_freqonly,seasonal,0.14677416456562714,1
traffic,030,tfclean_saits_chronos2_realw_resid_freqonly,freq,0.3034514664220171,1
traffic,030,tfclean_saits_chronos2_realw_resid_seasonalonly,trend,0.059192434903510956,1
traffic,030,tfclean_saits_chronos2_realw_resid_seasonalonly,seasonal,0.1448778928507464,1
traffic,030,tfclean_saits_chronos2_realw_resid_seasonalonly,freq,0.3333644359539974,1
traffic,030,tfclean_saits_chronos2_realw_resid_trendonly,trend,0.05742990940715874,1
traffic,030,tfclean_saits_chronos2_realw_resid_trendonly,seasonal,0.1449961471129438,1
traffic,030,tfclean_saits_chronos2_realw_resid_trendonly,freq,0.33197097336596293,1
traffic,030,tfclean_saits_kairos50m_realw_full,trend,0.05922260452367432,1
traffic,030,tfclean_saits_kairos50m_realw_full,seasonal,0.1448901564429416,1
traffic,030,tfclean_saits_kairos50m_realw_full,freq,0.33363785544338,1
traffic,030,tfclean_saits_kairos50m_realw_full_freqonly,trend,0.114634263036694,1
traffic,030,tfclean_saits_kairos50m_realw_full_freqonly,seasonal,0.40469511361208127,1
traffic,030,tfclean_saits_kairos50m_realw_full_freqonly,freq,0.44653483162585533,1
traffic,030,tfclean_saits_kairos50m_realw_full_seasonalonly,trend,0.059192434903510956,1
traffic,030,tfclean_saits_kairos50m_realw_full_seasonalonly,seasonal,0.1448778928507464,1
traffic,030,tfclean_saits_kairos50m_realw_full_seasonalonly,freq,0.3333644359539974,1
traffic,030,tfclean_saits_kairos50m_realw_full_trendonly,trend,0.05742990940715874,1
traffic,030,tfclean_saits_kairos50m_realw_full_trendonly,seasonal,0.1449961471129438,1
traffic,030,tfclean_saits_kairos50m_realw_full_trendonly,freq,0.33197097336596293,1
traffic,030,tfclean_saits_kairos50m_realw_resid,trend,0.05922260452367432,1
traffic,030,tfclean_saits_kairos50m_realw_resid,seasonal,0.1448901564429416,1
traffic,030,tfclean_saits_kairos50m_realw_resid,freq,0.33363785544338,1
traffic,030,tfclean_saits_kairos50m_realw_resid_freqonly,trend,0.06116573796693187,1
traffic,030,tfclean_saits_kairos50m_realw_resid_freqonly,seasonal,0.14677416456562714,1
traffic,030,tfclean_saits_kairos50m_realw_resid_freqonly,freq,0.3034514664220171,1
traffic,030,tfclean_saits_kairos50m_realw_resid_seasonalonly,trend,0.059192434903510956,1
traffic,030,tfclean_saits_kairos50m_realw_resid_seasonalonly,seasonal,0.1448778928507464,1
traffic,030,tfclean_saits_kairos50m_realw_resid_seasonalonly,freq,0.3333644359539974,1
traffic,030,tfclean_saits_kairos50m_realw_resid_trendonly,trend,0.05742990940715874,1
traffic,030,tfclean_saits_kairos50m_realw_resid_trendonly,seasonal,0.1449961471129438,1
traffic,030,tfclean_saits_kairos50m_realw_resid_trendonly,freq,0.33197097336596293,1
traffic,030,tfclean_saits_timesfm2p5_realw_full,trend,0.05922260452367432,1
traffic,030,tfclean_saits_timesfm2p5_realw_full,seasonal,0.1448901564429416,1
traffic,030,tfclean_saits_timesfm2p5_realw_full,freq,0.33363785544338,1
traffic,030,tfclean_saits_timesfm2p5_realw_full_freqonly,trend,0.114634263036694,1
traffic,030,tfclean_saits_timesfm2p5_realw_full_freqonly,seasonal,0.40469511361208127,1
traffic,030,tfclean_saits_timesfm2p5_realw_full_freqonly,freq,0.44653483162585533,1
traffic,030,tfclean_saits_timesfm2p5_realw_full_seasonalonly,trend,0.059192434903510956,1
traffic,030,tfclean_saits_timesfm2p5_realw_full_seasonalonly,seasonal,0.1448778928507464,1
traffic,030,tfclean_saits_timesfm2p5_realw_full_seasonalonly,freq,0.3333644359539974,1
traffic,030,tfclean_saits_timesfm2p5_realw_full_trendonly,trend,0.05742990940715874,1
traffic,030,tfclean_saits_timesfm2p5_realw_full_trendonly,seasonal,0.1449961471129438,1
traffic,030,tfclean_saits_timesfm2p5_realw_full_trendonly,freq,0.33197097336596293,1
traffic,030,tfclean_saits_timesfm2p5_realw_resid,trend,0.05922260452367432,1
traffic,030,tfclean_saits_timesfm2p5_realw_resid,seasonal,0.1448901564429416,1
traffic,030,tfclean_saits_timesfm2p5_realw_resid,freq,0.33363785544338,1
traffic,030,tfclean_saits_timesfm2p5_realw_resid_freqonly,trend,0.06116573796693187,1
traffic,030,tfclean_saits_timesfm2p5_realw_resid_freqonly,seasonal,0.14677416456562714,1
traffic,030,tfclean_saits_timesfm2p5_realw_resid_freqonly,freq,0.3034514664220171,1
traffic,030,tfclean_saits_timesfm2p5_realw_resid_seasonalonly,trend,0.059192434903510956,1
traffic,030,tfclean_saits_timesfm2p5_realw_resid_seasonalonly,seasonal,0.1448778928507464,1
traffic,030,tfclean_saits_timesfm2p5_realw_resid_seasonalonly,freq,0.3333644359539974,1
traffic,030,tfclean_saits_timesfm2p5_realw_resid_trendonly,trend,0.05742990940715874,1
traffic,030,tfclean_saits_timesfm2p5_realw_resid_trendonly,seasonal,0.1449961471129438,1
traffic,030,tfclean_saits_timesfm2p5_realw_resid_trendonly,freq,0.33197097336596293,1
Finland_Traffic_15T,010,backward,trend,0.02915687227007121,1
Finland_Traffic_15T,010,backward,seasonal,0.1678347023008721,1
Finland_Traffic_15T,010,backward,freq,0.21069805842826209,1
Finland_Traffic_15T,010,chronos_forecast,trend,0.01253652994519334,1
Finland_Traffic_15T,010,chronos_forecast,seasonal,0.09027554699315082,1
Finland_Traffic_15T,010,chronos_forecast,freq,0.012453957811082142,1
Finland_Traffic_15T,010,forward,trend,0.03627075351810928,1
Finland_Traffic_15T,010,forward,seasonal,0.17594266228964875,1
Finland_Traffic_15T,010,forward,freq,0.09567162364006748,1
Finland_Traffic_15T,010,gp_rbf,trend,0.034339952789338025,1
Finland_Traffic_15T,010,gp_rbf,seasonal,0.16755114924593037,1
Finland_Traffic_15T,010,gp_rbf,freq,0.10361325427249739,1
Finland_Traffic_15T,010,kalman_arima,trend,0.0330906213285475,1
Finland_Traffic_15T,010,kalman_arima,seasonal,0.16228960489468502,1
Finland_Traffic_15T,010,kalman_arima,freq,0.10154037853153325,1
Finland_Traffic_15T,010,kalman_struct,trend,0.02855360189907496,1
Finland_Traffic_15T,010,kalman_struct,seasonal,0.15387219058437418,1
Finland_Traffic_15T,010,kalman_struct,freq,0.05494459350950983,1
Finland_Traffic_15T,010,linear,trend,0.039412494121335816,1
Finland_Traffic_15T,010,linear,seasonal,0.1684464332288104,1
Finland_Traffic_15T,010,linear,freq,0.07485061134896022,1
Finland_Traffic_15T,010,mean,trend,0.03415239315501814,1
Finland_Traffic_15T,010,mean,seasonal,0.16376694009482337,1
Finland_Traffic_15T,010,mean,freq,0.10978937858940682,1
Finland_Traffic_15T,010,saits,trend,0.031197925728566115,1
Finland_Traffic_15T,010,saits,seasonal,0.14158555972219844,1
Finland_Traffic_15T,010,saits,freq,0.05673513407630019,1
Finland_Traffic_15T,010,tfclean_chronos_forecast_chronos2_adaptive_full,trend,0.02877975413702178,1
Finland_Traffic_15T,010,tfclean_chronos_forecast_chronos2_adaptive_full,seasonal,0.12731394455051362,1
Finland_Traffic_15T,010,tfclean_chronos_forecast_chronos2_adaptive_full,freq,0.02066467171566178,1
Finland_Traffic_15T,010,tfclean_chronos_forecast_chronos2_adaptive_resid,trend,0.017793486870076793,1
Finland_Traffic_15T,010,tfclean_chronos_forecast_chronos2_adaptive_resid,seasonal,0.10909131289522629,1
Finland_Traffic_15T,010,tfclean_chronos_forecast_chronos2_adaptive_resid,freq,0.03547203288830974,1
Finland_Traffic_15T,010,tfclean_chronos_forecast_chronos2_realw_full,trend,0.012518278564990108,1
Finland_Traffic_15T,010,tfclean_chronos_forecast_chronos2_realw_full,seasonal,0.09011624212798937,1
Finland_Traffic_15T,010,tfclean_chronos_forecast_chronos2_realw_full,freq,0.01248364082214712,1
Finland_Traffic_15T,010,tfclean_chronos_forecast_chronos2_realw_resid,trend,0.017101055076968966,1
Finland_Traffic_15T,010,tfclean_chronos_forecast_chronos2_realw_resid,seasonal,0.1057003721591503,1
Finland_Traffic_15T,010,tfclean_chronos_forecast_chronos2_realw_resid,freq,0.02938850876865362,1
Finland_Traffic_15T,010,tfclean_chronos_forecast_chronos2_trend_only,trend,0.012538686457918667,1
Finland_Traffic_15T,010,tfclean_chronos_forecast_chronos2_trend_only,seasonal,0.08950889292301166,1
Finland_Traffic_15T,010,tfclean_chronos_forecast_chronos2_trend_only,freq,0.012786987868136448,1
Finland_Traffic_15T,010,tfclean_gp_rbf_chronos2_realw_full,trend,0.03414872033887263,1
Finland_Traffic_15T,010,tfclean_gp_rbf_chronos2_realw_full,seasonal,0.16634496773327764,1
Finland_Traffic_15T,010,tfclean_gp_rbf_chronos2_realw_full,freq,0.1038813945361536,1
Finland_Traffic_15T,010,tfclean_gp_rbf_chronos2_realw_full_freqonly,trend,0.03425132815229099,1
Finland_Traffic_15T,010,tfclean_gp_rbf_chronos2_realw_full_freqonly,seasonal,0.16502369386266366,1
Finland_Traffic_15T,010,tfclean_gp_rbf_chronos2_realw_full_freqonly,freq,0.10704809664690049,1
Finland_Traffic_15T,010,tfclean_gp_rbf_chronos2_realw_full_seasonalonly,trend,0.03301442292333129,1
Finland_Traffic_15T,010,tfclean_gp_rbf_chronos2_realw_full_seasonalonly,seasonal,0.16376895005583186,1
Finland_Traffic_15T,010,tfclean_gp_rbf_chronos2_realw_full_seasonalonly,freq,0.10343956229733677,1
Finland_Traffic_15T,010,tfclean_gp_rbf_chronos2_realw_full_trendonly,trend,0.03437465448501937,1
Finland_Traffic_15T,010,tfclean_gp_rbf_chronos2_realw_full_trendonly,seasonal,0.16775625492390875,1
Finland_Traffic_15T,010,tfclean_gp_rbf_chronos2_realw_full_trendonly,freq,0.10422062635502895,1
Finland_Traffic_15T,010,tfclean_gp_rbf_chronos2_realw_resid,trend,0.04071679754092669,1
Finland_Traffic_15T,010,tfclean_gp_rbf_chronos2_realw_resid,seasonal,0.17095922124959959,1
Finland_Traffic_15T,010,tfclean_gp_rbf_chronos2_realw_resid,freq,0.06423459607111866,1
Finland_Traffic_15T,010,tfclean_gp_rbf_chronos2_realw_resid_freqonly,trend,0.04053448313676905,1
Finland_Traffic_15T,010,tfclean_gp_rbf_chronos2_realw_resid_freqonly,seasonal,0.16508995846778204,1
Finland_Traffic_15T,010,tfclean_gp_rbf_chronos2_realw_resid_freqonly,freq,0.05652512243868806,1
Finland_Traffic_15T,010,tfclean_gp_rbf_chronos2_realw_resid_seasonalonly,trend,0.03301442292333129,1
Finland_Traffic_15T,010,tfclean_gp_rbf_chronos2_realw_resid_seasonalonly,seasonal,0.16376895005583186,1
Finland_Traffic_15T,010,tfclean_gp_rbf_chronos2_realw_resid_seasonalonly,freq,0.10343956229733677,1
Finland_Traffic_15T,010,tfclean_gp_rbf_chronos2_realw_resid_trendonly,trend,0.03437465448501937,1
Finland_Traffic_15T,010,tfclean_gp_rbf_chronos2_realw_resid_trendonly,seasonal,0.16775625492390875,1
Finland_Traffic_15T,010,tfclean_gp_rbf_chronos2_realw_resid_trendonly,freq,0.10422062635502895,1
Finland_Traffic_15T,010,tfclean_gp_rbf_kairos50m_realw_full,trend,0.03433995278933761,1
Finland_Traffic_15T,010,tfclean_gp_rbf_kairos50m_realw_full,seasonal,0.16755114924592995,1
Finland_Traffic_15T,010,tfclean_gp_rbf_kairos50m_realw_full,freq,0.10361325427249116,1
Finland_Traffic_15T,010,tfclean_gp_rbf_kairos50m_realw_full_freqonly,trend,0.03425132815229099,1
Finland_Traffic_15T,010,tfclean_gp_rbf_kairos50m_realw_full_freqonly,seasonal,0.16502369386266366,1
Finland_Traffic_15T,010,tfclean_gp_rbf_kairos50m_realw_full_freqonly,freq,0.10704809664690049,1
Finland_Traffic_15T,010,tfclean_gp_rbf_kairos50m_realw_full_seasonalonly,trend,0.03301442292333129,1
Finland_Traffic_15T,010,tfclean_gp_rbf_kairos50m_realw_full_seasonalonly,seasonal,0.16376895005583186,1
Finland_Traffic_15T,010,tfclean_gp_rbf_kairos50m_realw_full_seasonalonly,freq,0.10343956229733677,1
Finland_Traffic_15T,010,tfclean_gp_rbf_kairos50m_realw_full_trendonly,trend,0.03437465448501937,1
Finland_Traffic_15T,010,tfclean_gp_rbf_kairos50m_realw_full_trendonly,seasonal,0.16775625492390875,1
Finland_Traffic_15T,010,tfclean_gp_rbf_kairos50m_realw_full_trendonly,freq,0.10422062635502895,1
Finland_Traffic_15T,010,tfclean_gp_rbf_kairos50m_realw_resid,trend,0.03433995278933761,1
Finland_Traffic_15T,010,tfclean_gp_rbf_kairos50m_realw_resid,seasonal,0.16755114924592995,1
Finland_Traffic_15T,010,tfclean_gp_rbf_kairos50m_realw_resid,freq,0.10361325427249116,1
Finland_Traffic_15T,010,tfclean_gp_rbf_kairos50m_realw_resid_freqonly,trend,0.04053448313676905,1
Finland_Traffic_15T,010,tfclean_gp_rbf_kairos50m_realw_resid_freqonly,seasonal,0.16508995846778204,1
Finland_Traffic_15T,010,tfclean_gp_rbf_kairos50m_realw_resid_freqonly,freq,0.05652512243868806,1
Finland_Traffic_15T,010,tfclean_gp_rbf_kairos50m_realw_resid_seasonalonly,trend,0.03301442292333129,1
Finland_Traffic_15T,010,tfclean_gp_rbf_kairos50m_realw_resid_seasonalonly,seasonal,0.16376895005583186,1
Finland_Traffic_15T,010,tfclean_gp_rbf_kairos50m_realw_resid_seasonalonly,freq,0.10343956229733677,1
Finland_Traffic_15T,010,tfclean_gp_rbf_kairos50m_realw_resid_trendonly,trend,0.03437465448501937,1
Finland_Traffic_15T,010,tfclean_gp_rbf_kairos50m_realw_resid_trendonly,seasonal,0.16775625492390875,1
Finland_Traffic_15T,010,tfclean_gp_rbf_kairos50m_realw_resid_trendonly,freq,0.10422062635502895,1
Finland_Traffic_15T,010,tfclean_gp_rbf_timesfm2p5_realw_full,trend,0.03446448624258982,1
Finland_Traffic_15T,010,tfclean_gp_rbf_timesfm2p5_realw_full,seasonal,0.16766716962567374,1
Finland_Traffic_15T,010,tfclean_gp_rbf_timesfm2p5_realw_full,freq,0.1040012498026354,1
Finland_Traffic_15T,010,tfclean_gp_rbf_timesfm2p5_realw_full_freqonly,trend,0.03425132815229099,1
Finland_Traffic_15T,010,tfclean_gp_rbf_timesfm2p5_realw_full_freqonly,seasonal,0.16502369386266366,1
Finland_Traffic_15T,010,tfclean_gp_rbf_timesfm2p5_realw_full_freqonly,freq,0.10704809664690049,1
Finland_Traffic_15T,010,tfclean_gp_rbf_timesfm2p5_realw_full_seasonalonly,trend,0.03301442292333129,1
Finland_Traffic_15T,010,tfclean_gp_rbf_timesfm2p5_realw_full_seasonalonly,seasonal,0.16376895005583186,1
Finland_Traffic_15T,010,tfclean_gp_rbf_timesfm2p5_realw_full_seasonalonly,freq,0.10343956229733677,1
Finland_Traffic_15T,010,tfclean_gp_rbf_timesfm2p5_realw_full_trendonly,trend,0.03437465448501937,1
Finland_Traffic_15T,010,tfclean_gp_rbf_timesfm2p5_realw_full_trendonly,seasonal,0.16775625492390875,1
Finland_Traffic_15T,010,tfclean_gp_rbf_timesfm2p5_realw_full_trendonly,freq,0.10422062635502895,1
Finland_Traffic_15T,010,tfclean_gp_rbf_timesfm2p5_realw_resid,trend,0.03439029255653217,1
Finland_Traffic_15T,010,tfclean_gp_rbf_timesfm2p5_realw_resid,seasonal,0.1675436262675136,1
Finland_Traffic_15T,010,tfclean_gp_rbf_timesfm2p5_realw_resid,freq,0.1037592535211337,1
Finland_Traffic_15T,010,tfclean_gp_rbf_timesfm2p5_realw_resid_freqonly,trend,0.04053448313676905,1
Finland_Traffic_15T,010,tfclean_gp_rbf_timesfm2p5_realw_resid_freqonly,seasonal,0.16508995846778204,1
Finland_Traffic_15T,010,tfclean_gp_rbf_timesfm2p5_realw_resid_freqonly,freq,0.05652512243868806,1
Finland_Traffic_15T,010,tfclean_gp_rbf_timesfm2p5_realw_resid_seasonalonly,trend,0.03301442292333129,1
Finland_Traffic_15T,010,tfclean_gp_rbf_timesfm2p5_realw_resid_seasonalonly,seasonal,0.16376895005583186,1
Finland_Traffic_15T,010,tfclean_gp_rbf_timesfm2p5_realw_resid_seasonalonly,freq,0.10343956229733677,1
Finland_Traffic_15T,010,tfclean_gp_rbf_timesfm2p5_realw_resid_trendonly,trend,0.03437465448501937,1
Finland_Traffic_15T,010,tfclean_gp_rbf_timesfm2p5_realw_resid_trendonly,seasonal,0.16775625492390875,1
Finland_Traffic_15T,010,tfclean_gp_rbf_timesfm2p5_realw_resid_trendonly,freq,0.10422062635502895,1
Finland_Traffic_15T,010,tfclean_linear_chronos2_realw_full,trend,0.03898289564151454,1
Finland_Traffic_15T,010,tfclean_linear_chronos2_realw_full,seasonal,0.16750923784939833,1
Finland_Traffic_15T,010,tfclean_linear_chronos2_realw_full,freq,0.07454852846916943,1
Finland_Traffic_15T,010,tfclean_linear_chronos2_realw_full_freqonly,trend,0.034016419381291525,1
Finland_Traffic_15T,010,tfclean_linear_chronos2_realw_full_freqonly,seasonal,0.16169964406536522,1
Finland_Traffic_15T,010,tfclean_linear_chronos2_realw_full_freqonly,freq,0.09639043941407426,1
Finland_Traffic_15T,010,tfclean_linear_chronos2_realw_full_seasonalonly,trend,0.03775140215318867,1
Finland_Traffic_15T,010,tfclean_linear_chronos2_realw_full_seasonalonly,seasonal,0.16583272835906457,1
Finland_Traffic_15T,010,tfclean_linear_chronos2_realw_full_seasonalonly,freq,0.07278828941655595,1
Finland_Traffic_15T,010,tfclean_linear_chronos2_realw_full_trendonly,trend,0.03944351322226143,1
Finland_Traffic_15T,010,tfclean_linear_chronos2_realw_full_trendonly,seasonal,0.1685483857713115,1
Finland_Traffic_15T,010,tfclean_linear_chronos2_realw_full_trendonly,freq,0.07559764924412316,1
Finland_Traffic_15T,010,tfclean_linear_chronos2_realw_resid,trend,0.050293473197045205,1
Finland_Traffic_15T,010,tfclean_linear_chronos2_realw_resid,seasonal,0.16569228846283005,1
Finland_Traffic_15T,010,tfclean_linear_chronos2_realw_resid,freq,0.055877999195075,1
Finland_Traffic_15T,010,tfclean_linear_chronos2_realw_resid_freqonly,trend,0.050412377323485705,1
Finland_Traffic_15T,010,tfclean_linear_chronos2_realw_resid_freqonly,seasonal,0.15587516450687636,1
Finland_Traffic_15T,010,tfclean_linear_chronos2_realw_resid_freqonly,freq,0.0559891342044677,1
Finland_Traffic_15T,010,tfclean_linear_chronos2_realw_resid_seasonalonly,trend,0.03775140215318867,1
Finland_Traffic_15T,010,tfclean_linear_chronos2_realw_resid_seasonalonly,seasonal,0.16583272835906457,1
Finland_Traffic_15T,010,tfclean_linear_chronos2_realw_resid_seasonalonly,freq,0.07278828941655595,1
Finland_Traffic_15T,010,tfclean_linear_chronos2_realw_resid_trendonly,trend,0.03944351322226143,1
Finland_Traffic_15T,010,tfclean_linear_chronos2_realw_resid_trendonly,seasonal,0.1685483857713115,1
Finland_Traffic_15T,010,tfclean_linear_chronos2_realw_resid_trendonly,freq,0.07559764924412316,1
Finland_Traffic_15T,010,tfclean_linear_kairos50m_realw_full,trend,0.03941249412133587,1
Finland_Traffic_15T,010,tfclean_linear_kairos50m_realw_full,seasonal,0.16844643322881148,1
Finland_Traffic_15T,010,tfclean_linear_kairos50m_realw_full,freq,0.07485061134895685,1
Finland_Traffic_15T,010,tfclean_linear_kairos50m_realw_full_freqonly,trend,0.034016419381291525,1
Finland_Traffic_15T,010,tfclean_linear_kairos50m_realw_full_freqonly,seasonal,0.16169964406536522,1
Finland_Traffic_15T,010,tfclean_linear_kairos50m_realw_full_freqonly,freq,0.09639043941407426,1
Finland_Traffic_15T,010,tfclean_linear_kairos50m_realw_full_seasonalonly,trend,0.03775140215318867,1
Finland_Traffic_15T,010,tfclean_linear_kairos50m_realw_full_seasonalonly,seasonal,0.16583272835906457,1
Finland_Traffic_15T,010,tfclean_linear_kairos50m_realw_full_seasonalonly,freq,0.07278828941655595,1
Finland_Traffic_15T,010,tfclean_linear_kairos50m_realw_full_trendonly,trend,0.03944351322226143,1
Finland_Traffic_15T,010,tfclean_linear_kairos50m_realw_full_trendonly,seasonal,0.1685483857713115,1
Finland_Traffic_15T,010,tfclean_linear_kairos50m_realw_full_trendonly,freq,0.07559764924412316,1
Finland_Traffic_15T,010,tfclean_linear_kairos50m_realw_resid,trend,0.03941249412133587,1
Finland_Traffic_15T,010,tfclean_linear_kairos50m_realw_resid,seasonal,0.16844643322881148,1
Finland_Traffic_15T,010,tfclean_linear_kairos50m_realw_resid,freq,0.07485061134895685,1
Finland_Traffic_15T,010,tfclean_linear_kairos50m_realw_resid_freqonly,trend,0.050412377323485705,1
Finland_Traffic_15T,010,tfclean_linear_kairos50m_realw_resid_freqonly,seasonal,0.15587516450687636,1
Finland_Traffic_15T,010,tfclean_linear_kairos50m_realw_resid_freqonly,freq,0.0559891342044677,1
Finland_Traffic_15T,010,tfclean_linear_kairos50m_realw_resid_seasonalonly,trend,0.03775140215318867,1
Finland_Traffic_15T,010,tfclean_linear_kairos50m_realw_resid_seasonalonly,seasonal,0.16583272835906457,1
Finland_Traffic_15T,010,tfclean_linear_kairos50m_realw_resid_seasonalonly,freq,0.07278828941655595,1
Finland_Traffic_15T,010,tfclean_linear_kairos50m_realw_resid_trendonly,trend,0.03944351322226143,1
Finland_Traffic_15T,010,tfclean_linear_kairos50m_realw_resid_trendonly,seasonal,0.1685483857713115,1
Finland_Traffic_15T,010,tfclean_linear_kairos50m_realw_resid_trendonly,freq,0.07559764924412316,1
Finland_Traffic_15T,010,tfclean_linear_timesfm2p5_realw_full,trend,0.03946092188758881,1
Finland_Traffic_15T,010,tfclean_linear_timesfm2p5_realw_full,seasonal,0.16857242570725087,1
Finland_Traffic_15T,010,tfclean_linear_timesfm2p5_realw_full,freq,0.07559066429987885,1
Finland_Traffic_15T,010,tfclean_linear_timesfm2p5_realw_full_freqonly,trend,0.034016419381291525,1
Finland_Traffic_15T,010,tfclean_linear_timesfm2p5_realw_full_freqonly,seasonal,0.16169964406536522,1
Finland_Traffic_15T,010,tfclean_linear_timesfm2p5_realw_full_freqonly,freq,0.09639043941407426,1
Finland_Traffic_15T,010,tfclean_linear_timesfm2p5_realw_full_seasonalonly,trend,0.03775140215318867,1
Finland_Traffic_15T,010,tfclean_linear_timesfm2p5_realw_full_seasonalonly,seasonal,0.16583272835906457,1
Finland_Traffic_15T,010,tfclean_linear_timesfm2p5_realw_full_seasonalonly,freq,0.07278828941655595,1
Finland_Traffic_15T,010,tfclean_linear_timesfm2p5_realw_full_trendonly,trend,0.03944351322226143,1
Finland_Traffic_15T,010,tfclean_linear_timesfm2p5_realw_full_trendonly,seasonal,0.1685483857713115,1
Finland_Traffic_15T,010,tfclean_linear_timesfm2p5_realw_full_trendonly,freq,0.07559764924412316,1
Finland_Traffic_15T,010,tfclean_linear_timesfm2p5_realw_resid,trend,0.03946470914201409,1
Finland_Traffic_15T,010,tfclean_linear_timesfm2p5_realw_resid,seasonal,0.16826820682770527,1
Finland_Traffic_15T,010,tfclean_linear_timesfm2p5_realw_resid,freq,0.0753675635751948,1
Finland_Traffic_15T,010,tfclean_linear_timesfm2p5_realw_resid_freqonly,trend,0.050412377323485705,1
Finland_Traffic_15T,010,tfclean_linear_timesfm2p5_realw_resid_freqonly,seasonal,0.15587516450687636,1
Finland_Traffic_15T,010,tfclean_linear_timesfm2p5_realw_resid_freqonly,freq,0.0559891342044677,1
Finland_Traffic_15T,010,tfclean_linear_timesfm2p5_realw_resid_seasonalonly,trend,0.03775140215318867,1
Finland_Traffic_15T,010,tfclean_linear_timesfm2p5_realw_resid_seasonalonly,seasonal,0.16583272835906457,1
Finland_Traffic_15T,010,tfclean_linear_timesfm2p5_realw_resid_seasonalonly,freq,0.07278828941655595,1
Finland_Traffic_15T,010,tfclean_linear_timesfm2p5_realw_resid_trendonly,trend,0.03944351322226143,1
Finland_Traffic_15T,010,tfclean_linear_timesfm2p5_realw_resid_trendonly,seasonal,0.1685483857713115,1
Finland_Traffic_15T,010,tfclean_linear_timesfm2p5_realw_resid_trendonly,freq,0.07559764924412316,1
Finland_Traffic_15T,010,tfclean_saits_chronos2_realw_full,trend,0.03114405625744437,1
Finland_Traffic_15T,010,tfclean_saits_chronos2_realw_full,seasonal,0.14110906753397093,1
Finland_Traffic_15T,010,tfclean_saits_chronos2_realw_full,freq,0.05628313710727229,1
Finland_Traffic_15T,010,tfclean_saits_chronos2_realw_full_freqonly,trend,0.034247452526193045,1
Finland_Traffic_15T,010,tfclean_saits_chronos2_realw_full_freqonly,seasonal,0.1617419407438067,1
Finland_Traffic_15T,010,tfclean_saits_chronos2_realw_full_freqonly,freq,0.09834637989791137,1
Finland_Traffic_15T,010,tfclean_saits_chronos2_realw_full_seasonalonly,trend,0.03065080357387094,1
Finland_Traffic_15T,010,tfclean_saits_chronos2_realw_full_seasonalonly,seasonal,0.13989102646479637,1
Finland_Traffic_15T,010,tfclean_saits_chronos2_realw_full_seasonalonly,freq,0.05693727156067127,1
Finland_Traffic_15T,010,tfclean_saits_chronos2_realw_full_trendonly,trend,0.031142841655139676,1
Finland_Traffic_15T,010,tfclean_saits_chronos2_realw_full_trendonly,seasonal,0.14153456521695584,1
Finland_Traffic_15T,010,tfclean_saits_chronos2_realw_full_trendonly,freq,0.05534823423130626,1
Finland_Traffic_15T,010,tfclean_saits_chronos2_realw_resid,trend,0.03850618742629304,1
Finland_Traffic_15T,010,tfclean_saits_chronos2_realw_resid,seasonal,0.13604721855846633,1
Finland_Traffic_15T,010,tfclean_saits_chronos2_realw_resid,freq,0.043933354931235416,1
Finland_Traffic_15T,010,tfclean_saits_chronos2_realw_resid_freqonly,trend,0.04024016958647023,1
Finland_Traffic_15T,010,tfclean_saits_chronos2_realw_resid_freqonly,seasonal,0.13336414114215375,1
Finland_Traffic_15T,010,tfclean_saits_chronos2_realw_resid_freqonly,freq,0.047265398708603995,1
Finland_Traffic_15T,010,tfclean_saits_chronos2_realw_resid_seasonalonly,trend,0.03065080357387094,1
Finland_Traffic_15T,010,tfclean_saits_chronos2_realw_resid_seasonalonly,seasonal,0.13989102646479637,1
Finland_Traffic_15T,010,tfclean_saits_chronos2_realw_resid_seasonalonly,freq,0.05693727156067127,1
Finland_Traffic_15T,010,tfclean_saits_chronos2_realw_resid_trendonly,trend,0.031142841655139676,1
Finland_Traffic_15T,010,tfclean_saits_chronos2_realw_resid_trendonly,seasonal,0.14153456521695584,1
Finland_Traffic_15T,010,tfclean_saits_chronos2_realw_resid_trendonly,freq,0.05534823423130626,1
Finland_Traffic_15T,010,tfclean_saits_kairos50m_realw_full,trend,0.031197925728552813,1
Finland_Traffic_15T,010,tfclean_saits_kairos50m_realw_full,seasonal,0.14158555972220657,1
Finland_Traffic_15T,010,tfclean_saits_kairos50m_realw_full,freq,0.05673513407635656,1
Finland_Traffic_15T,010,tfclean_saits_kairos50m_realw_full_freqonly,trend,0.034247452526193045,1
Finland_Traffic_15T,010,tfclean_saits_kairos50m_realw_full_freqonly,seasonal,0.1617419407438067,1
Finland_Traffic_15T,010,tfclean_saits_kairos50m_realw_full_freqonly,freq,0.09834637989791137,1
Finland_Traffic_15T,010,tfclean_saits_kairos50m_realw_full_seasonalonly,trend,0.03065080357387094,1
Finland_Traffic_15T,010,tfclean_saits_kairos50m_realw_full_seasonalonly,seasonal,0.13989102646479637,1
Finland_Traffic_15T,010,tfclean_saits_kairos50m_realw_full_seasonalonly,freq,0.05693727156067127,1
Finland_Traffic_15T,010,tfclean_saits_kairos50m_realw_full_trendonly,trend,0.031142841655139676,1
Finland_Traffic_15T,010,tfclean_saits_kairos50m_realw_full_trendonly,seasonal,0.14153456521695584,1
Finland_Traffic_15T,010,tfclean_saits_kairos50m_realw_full_trendonly,freq,0.05534823423130626,1
Finland_Traffic_15T,010,tfclean_saits_kairos50m_realw_resid,trend,0.031197925728552813,1
Finland_Traffic_15T,010,tfclean_saits_kairos50m_realw_resid,seasonal,0.14158555972220657,1
Finland_Traffic_15T,010,tfclean_saits_kairos50m_realw_resid,freq,0.05673513407635656,1
Finland_Traffic_15T,010,tfclean_saits_kairos50m_realw_resid_freqonly,trend,0.04024016958647023,1
Finland_Traffic_15T,010,tfclean_saits_kairos50m_realw_resid_freqonly,seasonal,0.13336414114215375,1
Finland_Traffic_15T,010,tfclean_saits_kairos50m_realw_resid_freqonly,freq,0.047265398708603995,1
Finland_Traffic_15T,010,tfclean_saits_kairos50m_realw_resid_seasonalonly,trend,0.03065080357387094,1
Finland_Traffic_15T,010,tfclean_saits_kairos50m_realw_resid_seasonalonly,seasonal,0.13989102646479637,1
Finland_Traffic_15T,010,tfclean_saits_kairos50m_realw_resid_seasonalonly,freq,0.05693727156067127,1
Finland_Traffic_15T,010,tfclean_saits_kairos50m_realw_resid_trendonly,trend,0.031142841655139676,1
Finland_Traffic_15T,010,tfclean_saits_kairos50m_realw_resid_trendonly,seasonal,0.14153456521695584,1
Finland_Traffic_15T,010,tfclean_saits_kairos50m_realw_resid_trendonly,freq,0.05534823423130626,1
Finland_Traffic_15T,010,tfclean_saits_timesfm2p5_realw_full,trend,0.03116586204596989,1
Finland_Traffic_15T,010,tfclean_saits_timesfm2p5_realw_full,seasonal,0.14153823735815096,1
Finland_Traffic_15T,010,tfclean_saits_timesfm2p5_realw_full,freq,0.0553866804856575,1
Finland_Traffic_15T,010,tfclean_saits_timesfm2p5_realw_full_freqonly,trend,0.034247452526193045,1
Finland_Traffic_15T,010,tfclean_saits_timesfm2p5_realw_full_freqonly,seasonal,0.1617419407438067,1
Finland_Traffic_15T,010,tfclean_saits_timesfm2p5_realw_full_freqonly,freq,0.09834637989791137,1
Finland_Traffic_15T,010,tfclean_saits_timesfm2p5_realw_full_seasonalonly,trend,0.03065080357387094,1
Finland_Traffic_15T,010,tfclean_saits_timesfm2p5_realw_full_seasonalonly,seasonal,0.13989102646479637,1
Finland_Traffic_15T,010,tfclean_saits_timesfm2p5_realw_full_seasonalonly,freq,0.05693727156067127,1
Finland_Traffic_15T,010,tfclean_saits_timesfm2p5_realw_full_trendonly,trend,0.031142841655139676,1
Finland_Traffic_15T,010,tfclean_saits_timesfm2p5_realw_full_trendonly,seasonal,0.14153456521695584,1
Finland_Traffic_15T,010,tfclean_saits_timesfm2p5_realw_full_trendonly,freq,0.05534823423130626,1
Finland_Traffic_15T,010,tfclean_saits_timesfm2p5_realw_resid,trend,0.03112644339021478,1
Finland_Traffic_15T,010,tfclean_saits_timesfm2p5_realw_resid,seasonal,0.14115322430508537,1
Finland_Traffic_15T,010,tfclean_saits_timesfm2p5_realw_resid,freq,0.057287742006612206,1
Finland_Traffic_15T,010,tfclean_saits_timesfm2p5_realw_resid_freqonly,trend,0.04024016958647023,1
Finland_Traffic_15T,010,tfclean_saits_timesfm2p5_realw_resid_freqonly,seasonal,0.13336414114215375,1
Finland_Traffic_15T,010,tfclean_saits_timesfm2p5_realw_resid_freqonly,freq,0.047265398708603995,1
Finland_Traffic_15T,010,tfclean_saits_timesfm2p5_realw_resid_seasonalonly,trend,0.03065080357387094,1
Finland_Traffic_15T,010,tfclean_saits_timesfm2p5_realw_resid_seasonalonly,seasonal,0.13989102646479637,1
Finland_Traffic_15T,010,tfclean_saits_timesfm2p5_realw_resid_seasonalonly,freq,0.05693727156067127,1
Finland_Traffic_15T,010,tfclean_saits_timesfm2p5_realw_resid_trendonly,trend,0.031142841655139676,1
Finland_Traffic_15T,010,tfclean_saits_timesfm2p5_realw_resid_trendonly,seasonal,0.14153456521695584,1
Finland_Traffic_15T,010,tfclean_saits_timesfm2p5_realw_resid_trendonly,freq,0.05534823423130626,1
Finland_Traffic_15T,020,backward,trend,0.09273372215837059,1
Finland_Traffic_15T,020,backward,seasonal,0.269354819086286,1
Finland_Traffic_15T,020,backward,freq,0.21585354051199918,1
Finland_Traffic_15T,020,chronos_forecast,trend,0.021152937642919475,1
Finland_Traffic_15T,020,chronos_forecast,seasonal,0.12318963178267238,1
Finland_Traffic_15T,020,chronos_forecast,freq,0.05603511407192986,1
Finland_Traffic_15T,020,forward,trend,0.0865487990596434,1
Finland_Traffic_15T,020,forward,seasonal,0.2902458268968499,1
Finland_Traffic_15T,020,forward,freq,0.16323940939233814,1
Finland_Traffic_15T,020,gp_rbf,trend,0.07764301664447416,1
Finland_Traffic_15T,020,gp_rbf,seasonal,0.27309041234008125,1
Finland_Traffic_15T,020,gp_rbf,freq,0.1802326528166631,1
Finland_Traffic_15T,020,kalman_arima,trend,0.0763033251191225,1
Finland_Traffic_15T,020,kalman_arima,seasonal,0.2598023699008182,1
Finland_Traffic_15T,020,kalman_arima,freq,0.16392367957093906,1
Finland_Traffic_15T,020,kalman_struct,trend,0.04197751849571356,1
Finland_Traffic_15T,020,kalman_struct,seasonal,0.2045747571821176,1
Finland_Traffic_15T,020,kalman_struct,freq,0.14359131651640938,1
Finland_Traffic_15T,020,linear,trend,0.05612033260694419,1
Finland_Traffic_15T,020,linear,seasonal,0.21313782865856348,1
Finland_Traffic_15T,020,linear,freq,0.1614196944391862,1
Finland_Traffic_15T,020,mean,trend,0.08657236942249227,1
Finland_Traffic_15T,020,mean,seasonal,0.28134009213365435,1
Finland_Traffic_15T,020,mean,freq,0.17505352702687346,1
Finland_Traffic_15T,020,saits,trend,0.05889346278042369,1
Finland_Traffic_15T,020,saits,seasonal,0.19312639255624298,1
Finland_Traffic_15T,020,saits,freq,0.13550396652489108,1
Finland_Traffic_15T,020,tfclean_chronos_forecast_chronos2_adaptive_full,trend,0.034983259392114975,1
Finland_Traffic_15T,020,tfclean_chronos_forecast_chronos2_adaptive_full,seasonal,0.1558425194819872,1
Finland_Traffic_15T,020,tfclean_chronos_forecast_chronos2_adaptive_full,freq,0.08443609184800545,1
Finland_Traffic_15T,020,tfclean_chronos_forecast_chronos2_adaptive_resid,trend,0.02493987267639604,1
Finland_Traffic_15T,020,tfclean_chronos_forecast_chronos2_adaptive_resid,seasonal,0.13968626339230208,1
Finland_Traffic_15T,020,tfclean_chronos_forecast_chronos2_adaptive_resid,freq,0.12338867211380083,1
Finland_Traffic_15T,020,tfclean_chronos_forecast_chronos2_realw_full,trend,0.02114095451772347,1
Finland_Traffic_15T,020,tfclean_chronos_forecast_chronos2_realw_full,seasonal,0.12310600149296719,1
Finland_Traffic_15T,020,tfclean_chronos_forecast_chronos2_realw_full,freq,0.05599835167732449,1
Finland_Traffic_15T,020,tfclean_chronos_forecast_chronos2_realw_resid,trend,0.02403356674344333,1
Finland_Traffic_15T,020,tfclean_chronos_forecast_chronos2_realw_resid,seasonal,0.13836234600566952,1
Finland_Traffic_15T,020,tfclean_chronos_forecast_chronos2_realw_resid,freq,0.10705813080377674,1
Finland_Traffic_15T,020,tfclean_chronos_forecast_chronos2_trend_only,trend,0.021327558112252832,1
Finland_Traffic_15T,020,tfclean_chronos_forecast_chronos2_trend_only,seasonal,0.123456706192125,1
Finland_Traffic_15T,020,tfclean_chronos_forecast_chronos2_trend_only,freq,0.05605968799296042,1
Finland_Traffic_15T,020,tfclean_gp_rbf_chronos2_realw_full,trend,0.07574483106944817,1
Finland_Traffic_15T,020,tfclean_gp_rbf_chronos2_realw_full,seasonal,0.26367463225204435,1
Finland_Traffic_15T,020,tfclean_gp_rbf_chronos2_realw_full,freq,0.17767952953984759,1
Finland_Traffic_15T,020,tfclean_gp_rbf_chronos2_realw_full_freqonly,trend,0.07560093580037006,1
Finland_Traffic_15T,020,tfclean_gp_rbf_chronos2_realw_full_freqonly,seasonal,0.27267373679260726,1
Finland_Traffic_15T,020,tfclean_gp_rbf_chronos2_realw_full_freqonly,freq,0.18576636653098458,1
Finland_Traffic_15T,020,tfclean_gp_rbf_chronos2_realw_full_seasonalonly,trend,0.07058824939486247,1
Finland_Traffic_15T,020,tfclean_gp_rbf_chronos2_realw_full_seasonalonly,seasonal,0.24725786831106147,1
Finland_Traffic_15T,020,tfclean_gp_rbf_chronos2_realw_full_seasonalonly,freq,0.17428476826410425,1
Finland_Traffic_15T,020,tfclean_gp_rbf_chronos2_realw_full_trendonly,trend,0.07730228239083636,1
Finland_Traffic_15T,020,tfclean_gp_rbf_chronos2_realw_full_trendonly,seasonal,0.27102848506536187,1
Finland_Traffic_15T,020,tfclean_gp_rbf_chronos2_realw_full_trendonly,freq,0.1783126720898831,1
Finland_Traffic_15T,020,tfclean_gp_rbf_chronos2_realw_resid,trend,0.07982483141282047,1
Finland_Traffic_15T,020,tfclean_gp_rbf_chronos2_realw_resid,seasonal,0.2743585814937377,1
Finland_Traffic_15T,020,tfclean_gp_rbf_chronos2_realw_resid,freq,0.15550264920479367,1
Finland_Traffic_15T,020,tfclean_gp_rbf_chronos2_realw_resid_freqonly,trend,0.07568777199013033,1
Finland_Traffic_15T,020,tfclean_gp_rbf_chronos2_realw_resid_freqonly,seasonal,0.2665887031612936,1
Finland_Traffic_15T,020,tfclean_gp_rbf_chronos2_realw_resid_freqonly,freq,0.1562944321147155,1
Finland_Traffic_15T,020,tfclean_gp_rbf_chronos2_realw_resid_seasonalonly,trend,0.07058824939486247,1
Finland_Traffic_15T,020,tfclean_gp_rbf_chronos2_realw_resid_seasonalonly,seasonal,0.24725786831106147,1
Finland_Traffic_15T,020,tfclean_gp_rbf_chronos2_realw_resid_seasonalonly,freq,0.17428476826410425,1
Finland_Traffic_15T,020,tfclean_gp_rbf_chronos2_realw_resid_trendonly,trend,0.07730228239083636,1
Finland_Traffic_15T,020,tfclean_gp_rbf_chronos2_realw_resid_trendonly,seasonal,0.27102848506536187,1
Finland_Traffic_15T,020,tfclean_gp_rbf_chronos2_realw_resid_trendonly,freq,0.1783126720898831,1
Finland_Traffic_15T,020,tfclean_gp_rbf_kairos50m_realw_full,trend,0.07764301664447425,1
Finland_Traffic_15T,020,tfclean_gp_rbf_kairos50m_realw_full,seasonal,0.2730904123400832,1
Finland_Traffic_15T,020,tfclean_gp_rbf_kairos50m_realw_full,freq,0.1802326528166636,1
Finland_Traffic_15T,020,tfclean_gp_rbf_kairos50m_realw_full_freqonly,trend,0.07560093580037006,1
Finland_Traffic_15T,020,tfclean_gp_rbf_kairos50m_realw_full_freqonly,seasonal,0.27267373679260726,1
Finland_Traffic_15T,020,tfclean_gp_rbf_kairos50m_realw_full_freqonly,freq,0.18576636653098458,1
Finland_Traffic_15T,020,tfclean_gp_rbf_kairos50m_realw_full_seasonalonly,trend,0.07058824939486247,1
Finland_Traffic_15T,020,tfclean_gp_rbf_kairos50m_realw_full_seasonalonly,seasonal,0.24725786831106147,1
Finland_Traffic_15T,020,tfclean_gp_rbf_kairos50m_realw_full_seasonalonly,freq,0.17428476826410425,1
Finland_Traffic_15T,020,tfclean_gp_rbf_kairos50m_realw_full_trendonly,trend,0.07730228239083636,1
Finland_Traffic_15T,020,tfclean_gp_rbf_kairos50m_realw_full_trendonly,seasonal,0.27102848506536187,1
Finland_Traffic_15T,020,tfclean_gp_rbf_kairos50m_realw_full_trendonly,freq,0.1783126720898831,1
Finland_Traffic_15T,020,tfclean_gp_rbf_kairos50m_realw_resid,trend,0.07764301664447425,1
Finland_Traffic_15T,020,tfclean_gp_rbf_kairos50m_realw_resid,seasonal,0.2730904123400832,1
Finland_Traffic_15T,020,tfclean_gp_rbf_kairos50m_realw_resid,freq,0.1802326528166636,1
Finland_Traffic_15T,020,tfclean_gp_rbf_kairos50m_realw_resid_freqonly,trend,0.07568777199013033,1
Finland_Traffic_15T,020,tfclean_gp_rbf_kairos50m_realw_resid_freqonly,seasonal,0.2665887031612936,1
Finland_Traffic_15T,020,tfclean_gp_rbf_kairos50m_realw_resid_freqonly,freq,0.1562944321147155,1
Finland_Traffic_15T,020,tfclean_gp_rbf_kairos50m_realw_resid_seasonalonly,trend,0.07058824939486247,1
Finland_Traffic_15T,020,tfclean_gp_rbf_kairos50m_realw_resid_seasonalonly,seasonal,0.24725786831106147,1
Finland_Traffic_15T,020,tfclean_gp_rbf_kairos50m_realw_resid_seasonalonly,freq,0.17428476826410425,1
Finland_Traffic_15T,020,tfclean_gp_rbf_kairos50m_realw_resid_trendonly,trend,0.07730228239083636,1
Finland_Traffic_15T,020,tfclean_gp_rbf_kairos50m_realw_resid_trendonly,seasonal,0.27102848506536187,1
Finland_Traffic_15T,020,tfclean_gp_rbf_kairos50m_realw_resid_trendonly,freq,0.1783126720898831,1
Finland_Traffic_15T,020,tfclean_gp_rbf_timesfm2p5_realw_full,trend,0.07733765082543002,1
Finland_Traffic_15T,020,tfclean_gp_rbf_timesfm2p5_realw_full,seasonal,0.27140715702929774,1
Finland_Traffic_15T,020,tfclean_gp_rbf_timesfm2p5_realw_full,freq,0.17934892043094056,1
Finland_Traffic_15T,020,tfclean_gp_rbf_timesfm2p5_realw_full_freqonly,trend,0.07560093580037006,1
Finland_Traffic_15T,020,tfclean_gp_rbf_timesfm2p5_realw_full_freqonly,seasonal,0.27267373679260726,1
Finland_Traffic_15T,020,tfclean_gp_rbf_timesfm2p5_realw_full_freqonly,freq,0.18576636653098458,1
Finland_Traffic_15T,020,tfclean_gp_rbf_timesfm2p5_realw_full_seasonalonly,trend,0.07058824939486247,1
Finland_Traffic_15T,020,tfclean_gp_rbf_timesfm2p5_realw_full_seasonalonly,seasonal,0.24725786831106147,1
Finland_Traffic_15T,020,tfclean_gp_rbf_timesfm2p5_realw_full_seasonalonly,freq,0.17428476826410425,1
Finland_Traffic_15T,020,tfclean_gp_rbf_timesfm2p5_realw_full_trendonly,trend,0.07730228239083636,1
Finland_Traffic_15T,020,tfclean_gp_rbf_timesfm2p5_realw_full_trendonly,seasonal,0.27102848506536187,1
Finland_Traffic_15T,020,tfclean_gp_rbf_timesfm2p5_realw_full_trendonly,freq,0.1783126720898831,1
Finland_Traffic_15T,020,tfclean_gp_rbf_timesfm2p5_realw_resid,trend,0.07740199224527056,1
Finland_Traffic_15T,020,tfclean_gp_rbf_timesfm2p5_realw_resid,seasonal,0.27202308221247806,1
Finland_Traffic_15T,020,tfclean_gp_rbf_timesfm2p5_realw_resid,freq,0.17984610615573912,1
Finland_Traffic_15T,020,tfclean_gp_rbf_timesfm2p5_realw_resid_freqonly,trend,0.07568777199013033,1
Finland_Traffic_15T,020,tfclean_gp_rbf_timesfm2p5_realw_resid_freqonly,seasonal,0.2665887031612936,1
Finland_Traffic_15T,020,tfclean_gp_rbf_timesfm2p5_realw_resid_freqonly,freq,0.1562944321147155,1
Finland_Traffic_15T,020,tfclean_gp_rbf_timesfm2p5_realw_resid_seasonalonly,trend,0.07058824939486247,1
Finland_Traffic_15T,020,tfclean_gp_rbf_timesfm2p5_realw_resid_seasonalonly,seasonal,0.24725786831106147,1
Finland_Traffic_15T,020,tfclean_gp_rbf_timesfm2p5_realw_resid_seasonalonly,freq,0.17428476826410425,1
Finland_Traffic_15T,020,tfclean_gp_rbf_timesfm2p5_realw_resid_trendonly,trend,0.07730228239083636,1
Finland_Traffic_15T,020,tfclean_gp_rbf_timesfm2p5_realw_resid_trendonly,seasonal,0.27102848506536187,1
Finland_Traffic_15T,020,tfclean_gp_rbf_timesfm2p5_realw_resid_trendonly,freq,0.1783126720898831,1
Finland_Traffic_15T,020,tfclean_linear_chronos2_realw_full,trend,0.054900300279351354,1
Finland_Traffic_15T,020,tfclean_linear_chronos2_realw_full,seasonal,0.2112942324807258,1
Finland_Traffic_15T,020,tfclean_linear_chronos2_realw_full,freq,0.16199797804459282,1
Finland_Traffic_15T,020,tfclean_linear_chronos2_realw_full_freqonly,trend,0.07364740456123756,1
Finland_Traffic_15T,020,tfclean_linear_chronos2_realw_full_freqonly,seasonal,0.26422484984259076,1
Finland_Traffic_15T,020,tfclean_linear_chronos2_realw_full_freqonly,freq,0.17494785958779943,1
Finland_Traffic_15T,020,tfclean_linear_chronos2_realw_full_seasonalonly,trend,0.05304423745748783,1
Finland_Traffic_15T,020,tfclean_linear_chronos2_realw_full_seasonalonly,seasonal,0.2062731408159083,1
Finland_Traffic_15T,020,tfclean_linear_chronos2_realw_full_seasonalonly,freq,0.1632604538414472,1
Finland_Traffic_15T,020,tfclean_linear_chronos2_realw_full_trendonly,trend,0.05604994518066096,1
Finland_Traffic_15T,020,tfclean_linear_chronos2_realw_full_trendonly,seasonal,0.21338182907526318,1
Finland_Traffic_15T,020,tfclean_linear_chronos2_realw_full_trendonly,freq,0.1639441337850308,1
Finland_Traffic_15T,020,tfclean_linear_chronos2_realw_resid,trend,0.06525372083735519,1
Finland_Traffic_15T,020,tfclean_linear_chronos2_realw_resid,seasonal,0.20507538930387553,1
Finland_Traffic_15T,020,tfclean_linear_chronos2_realw_resid,freq,0.13240651476216292,1
Finland_Traffic_15T,020,tfclean_linear_chronos2_realw_resid_freqonly,trend,0.06308474674434378,1
Finland_Traffic_15T,020,tfclean_linear_chronos2_realw_resid_freqonly,seasonal,0.19171568574140513,1
Finland_Traffic_15T,020,tfclean_linear_chronos2_realw_resid_freqonly,freq,0.14225205749019676,1
Finland_Traffic_15T,020,tfclean_linear_chronos2_realw_resid_seasonalonly,trend,0.05304423745748783,1
Finland_Traffic_15T,020,tfclean_linear_chronos2_realw_resid_seasonalonly,seasonal,0.2062731408159083,1
Finland_Traffic_15T,020,tfclean_linear_chronos2_realw_resid_seasonalonly,freq,0.1632604538414472,1
Finland_Traffic_15T,020,tfclean_linear_chronos2_realw_resid_trendonly,trend,0.05604994518066096,1
Finland_Traffic_15T,020,tfclean_linear_chronos2_realw_resid_trendonly,seasonal,0.21338182907526318,1
Finland_Traffic_15T,020,tfclean_linear_chronos2_realw_resid_trendonly,freq,0.1639441337850308,1
Finland_Traffic_15T,020,tfclean_linear_kairos50m_realw_full,trend,0.056120332606946786,1
Finland_Traffic_15T,020,tfclean_linear_kairos50m_realw_full,seasonal,0.21313782865856534,1
Finland_Traffic_15T,020,tfclean_linear_kairos50m_realw_full,freq,0.16141969443920964,1
Finland_Traffic_15T,020,tfclean_linear_kairos50m_realw_full_freqonly,trend,0.07364740456123756,1
Finland_Traffic_15T,020,tfclean_linear_kairos50m_realw_full_freqonly,seasonal,0.26422484984259076,1
Finland_Traffic_15T,020,tfclean_linear_kairos50m_realw_full_freqonly,freq,0.17494785958779943,1
Finland_Traffic_15T,020,tfclean_linear_kairos50m_realw_full_seasonalonly,trend,0.05304423745748783,1
Finland_Traffic_15T,020,tfclean_linear_kairos50m_realw_full_seasonalonly,seasonal,0.2062731408159083,1
Finland_Traffic_15T,020,tfclean_linear_kairos50m_realw_full_seasonalonly,freq,0.1632604538414472,1
Finland_Traffic_15T,020,tfclean_linear_kairos50m_realw_full_trendonly,trend,0.05604994518066096,1
Finland_Traffic_15T,020,tfclean_linear_kairos50m_realw_full_trendonly,seasonal,0.21338182907526318,1
Finland_Traffic_15T,020,tfclean_linear_kairos50m_realw_full_trendonly,freq,0.1639441337850308,1
Finland_Traffic_15T,020,tfclean_linear_kairos50m_realw_resid,trend,0.056120332606946786,1
Finland_Traffic_15T,020,tfclean_linear_kairos50m_realw_resid,seasonal,0.21313782865856534,1
Finland_Traffic_15T,020,tfclean_linear_kairos50m_realw_resid,freq,0.16141969443920964,1
Finland_Traffic_15T,020,tfclean_linear_kairos50m_realw_resid_freqonly,trend,0.06308474674434378,1
Finland_Traffic_15T,020,tfclean_linear_kairos50m_realw_resid_freqonly,seasonal,0.19171568574140513,1
Finland_Traffic_15T,020,tfclean_linear_kairos50m_realw_resid_freqonly,freq,0.14225205749019676,1
Finland_Traffic_15T,020,tfclean_linear_kairos50m_realw_resid_seasonalonly,trend,0.05304423745748783,1
Finland_Traffic_15T,020,tfclean_linear_kairos50m_realw_resid_seasonalonly,seasonal,0.2062731408159083,1
Finland_Traffic_15T,020,tfclean_linear_kairos50m_realw_resid_seasonalonly,freq,0.1632604538414472,1
Finland_Traffic_15T,020,tfclean_linear_kairos50m_realw_resid_trendonly,trend,0.05604994518066096,1
Finland_Traffic_15T,020,tfclean_linear_kairos50m_realw_resid_trendonly,seasonal,0.21338182907526318,1
Finland_Traffic_15T,020,tfclean_linear_kairos50m_realw_resid_trendonly,freq,0.1639441337850308,1
Finland_Traffic_15T,020,tfclean_linear_timesfm2p5_realw_full,trend,0.05601688268911013,1
Finland_Traffic_15T,020,tfclean_linear_timesfm2p5_realw_full,seasonal,0.2132888208239849,1
Finland_Traffic_15T,020,tfclean_linear_timesfm2p5_realw_full,freq,0.16364360177852114,1
Finland_Traffic_15T,020,tfclean_linear_timesfm2p5_realw_full_freqonly,trend,0.07364740456123756,1
Finland_Traffic_15T,020,tfclean_linear_timesfm2p5_realw_full_freqonly,seasonal,0.26422484984259076,1
Finland_Traffic_15T,020,tfclean_linear_timesfm2p5_realw_full_freqonly,freq,0.17494785958779943,1
Finland_Traffic_15T,020,tfclean_linear_timesfm2p5_realw_full_seasonalonly,trend,0.05304423745748783,1
Finland_Traffic_15T,020,tfclean_linear_timesfm2p5_realw_full_seasonalonly,seasonal,0.2062731408159083,1
Finland_Traffic_15T,020,tfclean_linear_timesfm2p5_realw_full_seasonalonly,freq,0.1632604538414472,1
Finland_Traffic_15T,020,tfclean_linear_timesfm2p5_realw_full_trendonly,trend,0.05604994518066096,1
Finland_Traffic_15T,020,tfclean_linear_timesfm2p5_realw_full_trendonly,seasonal,0.21338182907526318,1
Finland_Traffic_15T,020,tfclean_linear_timesfm2p5_realw_full_trendonly,freq,0.1639441337850308,1
Finland_Traffic_15T,020,tfclean_linear_timesfm2p5_realw_resid,trend,0.05625546138336527,1
Finland_Traffic_15T,020,tfclean_linear_timesfm2p5_realw_resid,seasonal,0.21303721238036896,1
Finland_Traffic_15T,020,tfclean_linear_timesfm2p5_realw_resid,freq,0.1620650621681485,1
Finland_Traffic_15T,020,tfclean_linear_timesfm2p5_realw_resid_freqonly,trend,0.06308474674434378,1
Finland_Traffic_15T,020,tfclean_linear_timesfm2p5_realw_resid_freqonly,seasonal,0.19171568574140513,1
Finland_Traffic_15T,020,tfclean_linear_timesfm2p5_realw_resid_freqonly,freq,0.14225205749019676,1
Finland_Traffic_15T,020,tfclean_linear_timesfm2p5_realw_resid_seasonalonly,trend,0.05304423745748783,1
Finland_Traffic_15T,020,tfclean_linear_timesfm2p5_realw_resid_seasonalonly,seasonal,0.2062731408159083,1
Finland_Traffic_15T,020,tfclean_linear_timesfm2p5_realw_resid_seasonalonly,freq,0.1632604538414472,1
Finland_Traffic_15T,020,tfclean_linear_timesfm2p5_realw_resid_trendonly,trend,0.05604994518066096,1
Finland_Traffic_15T,020,tfclean_linear_timesfm2p5_realw_resid_trendonly,seasonal,0.21338182907526318,1
Finland_Traffic_15T,020,tfclean_linear_timesfm2p5_realw_resid_trendonly,freq,0.1639441337850308,1
Finland_Traffic_15T,020,tfclean_saits_chronos2_realw_full,trend,0.05872056463556053,1
Finland_Traffic_15T,020,tfclean_saits_chronos2_realw_full,seasonal,0.1927755198213775,1
Finland_Traffic_15T,020,tfclean_saits_chronos2_realw_full,freq,0.13552299045775867,1
Finland_Traffic_15T,020,tfclean_saits_chronos2_realw_full_freqonly,trend,0.07538303587534964,1
Finland_Traffic_15T,020,tfclean_saits_chronos2_realw_full_freqonly,seasonal,0.25679437911868297,1
Finland_Traffic_15T,020,tfclean_saits_chronos2_realw_full_freqonly,freq,0.19318956674677998,1
Finland_Traffic_15T,020,tfclean_saits_chronos2_realw_full_seasonalonly,trend,0.058118348019861064,1
Finland_Traffic_15T,020,tfclean_saits_chronos2_realw_full_seasonalonly,seasonal,0.19135023386092048,1
Finland_Traffic_15T,020,tfclean_saits_chronos2_realw_full_seasonalonly,freq,0.13654202002375057,1
Finland_Traffic_15T,020,tfclean_saits_chronos2_realw_full_trendonly,trend,0.058112885893390656,1
Finland_Traffic_15T,020,tfclean_saits_chronos2_realw_full_trendonly,seasonal,0.1932488709075285,1
Finland_Traffic_15T,020,tfclean_saits_chronos2_realw_full_trendonly,freq,0.13655299850289676,1
Finland_Traffic_15T,020,tfclean_saits_chronos2_realw_resid,trend,0.06588102455828336,1
Finland_Traffic_15T,020,tfclean_saits_chronos2_realw_resid,seasonal,0.18501664764530595,1
Finland_Traffic_15T,020,tfclean_saits_chronos2_realw_resid,freq,0.12230964154327845,1
Finland_Traffic_15T,020,tfclean_saits_chronos2_realw_resid_freqonly,trend,0.06594420836171648,1
Finland_Traffic_15T,020,tfclean_saits_chronos2_realw_resid_freqonly,seasonal,0.1839089037853826,1
Finland_Traffic_15T,020,tfclean_saits_chronos2_realw_resid_freqonly,freq,0.1293085309081428,1
Finland_Traffic_15T,020,tfclean_saits_chronos2_realw_resid_seasonalonly,trend,0.058118348019861064,1
Finland_Traffic_15T,020,tfclean_saits_chronos2_realw_resid_seasonalonly,seasonal,0.19135023386092048,1
Finland_Traffic_15T,020,tfclean_saits_chronos2_realw_resid_seasonalonly,freq,0.13654202002375057,1
Finland_Traffic_15T,020,tfclean_saits_chronos2_realw_resid_trendonly,trend,0.058112885893390656,1
Finland_Traffic_15T,020,tfclean_saits_chronos2_realw_resid_trendonly,seasonal,0.1932488709075285,1
Finland_Traffic_15T,020,tfclean_saits_chronos2_realw_resid_trendonly,freq,0.13655299850289676,1
Finland_Traffic_15T,020,tfclean_saits_kairos50m_realw_full,trend,0.05889346278042439,1
Finland_Traffic_15T,020,tfclean_saits_kairos50m_realw_full,seasonal,0.19312639255624248,1
Finland_Traffic_15T,020,tfclean_saits_kairos50m_realw_full,freq,0.13550396652489205,1
Finland_Traffic_15T,020,tfclean_saits_kairos50m_realw_full_freqonly,trend,0.07538303587534964,1
Finland_Traffic_15T,020,tfclean_saits_kairos50m_realw_full_freqonly,seasonal,0.25679437911868297,1
Finland_Traffic_15T,020,tfclean_saits_kairos50m_realw_full_freqonly,freq,0.19318956674677998,1
Finland_Traffic_15T,020,tfclean_saits_kairos50m_realw_full_seasonalonly,trend,0.058118348019861064,1
Finland_Traffic_15T,020,tfclean_saits_kairos50m_realw_full_seasonalonly,seasonal,0.19135023386092048,1
Finland_Traffic_15T,020,tfclean_saits_kairos50m_realw_full_seasonalonly,freq,0.13654202002375057,1
Finland_Traffic_15T,020,tfclean_saits_kairos50m_realw_full_trendonly,trend,0.058112885893390656,1
Finland_Traffic_15T,020,tfclean_saits_kairos50m_realw_full_trendonly,seasonal,0.1932488709075285,1
Finland_Traffic_15T,020,tfclean_saits_kairos50m_realw_full_trendonly,freq,0.13655299850289676,1
Finland_Traffic_15T,020,tfclean_saits_kairos50m_realw_resid,trend,0.05889346278042439,1
Finland_Traffic_15T,020,tfclean_saits_kairos50m_realw_resid,seasonal,0.19312639255624248,1
Finland_Traffic_15T,020,tfclean_saits_kairos50m_realw_resid,freq,0.13550396652489205,1
Finland_Traffic_15T,020,tfclean_saits_kairos50m_realw_resid_freqonly,trend,0.06594420836171648,1
Finland_Traffic_15T,020,tfclean_saits_kairos50m_realw_resid_freqonly,seasonal,0.1839089037853826,1
Finland_Traffic_15T,020,tfclean_saits_kairos50m_realw_resid_freqonly,freq,0.1293085309081428,1
Finland_Traffic_15T,020,tfclean_saits_kairos50m_realw_resid_seasonalonly,trend,0.058118348019861064,1
Finland_Traffic_15T,020,tfclean_saits_kairos50m_realw_resid_seasonalonly,seasonal,0.19135023386092048,1
Finland_Traffic_15T,020,tfclean_saits_kairos50m_realw_resid_seasonalonly,freq,0.13654202002375057,1
Finland_Traffic_15T,020,tfclean_saits_kairos50m_realw_resid_trendonly,trend,0.058112885893390656,1
Finland_Traffic_15T,020,tfclean_saits_kairos50m_realw_resid_trendonly,seasonal,0.1932488709075285,1
Finland_Traffic_15T,020,tfclean_saits_kairos50m_realw_resid_trendonly,freq,0.13655299850289676,1
Finland_Traffic_15T,020,tfclean_saits_timesfm2p5_realw_full,trend,0.05821389304242763,1
Finland_Traffic_15T,020,tfclean_saits_timesfm2p5_realw_full,seasonal,0.19322654617139703,1
Finland_Traffic_15T,020,tfclean_saits_timesfm2p5_realw_full,freq,0.13658935053956417,1
Finland_Traffic_15T,020,tfclean_saits_timesfm2p5_realw_full_freqonly,trend,0.07538303587534964,1
Finland_Traffic_15T,020,tfclean_saits_timesfm2p5_realw_full_freqonly,seasonal,0.25679437911868297,1
Finland_Traffic_15T,020,tfclean_saits_timesfm2p5_realw_full_freqonly,freq,0.19318956674677998,1
Finland_Traffic_15T,020,tfclean_saits_timesfm2p5_realw_full_seasonalonly,trend,0.058118348019861064,1
Finland_Traffic_15T,020,tfclean_saits_timesfm2p5_realw_full_seasonalonly,seasonal,0.19135023386092048,1
Finland_Traffic_15T,020,tfclean_saits_timesfm2p5_realw_full_seasonalonly,freq,0.13654202002375057,1
Finland_Traffic_15T,020,tfclean_saits_timesfm2p5_realw_full_trendonly,trend,0.058112885893390656,1
Finland_Traffic_15T,020,tfclean_saits_timesfm2p5_realw_full_trendonly,seasonal,0.1932488709075285,1
Finland_Traffic_15T,020,tfclean_saits_timesfm2p5_realw_full_trendonly,freq,0.13655299850289676,1
Finland_Traffic_15T,020,tfclean_saits_timesfm2p5_realw_resid,trend,0.05853839501024999,1
Finland_Traffic_15T,020,tfclean_saits_timesfm2p5_realw_resid,seasonal,0.19321549504204255,1
Finland_Traffic_15T,020,tfclean_saits_timesfm2p5_realw_resid,freq,0.1361777263427571,1
Finland_Traffic_15T,020,tfclean_saits_timesfm2p5_realw_resid_freqonly,trend,0.06594420836171648,1
Finland_Traffic_15T,020,tfclean_saits_timesfm2p5_realw_resid_freqonly,seasonal,0.1839089037853826,1
Finland_Traffic_15T,020,tfclean_saits_timesfm2p5_realw_resid_freqonly,freq,0.1293085309081428,1
Finland_Traffic_15T,020,tfclean_saits_timesfm2p5_realw_resid_seasonalonly,trend,0.058118348019861064,1
Finland_Traffic_15T,020,tfclean_saits_timesfm2p5_realw_resid_seasonalonly,seasonal,0.19135023386092048,1
Finland_Traffic_15T,020,tfclean_saits_timesfm2p5_realw_resid_seasonalonly,freq,0.13654202002375057,1
Finland_Traffic_15T,020,tfclean_saits_timesfm2p5_realw_resid_trendonly,trend,0.058112885893390656,1
Finland_Traffic_15T,020,tfclean_saits_timesfm2p5_realw_resid_trendonly,seasonal,0.1932488709075285,1
Finland_Traffic_15T,020,tfclean_saits_timesfm2p5_realw_resid_trendonly,freq,0.13655299850289676,1
Finland_Traffic_15T,030,backward,trend,0.1335207247060686,1
Finland_Traffic_15T,030,backward,seasonal,0.3706377702005582,1
Finland_Traffic_15T,030,backward,freq,0.22662968687935237,1
Finland_Traffic_15T,030,chronos_forecast,trend,0.03109450992753321,1
Finland_Traffic_15T,030,chronos_forecast,seasonal,0.1546230025684181,1
Finland_Traffic_15T,030,chronos_forecast,freq,0.0777321216918365,1
Finland_Traffic_15T,030,forward,trend,0.12816092591313907,1
Finland_Traffic_15T,030,forward,seasonal,0.3773089728062609,1
Finland_Traffic_15T,030,forward,freq,0.3370778795472314,1
Finland_Traffic_15T,030,gp_rbf,trend,0.14076020601082362,1
Finland_Traffic_15T,030,gp_rbf,seasonal,0.3808349328667552,1
Finland_Traffic_15T,030,gp_rbf,freq,0.2320246723824897,1
Finland_Traffic_15T,030,kalman_arima,trend,0.12715840032378425,1
Finland_Traffic_15T,030,kalman_arima,seasonal,0.3522346959201758,1
Finland_Traffic_15T,030,kalman_arima,freq,0.23156288754143342,1
Finland_Traffic_15T,030,kalman_struct,trend,0.06729354976525383,1
Finland_Traffic_15T,030,kalman_struct,seasonal,0.265875635258776,1
Finland_Traffic_15T,030,kalman_struct,freq,0.17049642308921126,1
Finland_Traffic_15T,030,linear,trend,0.09614485367174017,1
Finland_Traffic_15T,030,linear,seasonal,0.27992728108236314,1
Finland_Traffic_15T,030,linear,freq,0.1887599770283671,1
Finland_Traffic_15T,030,mean,trend,0.13694975534296333,1
Finland_Traffic_15T,030,mean,seasonal,0.37409254935470754,1
Finland_Traffic_15T,030,mean,freq,0.2572653607948318,1
Finland_Traffic_15T,030,saits,trend,0.08458309193405973,1
Finland_Traffic_15T,030,saits,seasonal,0.24174128709396855,1
Finland_Traffic_15T,030,saits,freq,0.1952363238180428,1
Finland_Traffic_15T,030,tfclean_chronos_forecast_chronos2_adaptive_full,trend,0.053901810529210906,1
Finland_Traffic_15T,030,tfclean_chronos_forecast_chronos2_adaptive_full,seasonal,0.19132620377252485,1
Finland_Traffic_15T,030,tfclean_chronos_forecast_chronos2_adaptive_full,freq,0.10697920212310623,1
Finland_Traffic_15T,030,tfclean_chronos_forecast_chronos2_adaptive_resid,trend,0.032099201850423774,1
Finland_Traffic_15T,030,tfclean_chronos_forecast_chronos2_adaptive_resid,seasonal,0.16675943829566514,1
Finland_Traffic_15T,030,tfclean_chronos_forecast_chronos2_adaptive_resid,freq,0.1543902503849583,1
Finland_Traffic_15T,030,tfclean_chronos_forecast_chronos2_realw_full,trend,0.031229682922208558,1
Finland_Traffic_15T,030,tfclean_chronos_forecast_chronos2_realw_full,seasonal,0.15448940458076374,1
Finland_Traffic_15T,030,tfclean_chronos_forecast_chronos2_realw_full,freq,0.07777058661396849,1
Finland_Traffic_15T,030,tfclean_chronos_forecast_chronos2_realw_resid,trend,0.03198936988136953,1
Finland_Traffic_15T,030,tfclean_chronos_forecast_chronos2_realw_resid,seasonal,0.16290047626592757,1
Finland_Traffic_15T,030,tfclean_chronos_forecast_chronos2_realw_resid,freq,0.1337927743580889,1
Finland_Traffic_15T,030,tfclean_chronos_forecast_chronos2_trend_only,trend,0.031150383951360786,1
Finland_Traffic_15T,030,tfclean_chronos_forecast_chronos2_trend_only,seasonal,0.15480345764534187,1
Finland_Traffic_15T,030,tfclean_chronos_forecast_chronos2_trend_only,freq,0.07838245305743154,1
Finland_Traffic_15T,030,tfclean_gp_rbf_chronos2_realw_full,trend,0.13681728094011597,1
Finland_Traffic_15T,030,tfclean_gp_rbf_chronos2_realw_full,seasonal,0.3631043031086766,1
Finland_Traffic_15T,030,tfclean_gp_rbf_chronos2_realw_full,freq,0.23667855246559075,1
Finland_Traffic_15T,030,tfclean_gp_rbf_chronos2_realw_full_freqonly,trend,0.1281330233071786,1
Finland_Traffic_15T,030,tfclean_gp_rbf_chronos2_realw_full_freqonly,seasonal,0.36428014563112737,1
Finland_Traffic_15T,030,tfclean_gp_rbf_chronos2_realw_full_freqonly,freq,0.2229805662296519,1
Finland_Traffic_15T,030,tfclean_gp_rbf_chronos2_realw_full_seasonalonly,trend,0.12408361738993447,1
Finland_Traffic_15T,030,tfclean_gp_rbf_chronos2_realw_full_seasonalonly,seasonal,0.32399322747115633,1
Finland_Traffic_15T,030,tfclean_gp_rbf_chronos2_realw_full_seasonalonly,freq,0.23872373947428674,1
Finland_Traffic_15T,030,tfclean_gp_rbf_chronos2_realw_full_trendonly,trend,0.1400441450082555,1
Finland_Traffic_15T,030,tfclean_gp_rbf_chronos2_realw_full_trendonly,seasonal,0.37970238865570693,1
Finland_Traffic_15T,030,tfclean_gp_rbf_chronos2_realw_full_trendonly,freq,0.2322401020004527,1
Finland_Traffic_15T,030,tfclean_gp_rbf_chronos2_realw_resid,trend,0.14113749203434378,1
Finland_Traffic_15T,030,tfclean_gp_rbf_chronos2_realw_resid,seasonal,0.37716546359529146,1
Finland_Traffic_15T,030,tfclean_gp_rbf_chronos2_realw_resid,freq,0.19166286769797625,1
Finland_Traffic_15T,030,tfclean_gp_rbf_chronos2_realw_resid_freqonly,trend,0.13727688420354545,1
Finland_Traffic_15T,030,tfclean_gp_rbf_chronos2_realw_resid_freqonly,seasonal,0.3699296455935945,1
Finland_Traffic_15T,030,tfclean_gp_rbf_chronos2_realw_resid_freqonly,freq,0.1991030356906971,1
Finland_Traffic_15T,030,tfclean_gp_rbf_chronos2_realw_resid_seasonalonly,trend,0.12408361738993447,1
Finland_Traffic_15T,030,tfclean_gp_rbf_chronos2_realw_resid_seasonalonly,seasonal,0.32399322747115633,1
Finland_Traffic_15T,030,tfclean_gp_rbf_chronos2_realw_resid_seasonalonly,freq,0.23872373947428674,1
Finland_Traffic_15T,030,tfclean_gp_rbf_chronos2_realw_resid_trendonly,trend,0.1400441450082555,1
Finland_Traffic_15T,030,tfclean_gp_rbf_chronos2_realw_resid_trendonly,seasonal,0.37970238865570693,1
Finland_Traffic_15T,030,tfclean_gp_rbf_chronos2_realw_resid_trendonly,freq,0.2322401020004527,1
Finland_Traffic_15T,030,tfclean_gp_rbf_kairos50m_realw_full,trend,0.14076020601082323,1
Finland_Traffic_15T,030,tfclean_gp_rbf_kairos50m_realw_full,seasonal,0.38083493286675335,1
Finland_Traffic_15T,030,tfclean_gp_rbf_kairos50m_realw_full,freq,0.23202467238248675,1
Finland_Traffic_15T,030,tfclean_gp_rbf_kairos50m_realw_full_freqonly,trend,0.1281330233071786,1
Finland_Traffic_15T,030,tfclean_gp_rbf_kairos50m_realw_full_freqonly,seasonal,0.36428014563112737,1
Finland_Traffic_15T,030,tfclean_gp_rbf_kairos50m_realw_full_freqonly,freq,0.2229805662296519,1
Finland_Traffic_15T,030,tfclean_gp_rbf_kairos50m_realw_full_seasonalonly,trend,0.12408361738993447,1
Finland_Traffic_15T,030,tfclean_gp_rbf_kairos50m_realw_full_seasonalonly,seasonal,0.32399322747115633,1
Finland_Traffic_15T,030,tfclean_gp_rbf_kairos50m_realw_full_seasonalonly,freq,0.23872373947428674,1
Finland_Traffic_15T,030,tfclean_gp_rbf_kairos50m_realw_full_trendonly,trend,0.1400441450082555,1
Finland_Traffic_15T,030,tfclean_gp_rbf_kairos50m_realw_full_trendonly,seasonal,0.37970238865570693,1
Finland_Traffic_15T,030,tfclean_gp_rbf_kairos50m_realw_full_trendonly,freq,0.2322401020004527,1
Finland_Traffic_15T,030,tfclean_gp_rbf_kairos50m_realw_resid,trend,0.14076020601082323,1
Finland_Traffic_15T,030,tfclean_gp_rbf_kairos50m_realw_resid,seasonal,0.38083493286675335,1
Finland_Traffic_15T,030,tfclean_gp_rbf_kairos50m_realw_resid,freq,0.23202467238248675,1
Finland_Traffic_15T,030,tfclean_gp_rbf_kairos50m_realw_resid_freqonly,trend,0.13727688420354545,1
Finland_Traffic_15T,030,tfclean_gp_rbf_kairos50m_realw_resid_freqonly,seasonal,0.3699296455935945,1
Finland_Traffic_15T,030,tfclean_gp_rbf_kairos50m_realw_resid_freqonly,freq,0.1991030356906971,1
Finland_Traffic_15T,030,tfclean_gp_rbf_kairos50m_realw_resid_seasonalonly,trend,0.12408361738993447,1
Finland_Traffic_15T,030,tfclean_gp_rbf_kairos50m_realw_resid_seasonalonly,seasonal,0.32399322747115633,1
Finland_Traffic_15T,030,tfclean_gp_rbf_kairos50m_realw_resid_seasonalonly,freq,0.23872373947428674,1
Finland_Traffic_15T,030,tfclean_gp_rbf_kairos50m_realw_resid_trendonly,trend,0.1400441450082555,1
Finland_Traffic_15T,030,tfclean_gp_rbf_kairos50m_realw_resid_trendonly,seasonal,0.37970238865570693,1
Finland_Traffic_15T,030,tfclean_gp_rbf_kairos50m_realw_resid_trendonly,freq,0.2322401020004527,1
Finland_Traffic_15T,030,tfclean_gp_rbf_timesfm2p5_realw_full,trend,0.14016635778120426,1
Finland_Traffic_15T,030,tfclean_gp_rbf_timesfm2p5_realw_full,seasonal,0.3795483568450768,1
Finland_Traffic_15T,030,tfclean_gp_rbf_timesfm2p5_realw_full,freq,0.23204435531932527,1
Finland_Traffic_15T,030,tfclean_gp_rbf_timesfm2p5_realw_full_freqonly,trend,0.1281330233071786,1
Finland_Traffic_15T,030,tfclean_gp_rbf_timesfm2p5_realw_full_freqonly,seasonal,0.36428014563112737,1
Finland_Traffic_15T,030,tfclean_gp_rbf_timesfm2p5_realw_full_freqonly,freq,0.2229805662296519,1
Finland_Traffic_15T,030,tfclean_gp_rbf_timesfm2p5_realw_full_seasonalonly,trend,0.12408361738993447,1
Finland_Traffic_15T,030,tfclean_gp_rbf_timesfm2p5_realw_full_seasonalonly,seasonal,0.32399322747115633,1
Finland_Traffic_15T,030,tfclean_gp_rbf_timesfm2p5_realw_full_seasonalonly,freq,0.23872373947428674,1
Finland_Traffic_15T,030,tfclean_gp_rbf_timesfm2p5_realw_full_trendonly,trend,0.1400441450082555,1
Finland_Traffic_15T,030,tfclean_gp_rbf_timesfm2p5_realw_full_trendonly,seasonal,0.37970238865570693,1
Finland_Traffic_15T,030,tfclean_gp_rbf_timesfm2p5_realw_full_trendonly,freq,0.2322401020004527,1
Finland_Traffic_15T,030,tfclean_gp_rbf_timesfm2p5_realw_resid,trend,0.14072055376099502,1
Finland_Traffic_15T,030,tfclean_gp_rbf_timesfm2p5_realw_resid,seasonal,0.3799516292173169,1
Finland_Traffic_15T,030,tfclean_gp_rbf_timesfm2p5_realw_resid,freq,0.23196762570168092,1
Finland_Traffic_15T,030,tfclean_gp_rbf_timesfm2p5_realw_resid_freqonly,trend,0.13727688420354545,1
Finland_Traffic_15T,030,tfclean_gp_rbf_timesfm2p5_realw_resid_freqonly,seasonal,0.3699296455935945,1
Finland_Traffic_15T,030,tfclean_gp_rbf_timesfm2p5_realw_resid_freqonly,freq,0.1991030356906971,1
Finland_Traffic_15T,030,tfclean_gp_rbf_timesfm2p5_realw_resid_seasonalonly,trend,0.12408361738993447,1
Finland_Traffic_15T,030,tfclean_gp_rbf_timesfm2p5_realw_resid_seasonalonly,seasonal,0.32399322747115633,1
Finland_Traffic_15T,030,tfclean_gp_rbf_timesfm2p5_realw_resid_seasonalonly,freq,0.23872373947428674,1
Finland_Traffic_15T,030,tfclean_gp_rbf_timesfm2p5_realw_resid_trendonly,trend,0.1400441450082555,1
Finland_Traffic_15T,030,tfclean_gp_rbf_timesfm2p5_realw_resid_trendonly,seasonal,0.37970238865570693,1
Finland_Traffic_15T,030,tfclean_gp_rbf_timesfm2p5_realw_resid_trendonly,freq,0.2322401020004527,1
Finland_Traffic_15T,030,tfclean_linear_chronos2_realw_full,trend,0.09611102164306977,1
Finland_Traffic_15T,030,tfclean_linear_chronos2_realw_full,seasonal,0.27499043419641644,1
Finland_Traffic_15T,030,tfclean_linear_chronos2_realw_full,freq,0.18862896990545266,1
Finland_Traffic_15T,030,tfclean_linear_chronos2_realw_full_freqonly,trend,0.12293210707982503,1
Finland_Traffic_15T,030,tfclean_linear_chronos2_realw_full_freqonly,seasonal,0.35265739023593223,1
Finland_Traffic_15T,030,tfclean_linear_chronos2_realw_full_freqonly,freq,0.20569635127245153,1
Finland_Traffic_15T,030,tfclean_linear_chronos2_realw_full_seasonalonly,trend,0.09498144821943626,1
Finland_Traffic_15T,030,tfclean_linear_chronos2_realw_full_seasonalonly,seasonal,0.26347418002792256,1
Finland_Traffic_15T,030,tfclean_linear_chronos2_realw_full_seasonalonly,freq,0.19257644276000105,1
Finland_Traffic_15T,030,tfclean_linear_chronos2_realw_full_trendonly,trend,0.09526625678244907,1
Finland_Traffic_15T,030,tfclean_linear_chronos2_realw_full_trendonly,seasonal,0.2787652274309186,1
Finland_Traffic_15T,030,tfclean_linear_chronos2_realw_full_trendonly,freq,0.1900910767803019,1
Finland_Traffic_15T,030,tfclean_linear_chronos2_realw_resid,trend,0.10517163564591887,1
Finland_Traffic_15T,030,tfclean_linear_chronos2_realw_resid,seasonal,0.2719935063610081,1
Finland_Traffic_15T,030,tfclean_linear_chronos2_realw_resid,freq,0.19313709541427124,1
Finland_Traffic_15T,030,tfclean_linear_chronos2_realw_resid_freqonly,trend,0.10139568788715121,1
Finland_Traffic_15T,030,tfclean_linear_chronos2_realw_resid_freqonly,seasonal,0.25922577830009724,1
Finland_Traffic_15T,030,tfclean_linear_chronos2_realw_resid_freqonly,freq,0.1942476075292718,1
Finland_Traffic_15T,030,tfclean_linear_chronos2_realw_resid_seasonalonly,trend,0.09498144821943626,1
Finland_Traffic_15T,030,tfclean_linear_chronos2_realw_resid_seasonalonly,seasonal,0.26347418002792256,1
Finland_Traffic_15T,030,tfclean_linear_chronos2_realw_resid_seasonalonly,freq,0.19257644276000105,1
Finland_Traffic_15T,030,tfclean_linear_chronos2_realw_resid_trendonly,trend,0.09526625678244907,1
Finland_Traffic_15T,030,tfclean_linear_chronos2_realw_resid_trendonly,seasonal,0.2787652274309186,1
Finland_Traffic_15T,030,tfclean_linear_chronos2_realw_resid_trendonly,freq,0.1900910767803019,1
Finland_Traffic_15T,030,tfclean_linear_kairos50m_realw_full,trend,0.09614485367174064,1
Finland_Traffic_15T,030,tfclean_linear_kairos50m_realw_full,seasonal,0.27992728108236253,1
Finland_Traffic_15T,030,tfclean_linear_kairos50m_realw_full,freq,0.18875997702836972,1
Finland_Traffic_15T,030,tfclean_linear_kairos50m_realw_full_freqonly,trend,0.12293210707982503,1
Finland_Traffic_15T,030,tfclean_linear_kairos50m_realw_full_freqonly,seasonal,0.35265739023593223,1
Finland_Traffic_15T,030,tfclean_linear_kairos50m_realw_full_freqonly,freq,0.20569635127245153,1
Finland_Traffic_15T,030,tfclean_linear_kairos50m_realw_full_seasonalonly,trend,0.09498144821943626,1
Finland_Traffic_15T,030,tfclean_linear_kairos50m_realw_full_seasonalonly,seasonal,0.26347418002792256,1
Finland_Traffic_15T,030,tfclean_linear_kairos50m_realw_full_seasonalonly,freq,0.19257644276000105,1
Finland_Traffic_15T,030,tfclean_linear_kairos50m_realw_full_trendonly,trend,0.09526625678244907,1
Finland_Traffic_15T,030,tfclean_linear_kairos50m_realw_full_trendonly,seasonal,0.2787652274309186,1
Finland_Traffic_15T,030,tfclean_linear_kairos50m_realw_full_trendonly,freq,0.1900910767803019,1
Finland_Traffic_15T,030,tfclean_linear_kairos50m_realw_resid,trend,0.09614485367174064,1
Finland_Traffic_15T,030,tfclean_linear_kairos50m_realw_resid,seasonal,0.27992728108236253,1
Finland_Traffic_15T,030,tfclean_linear_kairos50m_realw_resid,freq,0.18875997702836972,1
Finland_Traffic_15T,030,tfclean_linear_kairos50m_realw_resid_freqonly,trend,0.10139568788715121,1
Finland_Traffic_15T,030,tfclean_linear_kairos50m_realw_resid_freqonly,seasonal,0.25922577830009724,1
Finland_Traffic_15T,030,tfclean_linear_kairos50m_realw_resid_freqonly,freq,0.1942476075292718,1
Finland_Traffic_15T,030,tfclean_linear_kairos50m_realw_resid_seasonalonly,trend,0.09498144821943626,1
Finland_Traffic_15T,030,tfclean_linear_kairos50m_realw_resid_seasonalonly,seasonal,0.26347418002792256,1
Finland_Traffic_15T,030,tfclean_linear_kairos50m_realw_resid_seasonalonly,freq,0.19257644276000105,1
Finland_Traffic_15T,030,tfclean_linear_kairos50m_realw_resid_trendonly,trend,0.09526625678244907,1
Finland_Traffic_15T,030,tfclean_linear_kairos50m_realw_resid_trendonly,seasonal,0.2787652274309186,1
Finland_Traffic_15T,030,tfclean_linear_kairos50m_realw_resid_trendonly,freq,0.1900910767803019,1
Finland_Traffic_15T,030,tfclean_linear_timesfm2p5_realw_full,trend,0.09568174565546525,1
Finland_Traffic_15T,030,tfclean_linear_timesfm2p5_realw_full,seasonal,0.2781956647790751,1
Finland_Traffic_15T,030,tfclean_linear_timesfm2p5_realw_full,freq,0.1886290165313975,1
Finland_Traffic_15T,030,tfclean_linear_timesfm2p5_realw_full_freqonly,trend,0.12293210707982503,1
Finland_Traffic_15T,030,tfclean_linear_timesfm2p5_realw_full_freqonly,seasonal,0.35265739023593223,1
Finland_Traffic_15T,030,tfclean_linear_timesfm2p5_realw_full_freqonly,freq,0.20569635127245153,1
Finland_Traffic_15T,030,tfclean_linear_timesfm2p5_realw_full_seasonalonly,trend,0.09498144821943626,1
Finland_Traffic_15T,030,tfclean_linear_timesfm2p5_realw_full_seasonalonly,seasonal,0.26347418002792256,1
Finland_Traffic_15T,030,tfclean_linear_timesfm2p5_realw_full_seasonalonly,freq,0.19257644276000105,1
Finland_Traffic_15T,030,tfclean_linear_timesfm2p5_realw_full_trendonly,trend,0.09526625678244907,1
Finland_Traffic_15T,030,tfclean_linear_timesfm2p5_realw_full_trendonly,seasonal,0.2787652274309186,1
Finland_Traffic_15T,030,tfclean_linear_timesfm2p5_realw_full_trendonly,freq,0.1900910767803019,1
Finland_Traffic_15T,030,tfclean_linear_timesfm2p5_realw_resid,trend,0.09587275331027897,1
Finland_Traffic_15T,030,tfclean_linear_timesfm2p5_realw_resid,seasonal,0.27940518339253445,1
Finland_Traffic_15T,030,tfclean_linear_timesfm2p5_realw_resid,freq,0.18891474012265339,1
Finland_Traffic_15T,030,tfclean_linear_timesfm2p5_realw_resid_freqonly,trend,0.10139568788715121,1
Finland_Traffic_15T,030,tfclean_linear_timesfm2p5_realw_resid_freqonly,seasonal,0.25922577830009724,1
Finland_Traffic_15T,030,tfclean_linear_timesfm2p5_realw_resid_freqonly,freq,0.1942476075292718,1
Finland_Traffic_15T,030,tfclean_linear_timesfm2p5_realw_resid_seasonalonly,trend,0.09498144821943626,1
Finland_Traffic_15T,030,tfclean_linear_timesfm2p5_realw_resid_seasonalonly,seasonal,0.26347418002792256,1
Finland_Traffic_15T,030,tfclean_linear_timesfm2p5_realw_resid_seasonalonly,freq,0.19257644276000105,1
Finland_Traffic_15T,030,tfclean_linear_timesfm2p5_realw_resid_trendonly,trend,0.09526625678244907,1
Finland_Traffic_15T,030,tfclean_linear_timesfm2p5_realw_resid_trendonly,seasonal,0.2787652274309186,1
Finland_Traffic_15T,030,tfclean_linear_timesfm2p5_realw_resid_trendonly,freq,0.1900910767803019,1
Finland_Traffic_15T,030,tfclean_saits_chronos2_realw_full,trend,0.08355487222422803,1
Finland_Traffic_15T,030,tfclean_saits_chronos2_realw_full,seasonal,0.23927678071306474,1
Finland_Traffic_15T,030,tfclean_saits_chronos2_realw_full,freq,0.1951301383744611,1
Finland_Traffic_15T,030,tfclean_saits_chronos2_realw_full_freqonly,trend,0.12181327221962526,1
Finland_Traffic_15T,030,tfclean_saits_chronos2_realw_full_freqonly,seasonal,0.3488778470066901,1
Finland_Traffic_15T,030,tfclean_saits_chronos2_realw_full_freqonly,freq,0.20595083661513833,1
Finland_Traffic_15T,030,tfclean_saits_chronos2_realw_full_seasonalonly,trend,0.08180052539207722,1
Finland_Traffic_15T,030,tfclean_saits_chronos2_realw_full_seasonalonly,seasonal,0.23601753037698767,1
Finland_Traffic_15T,030,tfclean_saits_chronos2_realw_full_seasonalonly,freq,0.1955843014196036,1
Finland_Traffic_15T,030,tfclean_saits_chronos2_realw_full_trendonly,trend,0.08495585102621568,1
Finland_Traffic_15T,030,tfclean_saits_chronos2_realw_full_trendonly,seasonal,0.24224827732722304,1
Finland_Traffic_15T,030,tfclean_saits_chronos2_realw_full_trendonly,freq,0.19206434864690683,1
Finland_Traffic_15T,030,tfclean_saits_chronos2_realw_resid,trend,0.09591639405189199,1
Finland_Traffic_15T,030,tfclean_saits_chronos2_realw_resid,seasonal,0.23908223430322836,1
Finland_Traffic_15T,030,tfclean_saits_chronos2_realw_resid,freq,0.17548795192446437,1
Finland_Traffic_15T,030,tfclean_saits_chronos2_realw_resid_freqonly,trend,0.0924008299862011,1
Finland_Traffic_15T,030,tfclean_saits_chronos2_realw_resid_freqonly,seasonal,0.22891344450809584,1
Finland_Traffic_15T,030,tfclean_saits_chronos2_realw_resid_freqonly,freq,0.18065896489503744,1
Finland_Traffic_15T,030,tfclean_saits_chronos2_realw_resid_seasonalonly,trend,0.08180052539207722,1
Finland_Traffic_15T,030,tfclean_saits_chronos2_realw_resid_seasonalonly,seasonal,0.23601753037698767,1
Finland_Traffic_15T,030,tfclean_saits_chronos2_realw_resid_seasonalonly,freq,0.1955843014196036,1
Finland_Traffic_15T,030,tfclean_saits_chronos2_realw_resid_trendonly,trend,0.08495585102621568,1
Finland_Traffic_15T,030,tfclean_saits_chronos2_realw_resid_trendonly,seasonal,0.24224827732722304,1
Finland_Traffic_15T,030,tfclean_saits_chronos2_realw_resid_trendonly,freq,0.19206434864690683,1
Finland_Traffic_15T,030,tfclean_saits_kairos50m_realw_full,trend,0.08458309193405952,1
Finland_Traffic_15T,030,tfclean_saits_kairos50m_realw_full,seasonal,0.24174128709396883,1
Finland_Traffic_15T,030,tfclean_saits_kairos50m_realw_full,freq,0.1952363238180449,1
Finland_Traffic_15T,030,tfclean_saits_kairos50m_realw_full_freqonly,trend,0.12181327221962526,1
Finland_Traffic_15T,030,tfclean_saits_kairos50m_realw_full_freqonly,seasonal,0.3488778470066901,1
Finland_Traffic_15T,030,tfclean_saits_kairos50m_realw_full_freqonly,freq,0.20595083661513833,1
Finland_Traffic_15T,030,tfclean_saits_kairos50m_realw_full_seasonalonly,trend,0.08180052539207722,1
Finland_Traffic_15T,030,tfclean_saits_kairos50m_realw_full_seasonalonly,seasonal,0.23601753037698767,1
Finland_Traffic_15T,030,tfclean_saits_kairos50m_realw_full_seasonalonly,freq,0.1955843014196036,1
Finland_Traffic_15T,030,tfclean_saits_kairos50m_realw_full_trendonly,trend,0.08495585102621568,1
Finland_Traffic_15T,030,tfclean_saits_kairos50m_realw_full_trendonly,seasonal,0.24224827732722304,1
Finland_Traffic_15T,030,tfclean_saits_kairos50m_realw_full_trendonly,freq,0.19206434864690683,1
Finland_Traffic_15T,030,tfclean_saits_kairos50m_realw_resid,trend,0.08458309193405952,1
Finland_Traffic_15T,030,tfclean_saits_kairos50m_realw_resid,seasonal,0.24174128709396883,1
Finland_Traffic_15T,030,tfclean_saits_kairos50m_realw_resid,freq,0.1952363238180449,1
Finland_Traffic_15T,030,tfclean_saits_kairos50m_realw_resid_freqonly,trend,0.0924008299862011,1
Finland_Traffic_15T,030,tfclean_saits_kairos50m_realw_resid_freqonly,seasonal,0.22891344450809584,1
Finland_Traffic_15T,030,tfclean_saits_kairos50m_realw_resid_freqonly,freq,0.18065896489503744,1
Finland_Traffic_15T,030,tfclean_saits_kairos50m_realw_resid_seasonalonly,trend,0.08180052539207722,1
Finland_Traffic_15T,030,tfclean_saits_kairos50m_realw_resid_seasonalonly,seasonal,0.23601753037698767,1
Finland_Traffic_15T,030,tfclean_saits_kairos50m_realw_resid_seasonalonly,freq,0.1955843014196036,1
Finland_Traffic_15T,030,tfclean_saits_kairos50m_realw_resid_trendonly,trend,0.08495585102621568,1
Finland_Traffic_15T,030,tfclean_saits_kairos50m_realw_resid_trendonly,seasonal,0.24224827732722304,1
Finland_Traffic_15T,030,tfclean_saits_kairos50m_realw_resid_trendonly,freq,0.19206434864690683,1
Finland_Traffic_15T,030,tfclean_saits_timesfm2p5_realw_full,trend,0.08464451068707704,1
Finland_Traffic_15T,030,tfclean_saits_timesfm2p5_realw_full,seasonal,0.24216002365016456,1
Finland_Traffic_15T,030,tfclean_saits_timesfm2p5_realw_full,freq,0.19360530008771334,1
Finland_Traffic_15T,030,tfclean_saits_timesfm2p5_realw_full_freqonly,trend,0.12181327221962526,1
Finland_Traffic_15T,030,tfclean_saits_timesfm2p5_realw_full_freqonly,seasonal,0.3488778470066901,1
Finland_Traffic_15T,030,tfclean_saits_timesfm2p5_realw_full_freqonly,freq,0.20595083661513833,1
Finland_Traffic_15T,030,tfclean_saits_timesfm2p5_realw_full_seasonalonly,trend,0.08180052539207722,1
Finland_Traffic_15T,030,tfclean_saits_timesfm2p5_realw_full_seasonalonly,seasonal,0.23601753037698767,1
Finland_Traffic_15T,030,tfclean_saits_timesfm2p5_realw_full_seasonalonly,freq,0.1955843014196036,1
Finland_Traffic_15T,030,tfclean_saits_timesfm2p5_realw_full_trendonly,trend,0.08495585102621568,1
Finland_Traffic_15T,030,tfclean_saits_timesfm2p5_realw_full_trendonly,seasonal,0.24224827732722304,1
Finland_Traffic_15T,030,tfclean_saits_timesfm2p5_realw_full_trendonly,freq,0.19206434864690683,1
Finland_Traffic_15T,030,tfclean_saits_timesfm2p5_realw_resid,trend,0.08469933270217071,1
Finland_Traffic_15T,030,tfclean_saits_timesfm2p5_realw_resid,seasonal,0.24180021616825725,1
Finland_Traffic_15T,030,tfclean_saits_timesfm2p5_realw_resid,freq,0.19440032435132742,1
Finland_Traffic_15T,030,tfclean_saits_timesfm2p5_realw_resid_freqonly,trend,0.0924008299862011,1
Finland_Traffic_15T,030,tfclean_saits_timesfm2p5_realw_resid_freqonly,seasonal,0.22891344450809584,1
Finland_Traffic_15T,030,tfclean_saits_timesfm2p5_realw_resid_freqonly,freq,0.18065896489503744,1
Finland_Traffic_15T,030,tfclean_saits_timesfm2p5_realw_resid_seasonalonly,trend,0.08180052539207722,1
Finland_Traffic_15T,030,tfclean_saits_timesfm2p5_realw_resid_seasonalonly,seasonal,0.23601753037698767,1
Finland_Traffic_15T,030,tfclean_saits_timesfm2p5_realw_resid_seasonalonly,freq,0.1955843014196036,1
Finland_Traffic_15T,030,tfclean_saits_timesfm2p5_realw_resid_trendonly,trend,0.08495585102621568,1
Finland_Traffic_15T,030,tfclean_saits_timesfm2p5_realw_resid_trendonly,seasonal,0.24224827732722304,1
Finland_Traffic_15T,030,tfclean_saits_timesfm2p5_realw_resid_trendonly,freq,0.19206434864690683,1
